index_date,airline_id,airline_name,index_value,percentage_change
2023-01-16,1,SpiceJet,103.48,
2023-01-17,1,SpiceJet,93.56,-9.59
2023-01-18,1,SpiceJet,92.84,-0.77
2023-01-19,1,SpiceJet,94.37,1.65
2023-01-20,1,SpiceJet,110.51,17.1
2023-01-21,1,SpiceJet,109.85,-0.59
2023-01-22,1,SpiceJet,100.0,-8.97
2023-01-23,1,SpiceJet,81.13,-18.87
2023-01-24,1,SpiceJet,84.5,4.15
2023-01-25,1,SpiceJet,103.09,21.99
2023-01-26,1,SpiceJet,97.62,-5.3
2023-01-27,1,SpiceJet,85.45,-12.47
2023-01-28,1,SpiceJet,109.68,28.35
2023-01-29,1,SpiceJet,110.8,1.03
2023-01-30,1,SpiceJet,92.02,-16.95
2023-01-31,1,SpiceJet,80.29,-12.74
2023-02-01,1,SpiceJet,85.54,6.54
2023-02-02,1,SpiceJet,87.86,2.71
2023-02-03,1,SpiceJet,92.9,5.74
2023-02-04,1,SpiceJet,90.54,-2.54
2023-02-05,1,SpiceJet,91.28,0.81
2023-02-06,1,SpiceJet,80.01,-12.35
2023-02-07,1,SpiceJet,89.22,11.51
2023-02-08,1,SpiceJet,80.23,-10.08
2023-02-09,1,SpiceJet,85.55,6.63
2023-02-10,1,SpiceJet,85.13,-0.49
2023-02-11,1,SpiceJet,85.01,-0.14
2023-02-12,1,SpiceJet,85.54,0.62
2023-02-13,1,SpiceJet,80.01,-6.47
2023-02-14,1,SpiceJet,78.92,-1.36
2023-02-15,1,SpiceJet,78.61,-0.39
2023-02-16,1,SpiceJet,79.23,0.79
2023-02-17,1,SpiceJet,80.23,1.26
2023-02-18,1,SpiceJet,83.06,3.53
2023-02-19,1,SpiceJet,80.75,-2.78
2023-02-20,1,SpiceJet,79.23,-1.88
2023-02-21,1,SpiceJet,80.27,1.31
2023-02-22,1,SpiceJet,78.41,-2.32
2023-02-23,1,SpiceJet,79.23,1.05
2023-02-24,1,SpiceJet,79.23,0.0
2023-02-25,1,SpiceJet,79.98,0.94
2023-02-26,1,SpiceJet,79.23,-0.93
2023-02-27,1,SpiceJet,75.87,-4.24
2023-02-28,1,SpiceJet,78.38,3.31
2023-03-01,1,SpiceJet,78.59,0.26
2023-03-02,1,SpiceJet,79.9,1.67
2023-03-03,1,SpiceJet,79.9,0.0
2023-03-04,1,SpiceJet,76.61,-4.12
2023-03-05,1,SpiceJet,81.76,6.73
2023-03-06,1,SpiceJet,79.98,-2.17
2023-01-16,2,Indigo,100.59,
2023-01-17,2,Indigo,99.68,-0.91
2023-01-18,2,Indigo,100.0,0.32
2023-01-19,2,Indigo,93.49,-6.51
2023-01-20,2,Indigo,101.98,9.08
2023-01-21,2,Indigo,96.93,-4.96
2023-01-22,2,Indigo,105.2,8.53
2023-01-23,2,Indigo,85.11,-19.09
2023-01-24,2,Indigo,79.71,-6.35
2023-01-25,2,Indigo,99.52,24.86
2023-01-26,2,Indigo,92.03,-7.53
2023-01-27,2,Indigo,82.22,-10.66
2023-01-28,2,Indigo,87.54,6.48
2023-01-29,2,Indigo,107.54,22.84
2023-01-30,2,Indigo,81.01,-24.67
2023-01-31,2,Indigo,64.21,-20.73
2023-02-01,2,Indigo,71.99,12.11
2023-02-02,2,Indigo,65.62,-8.85
2023-02-03,2,Indigo,70.97,8.14
2023-02-04,2,Indigo,69.86,-1.56
2023-02-05,2,Indigo,73.83,5.68
2023-02-06,2,Indigo,65.59,-11.16
2023-02-07,2,Indigo,64.13,-2.23
2023-02-08,2,Indigo,69.86,8.93
2023-02-09,2,Indigo,68.43,-2.06
2023-02-10,2,Indigo,73.55,7.5
2023-02-11,2,Indigo,71.82,-2.35
2023-02-12,2,Indigo,72.53,0.98
2023-02-13,2,Indigo,65.82,-9.25
2023-02-14,2,Indigo,63.57,-3.41
2023-02-15,2,Indigo,64.35,1.23
2023-02-16,2,Indigo,66.04,2.63
2023-02-17,2,Indigo,68.43,3.61
2023-02-18,2,Indigo,68.93,0.74
2023-02-19,2,Indigo,68.93,0.0
2023-02-20,2,Indigo,64.22,-6.83
2023-02-21,2,Indigo,62.16,-3.21
2023-02-22,2,Indigo,64.25,3.36
2023-02-23,2,Indigo,65.22,1.51
2023-02-24,2,Indigo,64.81,-0.63
2023-02-25,2,Indigo,63.91,-1.39
2023-02-26,2,Indigo,63.57,-0.54
2023-02-27,2,Indigo,62.46,-1.75
2023-02-28,2,Indigo,62.2,-0.41
2023-03-01,2,Indigo,68.12,9.52
2023-03-02,2,Indigo,63.57,-6.68
2023-03-03,2,Indigo,75.1,18.13
2023-03-04,2,Indigo,73.78,-1.76
2023-03-05,2,Indigo,73.83,0.07
2023-03-06,2,Indigo,75.09,1.71
2023-01-16,3,GO FIRST,100.0,
2023-01-17,3,GO FIRST,86.97,-13.03
2023-01-18,3,GO FIRST,86.97,0.0
2023-01-19,3,GO FIRST,86.71,-0.3
2023-01-20,3,GO FIRST,102.07,17.71
2023-01-21,3,GO FIRST,105.89,3.74
2023-01-22,3,GO FIRST,112.54,6.27
2023-01-23,3,GO FIRST,83.46,-25.83
2023-01-24,3,GO FIRST,86.61,3.77
2023-01-25,3,GO FIRST,115.29,33.11
2023-01-26,3,GO FIRST,88.53,-23.21
2023-01-27,3,GO FIRST,86.61,-2.17
2023-01-28,3,GO FIRST,94.09,8.64
2023-01-29,3,GO FIRST,131.88,40.16
2023-01-30,3,GO FIRST,85.4,-35.25
2023-01-31,3,GO FIRST,78.1,-8.54
2023-02-01,3,GO FIRST,78.18,0.1
2023-02-02,3,GO FIRST,76.63,-1.98
2023-02-03,3,GO FIRST,79.93,4.31
2023-02-04,3,GO FIRST,84.91,6.23
2023-02-05,3,GO FIRST,84.91,0.0
2023-02-06,3,GO FIRST,76.63,-9.76
2023-02-07,3,GO FIRST,76.87,0.32
2023-02-08,3,GO FIRST,76.67,-0.26
2023-02-09,3,GO FIRST,76.67,0.0
2023-02-10,3,GO FIRST,78.86,2.86
2023-02-11,3,GO FIRST,76.67,-2.78
2023-02-12,3,GO FIRST,79.93,4.25
2023-02-13,3,GO FIRST,78.77,-1.45
2023-02-14,3,GO FIRST,73.86,-6.24
2023-02-15,3,GO FIRST,76.67,3.81
2023-02-16,3,GO FIRST,76.67,0.0
2023-02-17,3,GO FIRST,79.93,4.25
2023-02-18,3,GO FIRST,78.18,-2.19
2023-02-19,3,GO FIRST,85.17,8.94
2023-02-20,3,GO FIRST,78.18,-8.21
2023-02-21,3,GO FIRST,76.63,-1.98
2023-02-22,3,GO FIRST,78.18,2.02
2023-02-23,3,GO FIRST,76.63,-1.98
2023-02-24,3,GO FIRST,75.1,-2.0
2023-02-25,3,GO FIRST,79.93,6.44
2023-02-26,3,GO FIRST,76.63,-4.14
2023-02-27,3,GO FIRST,73.7,-3.81
2023-02-28,3,GO FIRST,73.7,0.0
2023-03-01,3,GO FIRST,76.63,3.97
2023-03-02,3,GO FIRST,76.63,0.0
2023-03-03,3,GO FIRST,79.93,4.31
2023-03-04,3,GO FIRST,79.93,0.0
2023-03-05,3,GO FIRST,79.93,0.0
2023-03-06,3,GO FIRST,79.82,-0.14
2023-01-16,4,Air India,100.04,
2023-01-17,4,Air India,93.18,-6.86
2023-01-18,4,Air India,93.93,0.81
2023-01-19,4,Air India,93.21,-0.76
2023-01-20,4,Air India,105.57,13.25
2023-01-21,4,Air India,102.37,-3.03
2023-01-22,4,Air India,100.0,-2.31
2023-01-23,4,Air India,92.85,-7.15
2023-01-24,4,Air India,90.61,-2.41
2023-01-25,4,Air India,102.37,12.98
2023-01-26,4,Air India,92.79,-9.36
2023-01-27,4,Air India,90.05,-2.94
2023-01-28,4,Air India,96.61,7.28
2023-01-29,4,Air India,103.03,6.65
2023-01-30,4,Air India,81.83,-20.58
2023-01-31,4,Air India,77.81,-4.92
2023-02-01,4,Air India,81.1,4.23
2023-02-02,4,Air India,78.96,-2.64
2023-02-03,4,Air India,83.71,6.01
2023-02-04,4,Air India,87.09,4.05
2023-02-05,4,Air India,86.1,-1.14
2023-02-06,4,Air India,80.81,-6.14
2023-02-07,4,Air India,80.81,0.0
2023-02-08,4,Air India,80.81,0.0
2023-02-09,4,Air India,81.2,0.48
2023-02-10,4,Air India,81.2,0.0
2023-02-11,4,Air India,84.85,4.49
2023-02-12,4,Air India,81.36,-4.11
2023-02-13,4,Air India,77.57,-4.66
2023-02-14,4,Air India,75.44,-2.74
2023-02-15,4,Air India,75.44,0.0
2023-02-16,4,Air India,78.61,4.2
2023-02-17,4,Air India,77.61,-1.26
2023-02-18,4,Air India,81.76,5.34
2023-02-19,4,Air India,81.2,-0.68
2023-02-20,4,Air India,78.54,-3.28
2023-02-21,4,Air India,75.44,-3.95
2023-02-22,4,Air India,75.44,0.0
2023-02-23,4,Air India,77.61,2.88
2023-02-24,4,Air India,72.4,-6.72
2023-02-25,4,Air India,77.61,7.2
2023-02-26,4,Air India,77.61,0.0
2023-02-27,4,Air India,73.2,-5.68
2023-02-28,4,Air India,72.4,-1.1
2023-03-01,4,Air India,78.23,8.05
2023-03-02,4,Air India,79.44,1.55
2023-03-03,4,Air India,81.2,2.22
2023-03-04,4,Air India,81.2,0.0
2023-03-05,4,Air India,79.44,-2.17
2023-03-06,4,Air India,81.2,2.22
2023-01-16,5,AirAsia,100.0,
2023-01-17,5,AirAsia,95.03,-4.97
2023-01-18,5,AirAsia,95.45,0.44
2023-01-19,5,AirAsia,95.03,-0.44
2023-01-20,5,AirAsia,112.1,17.95
2023-01-21,5,AirAsia,111.25,-0.75
2023-01-22,5,AirAsia,109.32,-1.74
2023-01-23,5,AirAsia,91.1,-16.66
2023-01-24,5,AirAsia,96.28,5.69
2023-01-25,5,AirAsia,116.91,21.43
2023-01-26,5,AirAsia,100.9,-13.69
2023-01-27,5,AirAsia,91.01,-9.81
2023-01-28,5,AirAsia,100.02,9.9
2023-01-29,5,AirAsia,129.31,29.29
2023-01-30,5,AirAsia,86.45,-33.15
2023-01-31,5,AirAsia,80.44,-6.95
2023-02-01,5,AirAsia,82.56,2.63
2023-02-02,5,AirAsia,82.56,0.0
2023-02-03,5,AirAsia,83.1,0.66
2023-02-04,5,AirAsia,82.69,-0.5
2023-02-05,5,AirAsia,85.41,3.3
2023-02-06,5,AirAsia,78.91,-7.62
2023-02-07,5,AirAsia,77.32,-2.01
2023-02-08,5,AirAsia,80.44,4.03
2023-02-09,5,AirAsia,80.44,0.0
2023-02-10,5,AirAsia,83.33,3.6
2023-02-11,5,AirAsia,82.25,-1.3
2023-02-12,5,AirAsia,84.5,2.74
2023-02-13,5,AirAsia,80.44,-4.81
2023-02-14,5,AirAsia,78.91,-1.9
2023-02-15,5,AirAsia,80.44,1.94
2023-02-16,5,AirAsia,82.69,2.79
2023-02-17,5,AirAsia,80.44,-2.72
2023-02-18,5,AirAsia,82.69,2.79
2023-02-19,5,AirAsia,82.78,0.11
2023-02-20,5,AirAsia,80.72,-2.48
2023-02-21,5,AirAsia,77.32,-4.21
2023-02-22,5,AirAsia,81.95,5.98
2023-02-23,5,AirAsia,80.37,-1.92
2023-02-24,5,AirAsia,80.37,0.0
2023-02-25,5,AirAsia,81.4,1.28
2023-02-26,5,AirAsia,81.4,0.0
2023-02-27,5,AirAsia,77.32,-5.01
2023-02-28,5,AirAsia,80.37,3.95
2023-03-01,5,AirAsia,81.69,1.63
2023-03-02,5,AirAsia,80.44,-1.53
2023-03-03,5,AirAsia,84.5,5.05
2023-03-04,5,AirAsia,82.78,-2.04
2023-03-05,5,AirAsia,85.46,3.25
2023-03-06,5,AirAsia,82.78,-3.14
2023-01-16,6,Vistara,113.72,
2023-01-17,6,Vistara,102.81,-9.59
2023-01-18,6,Vistara,98.28,-4.41
2023-01-19,6,Vistara,93.46,-4.9
2023-01-20,6,Vistara,105.77,13.18
2023-01-21,6,Vistara,100.0,-5.46
2023-01-22,6,Vistara,93.91,-6.09
2023-01-23,6,Vistara,82.14,-12.53
2023-01-24,6,Vistara,80.66,-1.8
2023-01-25,6,Vistara,95.04,17.82
2023-01-26,6,Vistara,83.35,-12.29
2023-01-27,6,Vistara,81.53,-2.18
2023-01-28,6,Vistara,77.89,-4.47
2023-01-29,6,Vistara,92.24,18.42
2023-01-30,6,Vistara,79.81,-13.47
2023-01-31,6,Vistara,71.53,-10.37
2023-02-01,6,Vistara,69.53,-2.8
2023-02-02,6,Vistara,66.66,-4.13
2023-02-03,6,Vistara,73.69,10.56
2023-02-04,6,Vistara,72.0,-2.29
2023-02-05,6,Vistara,73.27,1.76
2023-02-06,6,Vistara,63.91,-12.77
2023-02-07,6,Vistara,65.01,1.72
2023-02-08,6,Vistara,65.26,0.38
2023-02-09,6,Vistara,64.1,-1.77
2023-02-10,6,Vistara,65.87,2.76
2023-02-11,6,Vistara,69.62,5.69
2023-02-12,6,Vistara,69.16,-0.66
2023-02-13,6,Vistara,63.28,-8.5
2023-02-14,6,Vistara,61.16,-3.36
2023-02-15,6,Vistara,62.26,1.81
2023-02-16,6,Vistara,63.63,2.2
2023-02-17,6,Vistara,63.8,0.26
2023-02-18,6,Vistara,65.84,3.2
2023-02-19,6,Vistara,69.25,5.17
2023-02-20,6,Vistara,61.28,-11.52
2023-02-21,6,Vistara,60.38,-1.47
2023-02-22,6,Vistara,61.04,1.09
2023-02-23,6,Vistara,58.57,-4.04
2023-02-24,6,Vistara,60.73,3.7
2023-02-25,6,Vistara,60.73,0.0
2023-02-26,6,Vistara,65.12,7.23
2023-02-27,6,Vistara,60.2,-7.55
2023-02-28,6,Vistara,57.7,-4.16
2023-03-01,6,Vistara,57.81,0.2
2023-03-02,6,Vistara,58.57,1.3
2023-03-03,6,Vistara,62.15,6.11
2023-03-04,6,Vistara,60.73,-2.27
2023-03-05,6,Vistara,64.11,5.55
2023-03-06,6,Vistara,57.7,-10.0
2023-01-16,7,AkasaAir,118.03,
2023-01-17,7,AkasaAir,93.55,-20.74
2023-01-18,7,AkasaAir,87.82,-6.13
2023-01-19,7,AkasaAir,97.34,10.84
2023-01-20,7,AkasaAir,100.0,2.73
2023-01-21,7,AkasaAir,123.88,23.88
2023-01-22,7,AkasaAir,105.28,-15.02
2023-01-23,7,AkasaAir,105.12,-0.15
2023-01-24,7,AkasaAir,91.79,-12.68
2023-01-25,7,AkasaAir,137.46,49.75
2023-01-26,7,AkasaAir,128.77,-6.32
2023-01-27,7,AkasaAir,100.25,-22.15
2023-01-28,7,AkasaAir,94.73,-5.5
2023-01-29,7,AkasaAir,154.54,63.13
2023-01-30,7,AkasaAir,117.07,-24.25
2023-01-31,7,AkasaAir,82.65,-29.4
2023-02-01,7,AkasaAir,81.61,-1.26
2023-02-02,7,AkasaAir,87.82,7.6
2023-02-03,7,AkasaAir,84.36,-3.93
2023-02-04,7,AkasaAir,86.38,2.39
2023-02-05,7,AkasaAir,83.75,-3.05
2023-02-06,7,AkasaAir,77.34,-7.65
2023-02-07,7,AkasaAir,77.17,-0.23
2023-02-08,7,AkasaAir,82.65,7.11
2023-02-09,7,AkasaAir,84.36,2.07
2023-02-10,7,AkasaAir,89.07,5.58
2023-02-11,7,AkasaAir,93.36,4.81
2023-02-12,7,AkasaAir,87.82,-5.94
2023-02-13,7,AkasaAir,78.63,-10.46
2023-02-14,7,AkasaAir,79.04,0.52
2023-02-15,7,AkasaAir,79.11,0.09
2023-02-16,7,AkasaAir,81.5,3.01
2023-02-17,7,AkasaAir,81.56,0.07
2023-02-18,7,AkasaAir,81.06,-0.61
2023-02-19,7,AkasaAir,84.36,4.08
2023-02-20,7,AkasaAir,74.24,-12.0
2023-02-21,7,AkasaAir,77.17,3.94
2023-02-22,7,AkasaAir,75.71,-1.9
2023-02-23,7,AkasaAir,81.56,7.73
2023-02-24,7,AkasaAir,81.25,-0.38
2023-02-25,7,AkasaAir,74.24,-8.62
2023-02-26,7,AkasaAir,84.44,13.73
2023-02-27,7,AkasaAir,73.19,-13.32
2023-02-28,7,AkasaAir,73.19,0.0
2023-03-01,7,AkasaAir,76.93,5.12
2023-03-02,7,AkasaAir,77.02,0.11
2023-03-03,7,AkasaAir,75.72,-1.69
2023-03-04,7,AkasaAir,77.34,2.14
2023-03-05,7,AkasaAir,78.13,1.02
2023-03-06,7,AkasaAir,75.71,-3.11
2023-01-16,8,AllianceAir,122.93,
2023-01-17,8,AllianceAir,110.85,-9.83
2023-01-18,8,AllianceAir,97.65,-11.9
2023-01-19,8,AllianceAir,101.7,4.14
2023-01-20,8,AllianceAir,91.68,-9.85
2023-01-21,8,AllianceAir,100.0,9.08
2023-01-22,8,AllianceAir,94.75,-5.25
2023-01-23,8,AllianceAir,83.76,-11.6
2023-01-24,8,AllianceAir,85.46,2.03
2023-01-25,8,AllianceAir,102.86,20.36
2023-01-26,8,AllianceAir,100.0,-2.78
2023-01-27,8,AllianceAir,87.23,-12.77
2023-01-28,8,AllianceAir,94.75,8.62
2023-01-29,8,AllianceAir,96.31,1.64
2023-01-30,8,AllianceAir,83.76,-13.03
2023-01-31,8,AllianceAir,85.46,2.03
2023-02-01,8,AllianceAir,83.76,-1.99
2023-02-02,8,AllianceAir,91.68,9.45
2023-02-03,8,AllianceAir,90.63,-1.14
2023-02-04,8,AllianceAir,91.68,1.16
2023-02-05,8,AllianceAir,90.63,-1.14
2023-02-06,8,AllianceAir,91.68,1.16
2023-02-07,8,AllianceAir,90.63,-1.14
2023-02-08,8,AllianceAir,91.68,1.16
2023-02-09,8,AllianceAir,85.94,-6.25
2023-02-10,8,AllianceAir,87.16,1.41
2023-02-11,8,AllianceAir,84.73,-2.78
2023-02-12,8,AllianceAir,91.68,8.2
2023-02-13,8,AllianceAir,94.75,3.35
2023-02-14,8,AllianceAir,91.68,-3.25
2023-02-15,8,AllianceAir,82.54,-9.97
2023-02-16,8,AllianceAir,80.84,-2.06
2023-02-17,8,AllianceAir,79.68,-1.43
2023-02-18,8,AllianceAir,79.68,0.0
2023-02-19,8,AllianceAir,79.68,0.0
2023-02-20,8,AllianceAir,79.68,0.0
2023-02-21,8,AllianceAir,79.68,0.0
2023-02-22,8,AllianceAir,77.98,-2.13
2023-02-23,8,AllianceAir,80.84,3.66
2023-02-24,8,AllianceAir,79.68,-1.43
2023-02-25,8,AllianceAir,80.84,1.45
2023-02-26,8,AllianceAir,77.98,-3.53
2023-02-27,8,AllianceAir,79.68,2.18
2023-02-28,8,AllianceAir,79.68,0.0
2023-03-01,8,AllianceAir,79.68,0.0
2023-03-02,8,AllianceAir,79.68,0.0
2023-03-03,8,AllianceAir,79.68,0.0
2023-03-04,8,AllianceAir,77.98,-2.13
2023-03-05,8,AllianceAir,77.98,0.0
2023-03-06,8,AllianceAir,79.68,2.18
2023-01-17,9,StarAir,85.87,
2023-01-18,9,StarAir,580.61,576.19
2023-01-19,9,StarAir,95.29,-83.59
2023-01-21,9,StarAir,104.71,9.89
2023-01-24,9,StarAir,104.71,0.0
2023-01-25,9,StarAir,472.25,351.0
2023-01-26,9,StarAir,104.71,-77.83
2023-01-28,9,StarAir,95.29,-9.0
2023-01-31,9,StarAir,239.34,151.17
2023-02-01,9,StarAir,244.92,2.33
2023-02-02,9,StarAir,110.44,-54.91
2023-02-04,9,StarAir,110.44,0.0
2023-02-07,9,StarAir,110.44,0.0
2023-02-08,9,StarAir,244.92,121.78
2023-02-09,9,StarAir,110.44,-54.91
2023-02-11,9,StarAir,237.4,114.96
2023-02-14,9,StarAir,110.44,-53.48
2023-02-15,9,StarAir,188.67,70.84
2023-02-16,9,StarAir,198.53,5.23
2023-02-18,9,StarAir,110.44,-44.37
2023-02-21,9,StarAir,110.44,0.0
2023-02-22,9,StarAir,188.67,70.84
2023-02-23,9,StarAir,165.74,-12.16
2023-02-25,9,StarAir,165.74,0.0
2023-02-28,9,StarAir,110.44,-33.37
2023-03-01,9,StarAir,188.67,70.84
2023-03-02,9,StarAir,110.44,-41.47
2023-03-04,9,StarAir,110.44,0.0
