index_date,dimension_type,dimension_value,contribution
2023-01-16,route,Delhi-Mumbai,119.9
2023-01-17,route,Delhi-Mumbai,100.0
2023-01-18,route,Delhi-Mumbai,97.17
2023-01-19,route,Delhi-Mumbai,97.12
2023-01-20,route,Delhi-Mumbai,80.3
2023-01-21,route,Delhi-Mumbai,102.9
2023-01-22,route,Delhi-Mumbai,102.44
2023-01-23,route,Delhi-Mumbai,88.77
2023-01-24,route,Delhi-Mumbai,84.11
2023-01-25,route,Delhi-Mumbai,104.8
2023-01-26,route,Delhi-Mumbai,94.27
2023-01-27,route,Delhi-Mumbai,83.26
2023-01-28,route,Delhi-Mumbai,97.49
2023-01-29,route,Delhi-Mumbai,123.88
2023-01-30,route,Delhi-Mumbai,80.0
2023-01-31,route,Delhi-Mumbai,75.25
2023-02-01,route,Delhi-Mumbai,77.44
2023-02-02,route,Delhi-Mumbai,77.0
2023-02-03,route,Delhi-Mumbai,79.72
2023-02-04,route,Delhi-Mumbai,82.77
2023-02-05,route,Delhi-Mumbai,84.25
2023-02-06,route,Delhi-Mumbai,74.6
2023-02-07,route,Delhi-Mumbai,74.7
2023-02-08,route,Delhi-Mumbai,74.7
2023-02-09,route,Delhi-Mumbai,77.0
2023-02-10,route,Delhi-Mumbai,79.86
2023-02-11,route,Delhi-Mumbai,80.73
2023-02-12,route,Delhi-Mumbai,87.2
2023-02-13,route,Delhi-Mumbai,73.82
2023-02-14,route,Delhi-Mumbai,77.65
2023-02-15,route,Delhi-Mumbai,77.37
2023-02-16,route,Delhi-Mumbai,74.7
2023-02-17,route,Delhi-Mumbai,80.0
2023-02-18,route,Delhi-Mumbai,75.91
2023-02-19,route,Delhi-Mumbai,81.41
2023-02-20,route,Delhi-Mumbai,74.26
2023-02-21,route,Delhi-Mumbai,74.65
2023-02-22,route,Delhi-Mumbai,74.65
2023-02-23,route,Delhi-Mumbai,64.01
2023-02-24,route,Delhi-Mumbai,74.7
2023-02-25,route,Delhi-Mumbai,74.7
2023-02-26,route,Delhi-Mumbai,77.0
2023-02-27,route,Delhi-Mumbai,66.82
2023-02-28,route,Delhi-Mumbai,71.97
2023-03-01,route,Delhi-Mumbai,74.65
2023-03-02,route,Delhi-Mumbai,71.98
2023-03-03,route,Delhi-Mumbai,74.7
2023-03-04,route,Delhi-Mumbai,74.7
2023-03-05,route,Delhi-Mumbai,75.68
2023-03-06,route,Delhi-Mumbai,74.7
2023-01-16,route,Delhi-Bangalore,116.11
2023-01-17,route,Delhi-Bangalore,100.0
2023-01-18,route,Delhi-Bangalore,94.7
2023-01-19,route,Delhi-Bangalore,96.07
2023-01-20,route,Delhi-Bangalore,105.79
2023-01-21,route,Delhi-Bangalore,99.81
2023-01-22,route,Delhi-Bangalore,117.65
2023-01-23,route,Delhi-Bangalore,90.77
2023-01-24,route,Delhi-Bangalore,91.46
2023-01-25,route,Delhi-Bangalore,102.57
2023-01-26,route,Delhi-Bangalore,99.88
2023-01-27,route,Delhi-Bangalore,91.99
2023-01-28,route,Delhi-Bangalore,98.54
2023-01-29,route,Delhi-Bangalore,129.01
2023-01-30,route,Delhi-Bangalore,84.3
2023-01-31,route,Delhi-Bangalore,83.22
2023-02-01,route,Delhi-Bangalore,83.22
2023-02-02,route,Delhi-Bangalore,80.96
2023-02-03,route,Delhi-Bangalore,84.22
2023-02-04,route,Delhi-Bangalore,85.9
2023-02-05,route,Delhi-Bangalore,80.62
2023-02-06,route,Delhi-Bangalore,80.96
2023-02-07,route,Delhi-Bangalore,80.62
2023-02-08,route,Delhi-Bangalore,83.22
2023-02-09,route,Delhi-Bangalore,80.62
2023-02-10,route,Delhi-Bangalore,85.9
2023-02-11,route,Delhi-Bangalore,83.22
2023-02-12,route,Delhi-Bangalore,88.6
2023-02-13,route,Delhi-Bangalore,80.62
2023-02-14,route,Delhi-Bangalore,77.84
2023-02-15,route,Delhi-Bangalore,80.96
2023-02-16,route,Delhi-Bangalore,77.42
2023-02-17,route,Delhi-Bangalore,78.56
2023-02-18,route,Delhi-Bangalore,79.92
2023-02-19,route,Delhi-Bangalore,81.74
2023-02-20,route,Delhi-Bangalore,80.27
2023-02-21,route,Delhi-Bangalore,73.55
2023-02-22,route,Delhi-Bangalore,78.74
2023-02-23,route,Delhi-Bangalore,77.56
2023-02-24,route,Delhi-Bangalore,77.56
2023-02-25,route,Delhi-Bangalore,77.56
2023-02-26,route,Delhi-Bangalore,79.4
2023-02-27,route,Delhi-Bangalore,77.42
2023-02-28,route,Delhi-Bangalore,77.56
2023-03-01,route,Delhi-Bangalore,80.96
2023-03-02,route,Delhi-Bangalore,78.38
2023-03-03,route,Delhi-Bangalore,80.96
2023-03-04,route,Delhi-Bangalore,80.96
2023-03-05,route,Delhi-Bangalore,84.3
2023-03-06,route,Delhi-Bangalore,80.96
2023-01-16,route,Delhi-Hyderabad,123.41
2023-01-17,route,Delhi-Hyderabad,104.37
2023-01-18,route,Delhi-Hyderabad,93.65
2023-01-19,route,Delhi-Hyderabad,93.72
2023-01-20,route,Delhi-Hyderabad,96.52
2023-01-21,route,Delhi-Hyderabad,100.0
2023-01-22,route,Delhi-Hyderabad,100.0
2023-01-23,route,Delhi-Hyderabad,94.86
2023-01-24,route,Delhi-Hyderabad,89.55
2023-01-25,route,Delhi-Hyderabad,94.33
2023-01-26,route,Delhi-Hyderabad,93.03
2023-01-27,route,Delhi-Hyderabad,90.87
2023-01-28,route,Delhi-Hyderabad,85.62
2023-01-29,route,Delhi-Hyderabad,99.57
2023-01-30,route,Delhi-Hyderabad,79.7
2023-01-31,route,Delhi-Hyderabad,73.85
2023-02-01,route,Delhi-Hyderabad,73.85
2023-02-02,route,Delhi-Hyderabad,73.85
2023-02-03,route,Delhi-Hyderabad,75.43
2023-02-04,route,Delhi-Hyderabad,78.65
2023-02-05,route,Delhi-Hyderabad,82.56
2023-02-06,route,Delhi-Hyderabad,74.9
2023-02-07,route,Delhi-Hyderabad,72.11
2023-02-08,route,Delhi-Hyderabad,73.85
2023-02-09,route,Delhi-Hyderabad,73.85
2023-02-10,route,Delhi-Hyderabad,73.85
2023-02-11,route,Delhi-Hyderabad,73.85
2023-02-12,route,Delhi-Hyderabad,78.21
2023-02-13,route,Delhi-Hyderabad,73.85
2023-02-14,route,Delhi-Hyderabad,73.85
2023-02-15,route,Delhi-Hyderabad,73.85
2023-02-16,route,Delhi-Hyderabad,73.85
2023-02-17,route,Delhi-Hyderabad,73.85
2023-02-18,route,Delhi-Hyderabad,73.85
2023-02-19,route,Delhi-Hyderabad,73.78
2023-02-20,route,Delhi-Hyderabad,73.85
2023-02-21,route,Delhi-Hyderabad,72.62
2023-02-22,route,Delhi-Hyderabad,73.85
2023-02-23,route,Delhi-Hyderabad,73.85
2023-02-24,route,Delhi-Hyderabad,72.32
2023-02-25,route,Delhi-Hyderabad,73.85
2023-02-26,route,Delhi-Hyderabad,73.85
2023-02-27,route,Delhi-Hyderabad,73.85
2023-03-01,route,Delhi-Hyderabad,73.85
2023-03-02,route,Delhi-Hyderabad,73.85
2023-03-03,route,Delhi-Hyderabad,78.21
2023-03-04,route,Delhi-Hyderabad,73.85
2023-03-05,route,Delhi-Hyderabad,81.7
2023-03-06,route,Delhi-Hyderabad,73.85
2023-01-16,route,Delhi-Kolkata,103.43
2023-01-17,route,Delhi-Kolkata,94.01
2023-01-18,route,Delhi-Kolkata,99.04
2023-01-19,route,Delhi-Kolkata,97.99
2023-01-20,route,Delhi-Kolkata,100.96
2023-01-22,route,Delhi-Kolkata,102.71
2023-01-23,route,Delhi-Kolkata,94.01
2023-01-24,route,Delhi-Kolkata,94.68
2023-01-25,route,Delhi-Kolkata,103.43
2023-01-26,route,Delhi-Kolkata,94.01
2023-01-27,route,Delhi-Kolkata,94.01
2023-01-28,route,Delhi-Kolkata,90.51
2023-01-30,route,Delhi-Kolkata,84.59
2023-01-31,route,Delhi-Kolkata,79.2
2023-02-04,route,Delhi-Kolkata,83.5
2023-02-05,route,Delhi-Kolkata,84.59
2023-02-06,route,Delhi-Kolkata,84.59
2023-02-07,route,Delhi-Kolkata,83.64
2023-02-08,route,Delhi-Kolkata,84.59
2023-02-09,route,Delhi-Kolkata,83.14
2023-02-10,route,Delhi-Kolkata,84.59
2023-02-11,route,Delhi-Kolkata,83.39
2023-02-12,route,Delhi-Kolkata,84.59
2023-02-13,route,Delhi-Kolkata,84.59
2023-02-14,route,Delhi-Kolkata,83.64
2023-02-15,route,Delhi-Kolkata,83.12
2023-02-16,route,Delhi-Kolkata,84.59
2023-02-17,route,Delhi-Kolkata,78.99
2023-02-18,route,Delhi-Kolkata,84.59
2023-02-19,route,Delhi-Kolkata,84.59
2023-02-20,route,Delhi-Kolkata,79.51
2023-02-21,route,Delhi-Kolkata,79.01
2023-02-22,route,Delhi-Kolkata,84.11
2023-02-23,route,Delhi-Kolkata,82.94
2023-02-24,route,Delhi-Kolkata,84.59
2023-02-25,route,Delhi-Kolkata,83.24
2023-02-26,route,Delhi-Kolkata,84.59
2023-02-27,route,Delhi-Kolkata,74.37
2023-02-28,route,Delhi-Kolkata,83.63
2023-03-01,route,Delhi-Kolkata,83.57
2023-03-02,route,Delhi-Kolkata,87.2
2023-03-03,route,Delhi-Kolkata,85.32
2023-03-04,route,Delhi-Kolkata,90.82
2023-03-05,route,Delhi-Kolkata,87.2
2023-03-06,route,Delhi-Kolkata,83.32
2023-01-16,route,Delhi-Chennai,113.33
2023-01-17,route,Delhi-Chennai,122.28
2023-01-18,route,Delhi-Chennai,101.45
2023-01-19,route,Delhi-Chennai,100.0
2023-01-20,route,Delhi-Chennai,95.48
2023-01-21,route,Delhi-Chennai,99.33
2023-01-22,route,Delhi-Chennai,95.48
2023-01-23,route,Delhi-Chennai,85.71
2023-01-24,route,Delhi-Chennai,88.66
2023-01-25,route,Delhi-Chennai,98.04
2023-01-26,route,Delhi-Chennai,88.66
2023-01-27,route,Delhi-Chennai,85.02
2023-01-28,route,Delhi-Chennai,84.3
2023-01-29,route,Delhi-Chennai,98.47
2023-01-30,route,Delhi-Chennai,77.14
2023-01-31,route,Delhi-Chennai,74.36
2023-02-01,route,Delhi-Chennai,72.84
2023-02-02,route,Delhi-Chennai,72.84
2023-02-03,route,Delhi-Chennai,77.57
2023-02-04,route,Delhi-Chennai,72.45
2023-02-05,route,Delhi-Chennai,76.54
2023-02-06,route,Delhi-Chennai,72.28
2023-02-07,route,Delhi-Chennai,72.28
2023-02-08,route,Delhi-Chennai,72.28
2023-02-09,route,Delhi-Chennai,72.28
2023-02-10,route,Delhi-Chennai,80.98
2023-02-11,route,Delhi-Chennai,72.28
2023-02-12,route,Delhi-Chennai,79.39
2023-02-13,route,Delhi-Chennai,72.28
2023-02-14,route,Delhi-Chennai,70.74
2023-02-15,route,Delhi-Chennai,68.18
2023-02-16,route,Delhi-Chennai,72.28
2023-02-17,route,Delhi-Chennai,72.28
2023-02-18,route,Delhi-Chennai,68.18
2023-02-19,route,Delhi-Chennai,72.28
2023-02-20,route,Delhi-Chennai,71.59
2023-02-21,route,Delhi-Chennai,68.18
2023-02-22,route,Delhi-Chennai,68.18
2023-02-23,route,Delhi-Chennai,68.18
2023-02-24,route,Delhi-Chennai,68.18
2023-02-25,route,Delhi-Chennai,68.18
2023-02-26,route,Delhi-Chennai,72.28
2023-02-27,route,Delhi-Chennai,68.18
2023-02-28,route,Delhi-Chennai,68.18
2023-03-01,route,Delhi-Chennai,68.18
2023-03-02,route,Delhi-Chennai,68.18
2023-03-03,route,Delhi-Chennai,70.74
2023-03-04,route,Delhi-Chennai,68.18
2023-03-05,route,Delhi-Chennai,68.18
2023-03-06,route,Delhi-Chennai,68.18
2023-01-16,route,Delhi-Ahmedabad,109.89
2023-01-17,route,Delhi-Ahmedabad,99.06
2023-01-18,route,Delhi-Ahmedabad,109.43
2023-01-19,route,Delhi-Ahmedabad,96.47
2023-01-20,route,Delhi-Ahmedabad,99.06
2023-01-21,route,Delhi-Ahmedabad,100.0
2023-01-22,route,Delhi-Ahmedabad,104.0
2023-01-23,route,Delhi-Ahmedabad,92.15
2023-01-24,route,Delhi-Ahmedabad,99.06
2023-01-25,route,Delhi-Ahmedabad,109.43
2023-01-26,route,Delhi-Ahmedabad,92.15
2023-01-27,route,Delhi-Ahmedabad,94.74
2023-01-28,route,Delhi-Ahmedabad,78.18
2023-01-29,route,Delhi-Ahmedabad,96.47
2023-01-30,route,Delhi-Ahmedabad,73.15
2023-01-31,route,Delhi-Ahmedabad,68.52
2023-02-01,route,Delhi-Ahmedabad,73.85
2023-02-02,route,Delhi-Ahmedabad,73.85
2023-02-03,route,Delhi-Ahmedabad,73.85
2023-02-04,route,Delhi-Ahmedabad,72.08
2023-02-05,route,Delhi-Ahmedabad,84.44
2023-02-06,route,Delhi-Ahmedabad,73.85
2023-02-07,route,Delhi-Ahmedabad,73.85
2023-02-08,route,Delhi-Ahmedabad,73.85
2023-02-09,route,Delhi-Ahmedabad,69.96
2023-02-10,route,Delhi-Ahmedabad,73.42
2023-02-11,route,Delhi-Ahmedabad,72.36
2023-02-12,route,Delhi-Ahmedabad,72.19
2023-02-13,route,Delhi-Ahmedabad,67.72
2023-02-14,route,Delhi-Ahmedabad,71.7
2023-02-15,route,Delhi-Ahmedabad,69.75
2023-02-16,route,Delhi-Ahmedabad,67.72
2023-02-17,route,Delhi-Ahmedabad,67.72
2023-02-18,route,Delhi-Ahmedabad,67.77
2023-02-19,route,Delhi-Ahmedabad,73.85
2023-02-20,route,Delhi-Ahmedabad,67.72
2023-02-21,route,Delhi-Ahmedabad,67.72
2023-02-22,route,Delhi-Ahmedabad,67.72
2023-02-23,route,Delhi-Ahmedabad,64.73
2023-02-24,route,Delhi-Ahmedabad,66.94
2023-02-25,route,Delhi-Ahmedabad,64.73
2023-02-26,route,Delhi-Ahmedabad,25.92
2023-02-27,route,Delhi-Ahmedabad,64.73
2023-02-28,route,Delhi-Ahmedabad,64.73
2023-03-01,route,Delhi-Ahmedabad,64.73
2023-03-02,route,Delhi-Ahmedabad,64.73
2023-03-03,route,Delhi-Ahmedabad,67.14
2023-03-04,route,Delhi-Ahmedabad,67.72
2023-03-05,route,Delhi-Ahmedabad,66.04
2023-03-06,route,Delhi-Ahmedabad,64.73
2023-01-16,route,Mumbai-Delhi,112.48
2023-01-17,route,Mumbai-Delhi,91.38
2023-01-18,route,Mumbai-Delhi,83.84
2023-01-19,route,Mumbai-Delhi,94.15
2023-01-20,route,Mumbai-Delhi,108.05
2023-01-21,route,Mumbai-Delhi,103.59
2023-01-22,route,Mumbai-Delhi,100.0
2023-01-23,route,Mumbai-Delhi,87.13
2023-01-24,route,Mumbai-Delhi,86.87
2023-01-25,route,Mumbai-Delhi,110.1
2023-01-26,route,Mumbai-Delhi,98.21
2023-01-27,route,Mumbai-Delhi,81.21
2023-01-28,route,Mumbai-Delhi,82.42
2023-01-29,route,Mumbai-Delhi,100.4
2023-01-30,route,Mumbai-Delhi,82.76
2023-01-31,route,Mumbai-Delhi,73.86
2023-02-01,route,Mumbai-Delhi,74.0
2023-02-02,route,Mumbai-Delhi,73.74
2023-02-03,route,Mumbai-Delhi,79.26
2023-02-04,route,Mumbai-Delhi,78.79
2023-02-05,route,Mumbai-Delhi,74.0
2023-02-06,route,Mumbai-Delhi,69.09
2023-02-08,route,Mumbai-Delhi,67.37
2023-02-10,route,Mumbai-Delhi,72.93
2023-02-11,route,Mumbai-Delhi,73.93
2023-02-12,route,Mumbai-Delhi,71.25
2023-02-13,route,Mumbai-Delhi,68.68
2023-02-14,route,Mumbai-Delhi,63.7
2023-02-15,route,Mumbai-Delhi,67.59
2023-02-16,route,Mumbai-Delhi,66.69
2023-02-18,route,Mumbai-Delhi,69.1
2023-02-21,route,Mumbai-Delhi,61.21
2023-02-23,route,Mumbai-Delhi,66.69
2023-02-24,route,Mumbai-Delhi,64.64
2023-02-25,route,Mumbai-Delhi,65.66
2023-02-26,route,Mumbai-Delhi,62.93
2023-02-27,route,Mumbai-Delhi,62.22
2023-02-28,route,Mumbai-Delhi,61.21
2023-03-01,route,Mumbai-Delhi,61.72
2023-03-02,route,Mumbai-Delhi,61.72
2023-03-03,route,Mumbai-Delhi,66.69
2023-03-04,route,Mumbai-Delhi,66.69
2023-03-05,route,Mumbai-Delhi,66.69
2023-03-06,route,Mumbai-Delhi,66.09
2023-01-16,route,Mumbai-Bangalore,114.89
2023-01-17,route,Mumbai-Bangalore,114.89
2023-01-18,route,Mumbai-Bangalore,100.0
2023-01-19,route,Mumbai-Bangalore,89.89
2023-01-20,route,Mumbai-Bangalore,111.26
2023-01-21,route,Mumbai-Bangalore,88.64
2023-01-22,route,Mumbai-Bangalore,95.2
2023-01-23,route,Mumbai-Bangalore,85.79
2023-01-24,route,Mumbai-Bangalore,82.5
2023-01-25,route,Mumbai-Bangalore,112.05
2023-01-26,route,Mumbai-Bangalore,95.11
2023-01-27,route,Mumbai-Bangalore,85.8
2023-01-28,route,Mumbai-Bangalore,89.59
2023-01-29,route,Mumbai-Bangalore,118.68
2023-01-30,route,Mumbai-Bangalore,95.11
2023-01-31,route,Mumbai-Bangalore,64.5
2023-02-01,route,Mumbai-Bangalore,83.21
2023-02-02,route,Mumbai-Bangalore,81.08
2023-02-03,route,Mumbai-Bangalore,71.62
2023-02-04,route,Mumbai-Bangalore,68.28
2023-02-05,route,Mumbai-Bangalore,80.5
2023-02-06,route,Mumbai-Bangalore,68.3
2023-02-07,route,Mumbai-Bangalore,64.06
2023-02-08,route,Mumbai-Bangalore,70.07
2023-02-09,route,Mumbai-Bangalore,69.48
2023-02-10,route,Mumbai-Bangalore,92.45
2023-02-11,route,Mumbai-Bangalore,74.12
2023-02-12,route,Mumbai-Bangalore,88.25
2023-02-13,route,Mumbai-Bangalore,65.03
2023-02-14,route,Mumbai-Bangalore,64.27
2023-02-15,route,Mumbai-Bangalore,68.3
2023-02-16,route,Mumbai-Bangalore,67.51
2023-02-17,route,Mumbai-Bangalore,88.87
2023-02-18,route,Mumbai-Bangalore,68.53
2023-02-19,route,Mumbai-Bangalore,75.93
2023-02-20,route,Mumbai-Bangalore,66.52
2023-02-21,route,Mumbai-Bangalore,64.5
2023-02-22,route,Mumbai-Bangalore,64.5
2023-02-23,route,Mumbai-Bangalore,66.64
2023-02-24,route,Mumbai-Bangalore,68.3
2023-02-25,route,Mumbai-Bangalore,64.5
2023-02-26,route,Mumbai-Bangalore,64.63
2023-02-27,route,Mumbai-Bangalore,64.5
2023-02-28,route,Mumbai-Bangalore,64.03
2023-03-01,route,Mumbai-Bangalore,65.17
2023-03-02,route,Mumbai-Bangalore,64.5
2023-03-03,route,Mumbai-Bangalore,67.54
2023-03-04,route,Mumbai-Bangalore,65.45
2023-03-05,route,Mumbai-Bangalore,66.06
2023-03-06,route,Mumbai-Bangalore,65.45
2023-01-16,route,Mumbai-Hyderabad,106.37
2023-01-17,route,Mumbai-Hyderabad,94.74
2023-01-18,route,Mumbai-Hyderabad,88.72
2023-01-19,route,Mumbai-Hyderabad,100.0
2023-01-20,route,Mumbai-Hyderabad,100.0
2023-01-21,route,Mumbai-Hyderabad,104.97
2023-01-22,route,Mumbai-Hyderabad,92.32
2023-01-23,route,Mumbai-Hyderabad,94.71
2023-01-24,route,Mumbai-Hyderabad,96.53
2023-01-25,route,Mumbai-Hyderabad,103.69
2023-01-26,route,Mumbai-Hyderabad,75.52
2023-01-27,route,Mumbai-Hyderabad,77.16
2023-01-28,route,Mumbai-Hyderabad,96.53
2023-01-29,route,Mumbai-Hyderabad,106.37
2023-01-30,route,Mumbai-Hyderabad,89.59
2023-01-31,route,Mumbai-Hyderabad,85.25
2023-02-01,route,Mumbai-Hyderabad,73.4
2023-02-02,route,Mumbai-Hyderabad,73.72
2023-02-03,route,Mumbai-Hyderabad,85.25
2023-02-04,route,Mumbai-Hyderabad,85.25
2023-02-05,route,Mumbai-Hyderabad,85.25
2023-02-06,route,Mumbai-Hyderabad,61.42
2023-02-07,route,Mumbai-Hyderabad,60.92
2023-02-08,route,Mumbai-Hyderabad,83.55
2023-02-09,route,Mumbai-Hyderabad,85.25
2023-02-10,route,Mumbai-Hyderabad,85.25
2023-02-11,route,Mumbai-Hyderabad,85.25
2023-02-12,route,Mumbai-Hyderabad,85.25
2023-02-13,route,Mumbai-Hyderabad,80.67
2023-02-14,route,Mumbai-Hyderabad,65.28
2023-02-15,route,Mumbai-Hyderabad,68.23
2023-02-16,route,Mumbai-Hyderabad,85.25
2023-02-17,route,Mumbai-Hyderabad,81.66
2023-02-18,route,Mumbai-Hyderabad,70.15
2023-02-19,route,Mumbai-Hyderabad,85.13
2023-02-20,route,Mumbai-Hyderabad,67.0
2023-02-21,route,Mumbai-Hyderabad,60.64
2023-02-22,route,Mumbai-Hyderabad,58.31
2023-02-23,route,Mumbai-Hyderabad,78.19
2023-02-25,route,Mumbai-Hyderabad,58.61
2023-02-26,route,Mumbai-Hyderabad,78.19
2023-02-27,route,Mumbai-Hyderabad,64.91
2023-02-28,route,Mumbai-Hyderabad,60.6
2023-03-01,route,Mumbai-Hyderabad,73.86
2023-03-02,route,Mumbai-Hyderabad,68.42
2023-03-03,route,Mumbai-Hyderabad,75.05
2023-03-04,route,Mumbai-Hyderabad,62.5
2023-03-05,route,Mumbai-Hyderabad,61.94
2023-03-06,route,Mumbai-Hyderabad,81.66
2023-01-16,route,Mumbai-Kolkata,102.73
2023-01-17,route,Mumbai-Kolkata,98.03
2023-01-18,route,Mumbai-Kolkata,98.03
2023-01-19,route,Mumbai-Kolkata,98.03
2023-01-20,route,Mumbai-Kolkata,104.94
2023-01-21,route,Mumbai-Kolkata,107.79
2023-01-22,route,Mumbai-Kolkata,100.0
2023-01-23,route,Mumbai-Kolkata,99.64
2023-01-24,route,Mumbai-Kolkata,98.59
2023-01-25,route,Mumbai-Kolkata,112.3
2023-01-26,route,Mumbai-Kolkata,107.79
2023-01-27,route,Mumbai-Kolkata,104.79
2023-01-28,route,Mumbai-Kolkata,99.58
2023-01-29,route,Mumbai-Kolkata,100.22
2023-01-30,route,Mumbai-Kolkata,89.78
2023-01-31,route,Mumbai-Kolkata,89.78
2023-02-01,route,Mumbai-Kolkata,89.78
2023-02-02,route,Mumbai-Kolkata,89.78
2023-02-03,route,Mumbai-Kolkata,89.78
2023-02-04,route,Mumbai-Kolkata,90.72
2023-02-05,route,Mumbai-Kolkata,89.78
2023-02-06,route,Mumbai-Kolkata,87.91
2023-02-07,route,Mumbai-Kolkata,83.17
2023-02-08,route,Mumbai-Kolkata,89.26
2023-02-09,route,Mumbai-Kolkata,84.52
2023-02-10,route,Mumbai-Kolkata,86.12
2023-02-11,route,Mumbai-Kolkata,89.78
2023-02-12,route,Mumbai-Kolkata,88.37
2023-02-13,route,Mumbai-Kolkata,78.9
2023-02-14,route,Mumbai-Kolkata,86.37
2023-02-15,route,Mumbai-Kolkata,77.7
2023-02-16,route,Mumbai-Kolkata,86.88
2023-02-17,route,Mumbai-Kolkata,82.08
2023-02-18,route,Mumbai-Kolkata,84.91
2023-02-19,route,Mumbai-Kolkata,84.14
2023-02-20,route,Mumbai-Kolkata,84.01
2023-02-21,route,Mumbai-Kolkata,83.02
2023-02-25,route,Mumbai-Kolkata,80.58
2023-02-26,route,Mumbai-Kolkata,77.7
2023-03-01,route,Mumbai-Kolkata,81.15
2023-03-02,route,Mumbai-Kolkata,84.91
2023-03-03,route,Mumbai-Kolkata,84.91
2023-03-05,route,Mumbai-Kolkata,89.78
2023-03-06,route,Mumbai-Kolkata,84.71
2023-01-16,route,Mumbai-Chennai,107.49
2023-01-19,route,Mumbai-Chennai,96.71
2023-01-20,route,Mumbai-Chennai,103.29
2023-01-21,route,Mumbai-Chennai,96.71
2023-01-23,route,Mumbai-Chennai,98.08
2023-01-24,route,Mumbai-Chennai,93.76
2023-01-25,route,Mumbai-Chennai,106.91
2023-01-26,route,Mumbai-Chennai,102.18
2023-01-27,route,Mumbai-Chennai,102.18
2023-01-28,route,Mumbai-Chennai,99.45
2023-01-29,route,Mumbai-Chennai,102.18
2023-01-31,route,Mumbai-Chennai,91.4
2023-02-01,route,Mumbai-Chennai,91.4
2023-02-03,route,Mumbai-Chennai,91.4
2023-02-05,route,Mumbai-Chennai,91.4
2023-02-06,route,Mumbai-Chennai,91.4
2023-02-07,route,Mumbai-Chennai,91.4
2023-02-08,route,Mumbai-Chennai,91.4
2023-02-09,route,Mumbai-Chennai,91.4
2023-02-10,route,Mumbai-Chennai,91.4
2023-02-11,route,Mumbai-Chennai,91.4
2023-02-12,route,Mumbai-Chennai,91.4
2023-02-13,route,Mumbai-Chennai,91.4
2023-02-14,route,Mumbai-Chennai,91.4
2023-02-15,route,Mumbai-Chennai,91.4
2023-02-16,route,Mumbai-Chennai,91.4
2023-02-17,route,Mumbai-Chennai,91.4
2023-02-18,route,Mumbai-Chennai,91.4
2023-02-19,route,Mumbai-Chennai,91.4
2023-02-20,route,Mumbai-Chennai,91.4
2023-02-21,route,Mumbai-Chennai,91.4
2023-02-22,route,Mumbai-Chennai,91.4
2023-02-23,route,Mumbai-Chennai,91.4
2023-02-24,route,Mumbai-Chennai,91.4
2023-02-25,route,Mumbai-Chennai,91.4
2023-02-26,route,Mumbai-Chennai,91.4
2023-02-27,route,Mumbai-Chennai,91.4
2023-02-28,route,Mumbai-Chennai,91.4
2023-03-01,route,Mumbai-Chennai,91.4
2023-03-02,route,Mumbai-Chennai,91.4
2023-03-03,route,Mumbai-Chennai,91.4
2023-03-04,route,Mumbai-Chennai,91.4
2023-03-05,route,Mumbai-Chennai,91.4
2023-03-06,route,Mumbai-Chennai,91.4
2023-01-16,route,Mumbai-Ahmedabad,122.87
2023-01-17,route,Mumbai-Ahmedabad,101.34
2023-01-18,route,Mumbai-Ahmedabad,95.48
2023-01-19,route,Mumbai-Ahmedabad,93.21
2023-01-20,route,Mumbai-Ahmedabad,100.0
2023-01-21,route,Mumbai-Ahmedabad,113.06
2023-01-22,route,Mumbai-Ahmedabad,92.11
2023-01-24,route,Mumbai-Ahmedabad,82.17
2023-01-25,route,Mumbai-Ahmedabad,99.58
2023-01-26,route,Mumbai-Ahmedabad,79.22
2023-01-27,route,Mumbai-Ahmedabad,79.22
2023-01-28,route,Mumbai-Ahmedabad,80.84
2023-01-29,route,Mumbai-Ahmedabad,80.35
2023-01-30,route,Mumbai-Ahmedabad,75.45
2023-01-31,route,Mumbai-Ahmedabad,70.55
2023-02-01,route,Mumbai-Ahmedabad,69.42
2023-02-02,route,Mumbai-Ahmedabad,69.42
2023-02-03,route,Mumbai-Ahmedabad,72.43
2023-02-04,route,Mumbai-Ahmedabad,86.2
2023-02-05,route,Mumbai-Ahmedabad,69.42
2023-02-06,route,Mumbai-Ahmedabad,63.57
2023-02-07,route,Mumbai-Ahmedabad,61.12
2023-02-08,route,Mumbai-Ahmedabad,63.57
2023-02-09,route,Mumbai-Ahmedabad,61.12
2023-02-10,route,Mumbai-Ahmedabad,61.12
2023-02-11,route,Mumbai-Ahmedabad,67.28
2023-02-12,route,Mumbai-Ahmedabad,67.16
2023-02-13,route,Mumbai-Ahmedabad,61.12
2023-02-14,route,Mumbai-Ahmedabad,61.12
2023-02-15,route,Mumbai-Ahmedabad,58.53
2023-02-16,route,Mumbai-Ahmedabad,58.49
2023-02-17,route,Mumbai-Ahmedabad,60.56
2023-02-18,route,Mumbai-Ahmedabad,62.82
2023-02-19,route,Mumbai-Ahmedabad,62.3
2023-02-20,route,Mumbai-Ahmedabad,58.53
2023-02-21,route,Mumbai-Ahmedabad,58.49
2023-02-22,route,Mumbai-Ahmedabad,58.49
2023-02-23,route,Mumbai-Ahmedabad,56.71
2023-02-24,route,Mumbai-Ahmedabad,58.53
2023-02-25,route,Mumbai-Ahmedabad,58.49
2023-02-26,route,Mumbai-Ahmedabad,58.53
2023-02-27,route,Mumbai-Ahmedabad,58.49
2023-02-28,route,Mumbai-Ahmedabad,58.49
2023-03-01,route,Mumbai-Ahmedabad,56.71
2023-03-02,route,Mumbai-Ahmedabad,56.71
2023-03-04,route,Mumbai-Ahmedabad,58.49
2023-03-06,route,Mumbai-Ahmedabad,56.71
2023-01-16,route,Bangalore-Delhi,93.57
2023-01-17,route,Bangalore-Delhi,91.36
2023-01-18,route,Bangalore-Delhi,87.08
2023-01-19,route,Bangalore-Delhi,100.0
2023-01-20,route,Bangalore-Delhi,125.62
2023-01-21,route,Bangalore-Delhi,146.09
2023-01-22,route,Bangalore-Delhi,122.18
2023-01-23,route,Bangalore-Delhi,100.0
2023-01-24,route,Bangalore-Delhi,100.0
2023-01-25,route,Bangalore-Delhi,120.77
2023-01-26,route,Bangalore-Delhi,118.86
2023-01-27,route,Bangalore-Delhi,96.04
2023-01-28,route,Bangalore-Delhi,101.52
2023-01-29,route,Bangalore-Delhi,112.31
2023-01-30,route,Bangalore-Delhi,91.39
2023-01-31,route,Bangalore-Delhi,83.74
2023-02-01,route,Bangalore-Delhi,83.77
2023-02-02,route,Bangalore-Delhi,80.84
2023-02-03,route,Bangalore-Delhi,86.0
2023-02-04,route,Bangalore-Delhi,86.54
2023-02-05,route,Bangalore-Delhi,86.0
2023-02-06,route,Bangalore-Delhi,78.42
2023-02-07,route,Bangalore-Delhi,80.83
2023-02-08,route,Bangalore-Delhi,80.83
2023-02-09,route,Bangalore-Delhi,81.09
2023-02-10,route,Bangalore-Delhi,86.65
2023-02-11,route,Bangalore-Delhi,83.69
2023-02-12,route,Bangalore-Delhi,86.0
2023-02-13,route,Bangalore-Delhi,80.83
2023-02-14,route,Bangalore-Delhi,79.21
2023-02-15,route,Bangalore-Delhi,78.42
2023-02-16,route,Bangalore-Delhi,78.06
2023-02-17,route,Bangalore-Delhi,83.74
2023-02-18,route,Bangalore-Delhi,83.69
2023-02-19,route,Bangalore-Delhi,83.74
2023-02-20,route,Bangalore-Delhi,80.41
2023-02-21,route,Bangalore-Delhi,75.33
2023-02-22,route,Bangalore-Delhi,78.06
2023-02-23,route,Bangalore-Delhi,80.69
2023-02-24,route,Bangalore-Delhi,81.05
2023-02-25,route,Bangalore-Delhi,79.56
2023-02-26,route,Bangalore-Delhi,83.64
2023-02-27,route,Bangalore-Delhi,74.27
2023-02-28,route,Bangalore-Delhi,75.33
2023-03-01,route,Bangalore-Delhi,80.19
2023-03-02,route,Bangalore-Delhi,82.62
2023-03-03,route,Bangalore-Delhi,83.74
2023-03-04,route,Bangalore-Delhi,86.0
2023-03-05,route,Bangalore-Delhi,83.74
2023-03-06,route,Bangalore-Delhi,83.74
2023-01-16,route,Bangalore-Mumbai,100.0
2023-01-17,route,Bangalore-Mumbai,100.0
2023-01-18,route,Bangalore-Mumbai,93.8
2023-01-19,route,Bangalore-Mumbai,94.65
2023-01-20,route,Bangalore-Mumbai,129.63
2023-01-21,route,Bangalore-Mumbai,126.56
2023-01-22,route,Bangalore-Mumbai,110.46
2023-01-23,route,Bangalore-Mumbai,86.1
2023-01-24,route,Bangalore-Mumbai,88.53
2023-01-25,route,Bangalore-Mumbai,101.15
2023-01-26,route,Bangalore-Mumbai,111.55
2023-01-27,route,Bangalore-Mumbai,89.25
2023-01-28,route,Bangalore-Mumbai,102.03
2023-01-29,route,Bangalore-Mumbai,120.28
2023-01-30,route,Bangalore-Mumbai,80.38
2023-01-31,route,Bangalore-Mumbai,68.14
2023-02-01,route,Bangalore-Mumbai,68.14
2023-02-02,route,Bangalore-Mumbai,73.96
2023-02-03,route,Bangalore-Mumbai,73.96
2023-02-04,route,Bangalore-Mumbai,102.31
2023-02-05,route,Bangalore-Mumbai,95.32
2023-02-06,route,Bangalore-Mumbai,68.14
2023-02-07,route,Bangalore-Mumbai,68.14
2023-02-08,route,Bangalore-Mumbai,68.14
2023-02-09,route,Bangalore-Mumbai,73.63
2023-02-10,route,Bangalore-Mumbai,81.88
2023-02-11,route,Bangalore-Mumbai,80.54
2023-02-12,route,Bangalore-Mumbai,78.82
2023-02-13,route,Bangalore-Mumbai,41.1
2023-02-14,route,Bangalore-Mumbai,68.14
2023-02-15,route,Bangalore-Mumbai,68.63
2023-02-16,route,Bangalore-Mumbai,69.4
2023-02-17,route,Bangalore-Mumbai,69.4
2023-02-18,route,Bangalore-Mumbai,80.08
2023-02-19,route,Bangalore-Mumbai,73.29
2023-02-20,route,Bangalore-Mumbai,80.54
2023-02-21,route,Bangalore-Mumbai,68.14
2023-02-22,route,Bangalore-Mumbai,69.25
2023-02-23,route,Bangalore-Mumbai,68.63
2023-02-24,route,Bangalore-Mumbai,68.14
2023-02-25,route,Bangalore-Mumbai,71.54
2023-02-26,route,Bangalore-Mumbai,69.09
2023-02-27,route,Bangalore-Mumbai,69.4
2023-02-28,route,Bangalore-Mumbai,68.14
2023-03-01,route,Bangalore-Mumbai,68.14
2023-03-02,route,Bangalore-Mumbai,68.38
2023-03-03,route,Bangalore-Mumbai,73.11
2023-03-04,route,Bangalore-Mumbai,72.37
2023-03-05,route,Bangalore-Mumbai,69.6
2023-03-06,route,Bangalore-Mumbai,74.84
2023-01-16,route,Bangalore-Hyderabad,107.08
2023-01-18,route,Bangalore-Hyderabad,100.27
2023-01-19,route,Bangalore-Hyderabad,99.73
2023-01-20,route,Bangalore-Hyderabad,103.79
2023-01-21,route,Bangalore-Hyderabad,95.08
2023-01-22,route,Bangalore-Hyderabad,90.47
2023-01-23,route,Bangalore-Hyderabad,84.38
2023-01-24,route,Bangalore-Hyderabad,79.57
2023-01-26,route,Bangalore-Hyderabad,101.23
2023-01-27,route,Bangalore-Hyderabad,78.94
2023-01-28,route,Bangalore-Hyderabad,74.87
2023-01-29,route,Bangalore-Hyderabad,81.76
2023-01-30,route,Bangalore-Hyderabad,76.16
2023-01-31,route,Bangalore-Hyderabad,66.14
2023-02-01,route,Bangalore-Hyderabad,63.38
2023-02-02,route,Bangalore-Hyderabad,59.79
2023-02-03,route,Bangalore-Hyderabad,77.56
2023-02-04,route,Bangalore-Hyderabad,70.27
2023-02-05,route,Bangalore-Hyderabad,69.49
2023-02-06,route,Bangalore-Hyderabad,62.46
2023-02-07,route,Bangalore-Hyderabad,62.46
2023-02-08,route,Bangalore-Hyderabad,62.46
2023-02-09,route,Bangalore-Hyderabad,62.46
2023-02-10,route,Bangalore-Hyderabad,79.27
2023-02-11,route,Bangalore-Hyderabad,66.38
2023-02-12,route,Bangalore-Hyderabad,73.9
2023-02-13,route,Bangalore-Hyderabad,62.46
2023-02-14,route,Bangalore-Hyderabad,59.25
2023-02-15,route,Bangalore-Hyderabad,62.46
2023-02-16,route,Bangalore-Hyderabad,57.98
2023-02-17,route,Bangalore-Hyderabad,74.87
2023-02-18,route,Bangalore-Hyderabad,62.46
2023-02-19,route,Bangalore-Hyderabad,71.58
2023-02-20,route,Bangalore-Hyderabad,60.33
2023-02-21,route,Bangalore-Hyderabad,56.72
2023-02-22,route,Bangalore-Hyderabad,56.72
2023-02-23,route,Bangalore-Hyderabad,56.72
2023-02-24,route,Bangalore-Hyderabad,66.14
2023-02-25,route,Bangalore-Hyderabad,61.32
2023-02-26,route,Bangalore-Hyderabad,62.46
2023-02-27,route,Bangalore-Hyderabad,59.25
2023-02-28,route,Bangalore-Hyderabad,56.72
2023-03-01,route,Bangalore-Hyderabad,56.72
2023-03-02,route,Bangalore-Hyderabad,66.14
2023-03-03,route,Bangalore-Hyderabad,66.14
2023-03-04,route,Bangalore-Hyderabad,62.47
2023-03-05,route,Bangalore-Hyderabad,66.14
2023-03-06,route,Bangalore-Hyderabad,59.25
2023-01-16,route,Bangalore-Kolkata,98.49
2023-01-17,route,Bangalore-Kolkata,100.0
2023-01-18,route,Bangalore-Kolkata,89.1
2023-01-19,route,Bangalore-Kolkata,94.86
2023-01-20,route,Bangalore-Kolkata,124.94
2023-01-21,route,Bangalore-Kolkata,119.9
2023-01-22,route,Bangalore-Kolkata,100.2
2023-01-23,route,Bangalore-Kolkata,91.41
2023-01-24,route,Bangalore-Kolkata,93.08
2023-01-25,route,Bangalore-Kolkata,116.18
2023-01-26,route,Bangalore-Kolkata,99.74
2023-01-27,route,Bangalore-Kolkata,91.2
2023-01-28,route,Bangalore-Kolkata,91.41
2023-01-29,route,Bangalore-Kolkata,99.12
2023-01-30,route,Bangalore-Kolkata,77.8
2023-01-31,route,Bangalore-Kolkata,70.78
2023-02-01,route,Bangalore-Kolkata,77.8
2023-02-02,route,Bangalore-Kolkata,72.73
2023-02-03,route,Bangalore-Kolkata,79.54
2023-02-04,route,Bangalore-Kolkata,55.09
2023-02-05,route,Bangalore-Kolkata,77.8
2023-02-06,route,Bangalore-Kolkata,69.19
2023-02-07,route,Bangalore-Kolkata,69.19
2023-02-08,route,Bangalore-Kolkata,54.76
2023-02-09,route,Bangalore-Kolkata,69.19
2023-02-10,route,Bangalore-Kolkata,76.54
2023-02-11,route,Bangalore-Kolkata,73.69
2023-02-12,route,Bangalore-Kolkata,73.17
2023-02-13,route,Bangalore-Kolkata,68.66
2023-02-14,route,Bangalore-Kolkata,68.66
2023-02-15,route,Bangalore-Kolkata,68.66
2023-02-16,route,Bangalore-Kolkata,68.66
2023-02-17,route,Bangalore-Kolkata,76.54
2023-02-18,route,Bangalore-Kolkata,72.73
2023-02-19,route,Bangalore-Kolkata,73.17
2023-02-20,route,Bangalore-Kolkata,69.19
2023-02-21,route,Bangalore-Kolkata,67.52
2023-02-22,route,Bangalore-Kolkata,67.52
2023-02-23,route,Bangalore-Kolkata,68.66
2023-02-24,route,Bangalore-Kolkata,69.19
2023-02-25,route,Bangalore-Kolkata,67.52
2023-02-26,route,Bangalore-Kolkata,69.19
2023-02-27,route,Bangalore-Kolkata,67.52
2023-02-28,route,Bangalore-Kolkata,68.66
2023-03-01,route,Bangalore-Kolkata,72.73
2023-03-02,route,Bangalore-Kolkata,77.87
2023-03-03,route,Bangalore-Kolkata,83.88
2023-03-04,route,Bangalore-Kolkata,83.88
2023-03-05,route,Bangalore-Kolkata,89.49
2023-03-06,route,Bangalore-Kolkata,77.87
2023-01-16,route,Bangalore-Chennai,100.0
2023-01-17,route,Bangalore-Chennai,104.02
2023-01-18,route,Bangalore-Chennai,85.88
2023-01-19,route,Bangalore-Chennai,86.74
2023-01-20,route,Bangalore-Chennai,114.54
2023-01-21,route,Bangalore-Chennai,106.9
2023-01-22,route,Bangalore-Chennai,88.04
2023-01-23,route,Bangalore-Chennai,69.18
2023-01-24,route,Bangalore-Chennai,79.42
2023-01-25,route,Bangalore-Chennai,109.34
2023-01-26,route,Bangalore-Chennai,86.16
2023-01-27,route,Bangalore-Chennai,64.3
2023-01-28,route,Bangalore-Chennai,70.48
2023-01-29,route,Bangalore-Chennai,74.87
2023-01-30,route,Bangalore-Chennai,59.5
2023-01-31,route,Bangalore-Chennai,59.5
2023-02-01,route,Bangalore-Chennai,56.66
2023-02-02,route,Bangalore-Chennai,52.99
2023-02-03,route,Bangalore-Chennai,64.79
2023-02-04,route,Bangalore-Chennai,52.99
2023-02-05,route,Bangalore-Chennai,49.18
2023-02-06,route,Bangalore-Chennai,44.62
2023-02-07,route,Bangalore-Chennai,46.06
2023-02-08,route,Bangalore-Chennai,45.96
2023-02-09,route,Bangalore-Chennai,47.95
2023-02-10,route,Bangalore-Chennai,62.75
2023-02-11,route,Bangalore-Chennai,51.33
2023-02-12,route,Bangalore-Chennai,59.21
2023-02-13,route,Bangalore-Chennai,44.05
2023-02-14,route,Bangalore-Chennai,43.77
2023-02-15,route,Bangalore-Chennai,42.87
2023-02-16,route,Bangalore-Chennai,42.91
2023-02-17,route,Bangalore-Chennai,49.66
2023-02-18,route,Bangalore-Chennai,45.96
2023-02-19,route,Bangalore-Chennai,44.05
2023-02-20,route,Bangalore-Chennai,44.05
2023-02-21,route,Bangalore-Chennai,40.72
2023-02-22,route,Bangalore-Chennai,39.01
2023-02-23,route,Bangalore-Chennai,40.72
2023-02-24,route,Bangalore-Chennai,44.05
2023-02-25,route,Bangalore-Chennai,43.48
2023-02-26,route,Bangalore-Chennai,47.3
2023-02-27,route,Bangalore-Chennai,41.21
2023-02-28,route,Bangalore-Chennai,39.01
2023-03-01,route,Bangalore-Chennai,38.97
2023-03-02,route,Bangalore-Chennai,39.01
2023-03-03,route,Bangalore-Chennai,42.91
2023-03-04,route,Bangalore-Chennai,41.82
2023-03-05,route,Bangalore-Chennai,45.68
2023-03-06,route,Bangalore-Chennai,40.11
2023-01-16,route,Bangalore-Ahmedabad,92.83
2023-01-17,route,Bangalore-Ahmedabad,95.56
2023-01-19,route,Bangalore-Ahmedabad,100.0
2023-01-20,route,Bangalore-Ahmedabad,130.69
2023-01-21,route,Bangalore-Ahmedabad,115.89
2023-01-24,route,Bangalore-Ahmedabad,96.74
2023-01-25,route,Bangalore-Ahmedabad,137.99
2023-01-26,route,Bangalore-Ahmedabad,101.35
2023-01-27,route,Bangalore-Ahmedabad,77.95
2023-01-28,route,Bangalore-Ahmedabad,80.0
2023-01-29,route,Bangalore-Ahmedabad,96.9
2023-01-31,route,Bangalore-Ahmedabad,73.07
2023-02-02,route,Bangalore-Ahmedabad,68.89
2023-02-04,route,Bangalore-Ahmedabad,81.97
2023-02-09,route,Bangalore-Ahmedabad,66.16
2023-02-11,route,Bangalore-Ahmedabad,65.14
2023-02-12,route,Bangalore-Ahmedabad,72.1
2023-02-13,route,Bangalore-Ahmedabad,61.66
2023-02-14,route,Bangalore-Ahmedabad,58.67
2023-02-15,route,Bangalore-Ahmedabad,60.69
2023-02-16,route,Bangalore-Ahmedabad,58.67
2023-02-17,route,Bangalore-Ahmedabad,64.97
2023-02-20,route,Bangalore-Ahmedabad,58.67
2023-02-23,route,Bangalore-Ahmedabad,64.97
2023-02-24,route,Bangalore-Ahmedabad,58.67
2023-02-26,route,Bangalore-Ahmedabad,58.67
2023-03-01,route,Bangalore-Ahmedabad,58.67
2023-03-02,route,Bangalore-Ahmedabad,58.77
2023-03-04,route,Bangalore-Ahmedabad,67.68
2023-03-05,route,Bangalore-Ahmedabad,68.76
2023-01-16,route,Hyderabad-Delhi,93.19
2023-01-17,route,Hyderabad-Delhi,98.95
2023-01-18,route,Hyderabad-Delhi,94.41
2023-01-19,route,Hyderabad-Delhi,100.0
2023-01-20,route,Hyderabad-Delhi,115.9
2023-01-21,route,Hyderabad-Delhi,111.34
2023-01-22,route,Hyderabad-Delhi,107.54
2023-01-23,route,Hyderabad-Delhi,101.51
2023-01-24,route,Hyderabad-Delhi,105.32
2023-01-25,route,Hyderabad-Delhi,108.29
2023-01-26,route,Hyderabad-Delhi,102.46
2023-01-27,route,Hyderabad-Delhi,97.8
2023-01-28,route,Hyderabad-Delhi,95.56
2023-01-29,route,Hyderabad-Delhi,101.51
2023-01-30,route,Hyderabad-Delhi,85.17
2023-01-31,route,Hyderabad-Delhi,78.69
2023-02-01,route,Hyderabad-Delhi,78.69
2023-02-02,route,Hyderabad-Delhi,78.69
2023-02-03,route,Hyderabad-Delhi,84.02
2023-02-04,route,Hyderabad-Delhi,85.53
2023-02-05,route,Hyderabad-Delhi,78.69
2023-02-06,route,Hyderabad-Delhi,78.69
2023-02-08,route,Hyderabad-Delhi,78.69
2023-02-09,route,Hyderabad-Delhi,76.92
2023-02-10,route,Hyderabad-Delhi,78.69
2023-02-12,route,Hyderabad-Delhi,86.44
2023-02-13,route,Hyderabad-Delhi,78.69
2023-02-14,route,Hyderabad-Delhi,78.69
2023-02-15,route,Hyderabad-Delhi,78.69
2023-02-16,route,Hyderabad-Delhi,78.69
2023-02-17,route,Hyderabad-Delhi,78.69
2023-02-18,route,Hyderabad-Delhi,78.69
2023-02-22,route,Hyderabad-Delhi,78.69
2023-02-24,route,Hyderabad-Delhi,78.69
2023-02-26,route,Hyderabad-Delhi,73.35
2023-02-27,route,Hyderabad-Delhi,76.7
2023-02-28,route,Hyderabad-Delhi,78.25
2023-03-01,route,Hyderabad-Delhi,78.69
2023-03-02,route,Hyderabad-Delhi,78.69
2023-03-04,route,Hyderabad-Delhi,78.69
2023-01-16,route,Hyderabad-Mumbai,88.69
2023-01-17,route,Hyderabad-Mumbai,97.95
2023-01-18,route,Hyderabad-Mumbai,103.41
2023-01-19,route,Hyderabad-Mumbai,100.46
2023-01-20,route,Hyderabad-Mumbai,105.66
2023-01-21,route,Hyderabad-Mumbai,99.54
2023-01-23,route,Hyderabad-Mumbai,88.69
2023-01-24,route,Hyderabad-Mumbai,85.35
2023-01-25,route,Hyderabad-Mumbai,110.93
2023-01-26,route,Hyderabad-Mumbai,94.06
2023-01-27,route,Hyderabad-Mumbai,93.94
2023-01-28,route,Hyderabad-Mumbai,71.29
2023-01-29,route,Hyderabad-Mumbai,105.66
2023-01-30,route,Hyderabad-Mumbai,85.35
2023-01-31,route,Hyderabad-Mumbai,69.78
2023-02-01,route,Hyderabad-Mumbai,70.18
2023-02-02,route,Hyderabad-Mumbai,75.81
2023-02-03,route,Hyderabad-Mumbai,82.11
2023-02-04,route,Hyderabad-Mumbai,85.36
2023-02-05,route,Hyderabad-Mumbai,74.85
2023-02-06,route,Hyderabad-Mumbai,79.53
2023-02-07,route,Hyderabad-Mumbai,69.38
2023-02-08,route,Hyderabad-Mumbai,85.35
2023-02-09,route,Hyderabad-Mumbai,80.1
2023-02-11,route,Hyderabad-Mumbai,85.35
2023-02-12,route,Hyderabad-Mumbai,85.35
2023-02-13,route,Hyderabad-Mumbai,63.26
2023-02-14,route,Hyderabad-Mumbai,64.51
2023-02-15,route,Hyderabad-Mumbai,71.49
2023-02-16,route,Hyderabad-Mumbai,80.34
2023-02-17,route,Hyderabad-Mumbai,72.69
2023-02-18,route,Hyderabad-Mumbai,85.35
2023-02-19,route,Hyderabad-Mumbai,85.35
2023-02-20,route,Hyderabad-Mumbai,69.2
2023-02-21,route,Hyderabad-Mumbai,72.23
2023-02-22,route,Hyderabad-Mumbai,67.9
2023-02-23,route,Hyderabad-Mumbai,72.75
2023-02-24,route,Hyderabad-Mumbai,62.22
2023-02-25,route,Hyderabad-Mumbai,79.53
2023-02-26,route,Hyderabad-Mumbai,74.74
2023-02-27,route,Hyderabad-Mumbai,63.09
2023-02-28,route,Hyderabad-Mumbai,62.01
2023-03-01,route,Hyderabad-Mumbai,74.06
2023-03-02,route,Hyderabad-Mumbai,68.01
2023-03-03,route,Hyderabad-Mumbai,87.16
2023-03-04,route,Hyderabad-Mumbai,90.5
2023-03-05,route,Hyderabad-Mumbai,86.08
2023-03-06,route,Hyderabad-Mumbai,80.77
2023-01-16,route,Hyderabad-Bangalore,99.89
2023-01-17,route,Hyderabad-Bangalore,101.8
2023-01-19,route,Hyderabad-Bangalore,94.39
2023-01-20,route,Hyderabad-Bangalore,109.2
2023-01-21,route,Hyderabad-Bangalore,97.54
2023-01-22,route,Hyderabad-Bangalore,100.11
2023-01-23,route,Hyderabad-Bangalore,89.26
2023-01-24,route,Hyderabad-Bangalore,85.11
2023-01-25,route,Hyderabad-Bangalore,103.58
2023-01-26,route,Hyderabad-Bangalore,79.44
2023-01-27,route,Hyderabad-Bangalore,82.21
2023-01-28,route,Hyderabad-Bangalore,78.61
2023-01-29,route,Hyderabad-Bangalore,109.2
2023-01-30,route,Hyderabad-Bangalore,86.07
2023-01-31,route,Hyderabad-Bangalore,66.02
2023-02-01,route,Hyderabad-Bangalore,67.68
2023-02-02,route,Hyderabad-Bangalore,64.63
2023-02-03,route,Hyderabad-Bangalore,73.18
2023-02-04,route,Hyderabad-Bangalore,67.4
2023-02-05,route,Hyderabad-Bangalore,80.09
2023-02-06,route,Hyderabad-Bangalore,63.97
2023-02-07,route,Hyderabad-Bangalore,66.3
2023-02-08,route,Hyderabad-Bangalore,65.16
2023-02-09,route,Hyderabad-Bangalore,62.78
2023-02-10,route,Hyderabad-Bangalore,75.28
2023-02-12,route,Hyderabad-Bangalore,77.13
2023-02-13,route,Hyderabad-Bangalore,66.02
2023-02-14,route,Hyderabad-Bangalore,60.47
2023-02-15,route,Hyderabad-Bangalore,60.47
2023-02-17,route,Hyderabad-Bangalore,67.41
2023-02-18,route,Hyderabad-Bangalore,61.67
2023-02-19,route,Hyderabad-Bangalore,70.18
2023-02-20,route,Hyderabad-Bangalore,66.02
2023-02-21,route,Hyderabad-Bangalore,60.47
2023-02-22,route,Hyderabad-Bangalore,60.75
2023-02-24,route,Hyderabad-Bangalore,72.96
2023-02-26,route,Hyderabad-Bangalore,62.64
2023-02-27,route,Hyderabad-Bangalore,61.67
2023-02-28,route,Hyderabad-Bangalore,60.47
2023-03-01,route,Hyderabad-Bangalore,60.47
2023-03-02,route,Hyderabad-Bangalore,70.18
2023-03-03,route,Hyderabad-Bangalore,70.18
2023-03-04,route,Hyderabad-Bangalore,70.18
2023-03-05,route,Hyderabad-Bangalore,70.18
2023-03-06,route,Hyderabad-Bangalore,62.78
2023-01-16,route,Hyderabad-Kolkata,90.73
2023-01-17,route,Hyderabad-Kolkata,97.82
2023-01-18,route,Hyderabad-Kolkata,98.63
2023-01-20,route,Hyderabad-Kolkata,101.71
2023-01-21,route,Hyderabad-Kolkata,101.37
2023-01-22,route,Hyderabad-Kolkata,101.37
2023-01-23,route,Hyderabad-Kolkata,93.13
2023-01-25,route,Hyderabad-Kolkata,101.37
2023-01-26,route,Hyderabad-Kolkata,92.24
2023-01-27,route,Hyderabad-Kolkata,86.03
2023-01-29,route,Hyderabad-Kolkata,92.98
2023-01-30,route,Hyderabad-Kolkata,72.88
2023-01-31,route,Hyderabad-Kolkata,69.55
2023-02-01,route,Hyderabad-Kolkata,74.58
2023-02-02,route,Hyderabad-Kolkata,66.81
2023-02-03,route,Hyderabad-Kolkata,72.59
2023-02-04,route,Hyderabad-Kolkata,74.56
2023-02-05,route,Hyderabad-Kolkata,73.74
2023-02-09,route,Hyderabad-Kolkata,68.91
2023-02-10,route,Hyderabad-Kolkata,71.15
2023-02-11,route,Hyderabad-Kolkata,70.77
2023-02-12,route,Hyderabad-Kolkata,72.7
2023-02-14,route,Hyderabad-Kolkata,65.67
2023-02-15,route,Hyderabad-Kolkata,65.67
2023-02-16,route,Hyderabad-Kolkata,64.66
2023-02-18,route,Hyderabad-Kolkata,69.55
2023-02-20,route,Hyderabad-Kolkata,65.67
2023-02-21,route,Hyderabad-Kolkata,65.67
2023-02-22,route,Hyderabad-Kolkata,65.67
2023-02-23,route,Hyderabad-Kolkata,65.67
2023-02-24,route,Hyderabad-Kolkata,68.26
2023-02-25,route,Hyderabad-Kolkata,68.45
2023-02-26,route,Hyderabad-Kolkata,68.12
2023-03-01,route,Hyderabad-Kolkata,72.14
2023-03-02,route,Hyderabad-Kolkata,72.46
2023-03-03,route,Hyderabad-Kolkata,74.6
2023-03-05,route,Hyderabad-Kolkata,74.6
2023-03-06,route,Hyderabad-Kolkata,74.6
2023-01-16,route,Hyderabad-Chennai,104.51
2023-01-17,route,Hyderabad-Chennai,129.78
2023-01-18,route,Hyderabad-Chennai,116.95
2023-01-19,route,Hyderabad-Chennai,95.4
2023-01-20,route,Hyderabad-Chennai,96.97
2023-01-21,route,Hyderabad-Chennai,96.97
2023-01-22,route,Hyderabad-Chennai,100.0
2023-01-24,route,Hyderabad-Chennai,88.07
2023-01-25,route,Hyderabad-Chennai,92.43
2023-01-26,route,Hyderabad-Chennai,82.88
2023-01-27,route,Hyderabad-Chennai,74.33
2023-01-28,route,Hyderabad-Chennai,76.04
2023-01-29,route,Hyderabad-Chennai,93.15
2023-01-30,route,Hyderabad-Chennai,71.33
2023-01-31,route,Hyderabad-Chennai,59.78
2023-02-01,route,Hyderabad-Chennai,74.33
2023-02-02,route,Hyderabad-Chennai,67.48
2023-02-03,route,Hyderabad-Chennai,67.48
2023-02-04,route,Hyderabad-Chennai,62.17
2023-02-05,route,Hyderabad-Chennai,66.62
2023-02-06,route,Hyderabad-Chennai,58.07
2023-02-07,route,Hyderabad-Chennai,58.23
2023-02-08,route,Hyderabad-Chennai,62.05
2023-02-09,route,Hyderabad-Chennai,66.07
2023-02-10,route,Hyderabad-Chennai,74.33
2023-02-11,route,Hyderabad-Chennai,62.17
2023-02-12,route,Hyderabad-Chennai,77.52
2023-02-13,route,Hyderabad-Chennai,58.07
2023-02-14,route,Hyderabad-Chennai,59.78
2023-02-15,route,Hyderabad-Chennai,58.07
2023-02-16,route,Hyderabad-Chennai,62.17
2023-02-17,route,Hyderabad-Chennai,63.28
2023-02-18,route,Hyderabad-Chennai,58.07
2023-02-19,route,Hyderabad-Chennai,66.62
2023-02-20,route,Hyderabad-Chennai,58.07
2023-02-21,route,Hyderabad-Chennai,55.96
2023-02-23,route,Hyderabad-Chennai,58.07
2023-02-24,route,Hyderabad-Chennai,58.07
2023-02-25,route,Hyderabad-Chennai,58.07
2023-02-26,route,Hyderabad-Chennai,58.92
2023-02-27,route,Hyderabad-Chennai,58.07
2023-02-28,route,Hyderabad-Chennai,54.96
2023-03-01,route,Hyderabad-Chennai,56.4
2023-03-02,route,Hyderabad-Chennai,58.07
2023-03-03,route,Hyderabad-Chennai,60.31
2023-03-05,route,Hyderabad-Chennai,58.07
2023-03-06,route,Hyderabad-Chennai,58.07
2023-01-18,route,Hyderabad-Ahmedabad,99.29
2023-01-19,route,Hyderabad-Ahmedabad,92.48
2023-01-20,route,Hyderabad-Ahmedabad,110.41
2023-01-21,route,Hyderabad-Ahmedabad,100.71
2023-01-23,route,Hyderabad-Ahmedabad,91.8
2023-01-24,route,Hyderabad-Ahmedabad,78.94
2023-01-26,route,Hyderabad-Ahmedabad,88.89
2023-01-28,route,Hyderabad-Ahmedabad,76.88
2023-01-29,route,Hyderabad-Ahmedabad,92.37
2023-01-30,route,Hyderabad-Ahmedabad,65.18
2023-01-31,route,Hyderabad-Ahmedabad,63.21
2023-02-01,route,Hyderabad-Ahmedabad,69.33
2023-02-02,route,Hyderabad-Ahmedabad,65.2
2023-02-03,route,Hyderabad-Ahmedabad,72.48
2023-02-05,route,Hyderabad-Ahmedabad,72.48
2023-02-07,route,Hyderabad-Ahmedabad,63.61
2023-02-08,route,Hyderabad-Ahmedabad,65.26
2023-02-09,route,Hyderabad-Ahmedabad,63.21
2023-02-10,route,Hyderabad-Ahmedabad,65.06
2023-02-11,route,Hyderabad-Ahmedabad,63.61
2023-02-12,route,Hyderabad-Ahmedabad,67.32
2023-02-14,route,Hyderabad-Ahmedabad,63.13
2023-02-16,route,Hyderabad-Ahmedabad,58.44
2023-02-17,route,Hyderabad-Ahmedabad,62.95
2023-02-18,route,Hyderabad-Ahmedabad,63.41
2023-02-20,route,Hyderabad-Ahmedabad,58.72
2023-02-21,route,Hyderabad-Ahmedabad,58.44
2023-02-23,route,Hyderabad-Ahmedabad,54.95
2023-02-24,route,Hyderabad-Ahmedabad,59.54
2023-02-25,route,Hyderabad-Ahmedabad,55.72
2023-02-27,route,Hyderabad-Ahmedabad,54.89
2023-02-28,route,Hyderabad-Ahmedabad,54.83
2023-03-01,route,Hyderabad-Ahmedabad,58.44
2023-03-02,route,Hyderabad-Ahmedabad,58.44
2023-03-03,route,Hyderabad-Ahmedabad,66.19
2023-03-04,route,Hyderabad-Ahmedabad,66.69
2023-03-05,route,Hyderabad-Ahmedabad,65.06
2023-03-06,route,Hyderabad-Ahmedabad,60.47
2023-01-16,route,Kolkata-Delhi,97.53
2023-01-17,route,Kolkata-Delhi,92.34
2023-01-18,route,Kolkata-Delhi,97.48
2023-01-19,route,Kolkata-Delhi,100.0
2023-01-20,route,Kolkata-Delhi,105.84
2023-01-21,route,Kolkata-Delhi,106.93
2023-01-22,route,Kolkata-Delhi,111.6
2023-01-23,route,Kolkata-Delhi,88.56
2023-01-24,route,Kolkata-Delhi,97.2
2023-01-25,route,Kolkata-Delhi,99.22
2023-01-26,route,Kolkata-Delhi,97.2
2023-01-27,route,Kolkata-Delhi,97.2
2023-01-28,route,Kolkata-Delhi,97.2
2023-01-29,route,Kolkata-Delhi,108.37
2023-01-30,route,Kolkata-Delhi,87.84
2023-01-31,route,Kolkata-Delhi,87.24
2023-02-01,route,Kolkata-Delhi,94.31
2023-02-02,route,Kolkata-Delhi,83.99
2023-02-03,route,Kolkata-Delhi,84.49
2023-02-04,route,Kolkata-Delhi,90.72
2023-02-05,route,Kolkata-Delhi,94.24
2023-02-06,route,Kolkata-Delhi,78.23
2023-02-07,route,Kolkata-Delhi,83.16
2023-02-08,route,Kolkata-Delhi,78.23
2023-02-09,route,Kolkata-Delhi,81.54
2023-02-10,route,Kolkata-Delhi,81.0
2023-02-11,route,Kolkata-Delhi,87.84
2023-02-12,route,Kolkata-Delhi,92.16
2023-02-13,route,Kolkata-Delhi,82.8
2023-02-14,route,Kolkata-Delhi,75.31
2023-02-15,route,Kolkata-Delhi,74.63
2023-02-16,route,Kolkata-Delhi,74.63
2023-02-17,route,Kolkata-Delhi,76.98
2023-02-18,route,Kolkata-Delhi,76.63
2023-02-19,route,Kolkata-Delhi,86.32
2023-02-20,route,Kolkata-Delhi,77.56
2023-02-21,route,Kolkata-Delhi,74.05
2023-02-22,route,Kolkata-Delhi,74.63
2023-02-23,route,Kolkata-Delhi,75.17
2023-02-24,route,Kolkata-Delhi,74.63
2023-02-25,route,Kolkata-Delhi,77.53
2023-02-27,route,Kolkata-Delhi,74.63
2023-02-28,route,Kolkata-Delhi,77.09
2023-03-01,route,Kolkata-Delhi,76.25
2023-03-02,route,Kolkata-Delhi,73.57
2023-03-03,route,Kolkata-Delhi,73.57
2023-03-05,route,Kolkata-Delhi,74.81
2023-03-06,route,Kolkata-Delhi,74.89
2023-01-16,route,Kolkata-Mumbai,105.12
2023-01-17,route,Kolkata-Mumbai,91.06
2023-01-18,route,Kolkata-Mumbai,94.22
2023-01-19,route,Kolkata-Mumbai,91.06
2023-01-20,route,Kolkata-Mumbai,105.79
2023-01-21,route,Kolkata-Mumbai,101.36
2023-01-22,route,Kolkata-Mumbai,100.0
2023-01-23,route,Kolkata-Mumbai,91.06
2023-01-24,route,Kolkata-Mumbai,88.38
2023-01-25,route,Kolkata-Mumbai,99.77
2023-01-26,route,Kolkata-Mumbai,84.68
2023-01-27,route,Kolkata-Mumbai,93.02
2023-01-28,route,Kolkata-Mumbai,96.08
2023-01-29,route,Kolkata-Mumbai,109.19
2023-01-30,route,Kolkata-Mumbai,87.04
2023-01-31,route,Kolkata-Mumbai,83.69
2023-02-01,route,Kolkata-Mumbai,85.37
2023-02-02,route,Kolkata-Mumbai,83.69
2023-02-03,route,Kolkata-Mumbai,85.37
2023-02-04,route,Kolkata-Mumbai,83.69
2023-02-05,route,Kolkata-Mumbai,86.77
2023-02-06,route,Kolkata-Mumbai,79.01
2023-02-07,route,Kolkata-Mumbai,79.01
2023-02-08,route,Kolkata-Mumbai,77.67
2023-02-09,route,Kolkata-Mumbai,79.0
2023-02-11,route,Kolkata-Mumbai,83.69
2023-02-12,route,Kolkata-Mumbai,83.69
2023-02-13,route,Kolkata-Mumbai,79.01
2023-02-14,route,Kolkata-Mumbai,77.67
2023-02-15,route,Kolkata-Mumbai,78.3
2023-02-16,route,Kolkata-Mumbai,77.16
2023-02-17,route,Kolkata-Mumbai,83.69
2023-02-18,route,Kolkata-Mumbai,83.69
2023-02-19,route,Kolkata-Mumbai,83.69
2023-02-20,route,Kolkata-Mumbai,79.01
2023-02-21,route,Kolkata-Mumbai,70.49
2023-02-22,route,Kolkata-Mumbai,68.5
2023-02-23,route,Kolkata-Mumbai,73.65
2023-02-24,route,Kolkata-Mumbai,73.65
2023-02-25,route,Kolkata-Mumbai,75.93
2023-02-26,route,Kolkata-Mumbai,77.0
2023-02-27,route,Kolkata-Mumbai,73.65
2023-02-28,route,Kolkata-Mumbai,66.95
2023-03-01,route,Kolkata-Mumbai,75.42
2023-03-02,route,Kolkata-Mumbai,72.92
2023-03-03,route,Kolkata-Mumbai,79.51
2023-03-04,route,Kolkata-Mumbai,73.0
2023-03-05,route,Kolkata-Mumbai,72.92
2023-03-06,route,Kolkata-Mumbai,72.92
2023-01-16,route,Kolkata-Bangalore,99.85
2023-01-17,route,Kolkata-Bangalore,100.0
2023-01-18,route,Kolkata-Bangalore,98.99
2023-01-19,route,Kolkata-Bangalore,100.0
2023-01-20,route,Kolkata-Bangalore,114.88
2023-01-21,route,Kolkata-Bangalore,100.05
2023-01-22,route,Kolkata-Bangalore,104.41
2023-01-23,route,Kolkata-Bangalore,92.89
2023-01-24,route,Kolkata-Bangalore,91.92
2023-01-25,route,Kolkata-Bangalore,97.27
2023-01-26,route,Kolkata-Bangalore,84.11
2023-01-27,route,Kolkata-Bangalore,91.46
2023-01-28,route,Kolkata-Bangalore,91.46
2023-01-29,route,Kolkata-Bangalore,126.59
2023-01-30,route,Kolkata-Bangalore,91.54
2023-01-31,route,Kolkata-Bangalore,77.07
2023-02-01,route,Kolkata-Bangalore,79.87
2023-02-02,route,Kolkata-Bangalore,70.83
2023-02-03,route,Kolkata-Bangalore,78.17
2023-02-04,route,Kolkata-Bangalore,83.76
2023-02-05,route,Kolkata-Bangalore,83.99
2023-02-06,route,Kolkata-Bangalore,73.21
2023-02-07,route,Kolkata-Bangalore,73.21
2023-02-08,route,Kolkata-Bangalore,69.68
2023-02-09,route,Kolkata-Bangalore,73.21
2023-02-10,route,Kolkata-Bangalore,78.17
2023-02-12,route,Kolkata-Bangalore,82.44
2023-02-13,route,Kolkata-Bangalore,73.21
2023-02-14,route,Kolkata-Bangalore,68.12
2023-02-15,route,Kolkata-Bangalore,68.12
2023-02-16,route,Kolkata-Bangalore,69.24
2023-02-17,route,Kolkata-Bangalore,73.65
2023-02-18,route,Kolkata-Bangalore,78.23
2023-02-19,route,Kolkata-Bangalore,78.17
2023-02-20,route,Kolkata-Bangalore,68.12
2023-02-21,route,Kolkata-Bangalore,68.12
2023-02-22,route,Kolkata-Bangalore,68.12
2023-02-23,route,Kolkata-Bangalore,69.24
2023-02-24,route,Kolkata-Bangalore,69.24
2023-02-25,route,Kolkata-Bangalore,72.19
2023-02-26,route,Kolkata-Bangalore,78.23
2023-02-27,route,Kolkata-Bangalore,68.12
2023-02-28,route,Kolkata-Bangalore,68.12
2023-03-01,route,Kolkata-Bangalore,78.17
2023-03-02,route,Kolkata-Bangalore,78.17
2023-03-03,route,Kolkata-Bangalore,78.23
2023-03-04,route,Kolkata-Bangalore,78.23
2023-03-05,route,Kolkata-Bangalore,78.23
2023-03-06,route,Kolkata-Bangalore,78.23
2023-01-16,route,Kolkata-Hyderabad,114.71
2023-01-18,route,Kolkata-Hyderabad,93.4
2023-01-19,route,Kolkata-Hyderabad,100.18
2023-01-20,route,Kolkata-Hyderabad,109.68
2023-01-21,route,Kolkata-Hyderabad,93.4
2023-01-22,route,Kolkata-Hyderabad,99.82
2023-01-23,route,Kolkata-Hyderabad,94.85
2023-01-24,route,Kolkata-Hyderabad,88.57
2023-01-25,route,Kolkata-Hyderabad,90.49
2023-01-26,route,Kolkata-Hyderabad,85.81
2023-01-27,route,Kolkata-Hyderabad,90.49
2023-01-28,route,Kolkata-Hyderabad,90.49
2023-01-29,route,Kolkata-Hyderabad,114.71
2023-01-30,route,Kolkata-Hyderabad,87.59
2023-01-31,route,Kolkata-Hyderabad,79.85
2023-02-01,route,Kolkata-Hyderabad,77.67
2023-02-02,route,Kolkata-Hyderabad,73.03
2023-02-03,route,Kolkata-Hyderabad,78.04
2023-02-04,route,Kolkata-Hyderabad,78.95
2023-02-05,route,Kolkata-Hyderabad,83.0
2023-02-06,route,Kolkata-Hyderabad,77.55
2023-02-07,route,Kolkata-Hyderabad,77.55
2023-02-08,route,Kolkata-Hyderabad,74.78
2023-02-09,route,Kolkata-Hyderabad,73.15
2023-02-10,route,Kolkata-Hyderabad,74.8
2023-02-11,route,Kolkata-Hyderabad,79.81
2023-02-12,route,Kolkata-Hyderabad,79.85
2023-02-13,route,Kolkata-Hyderabad,74.48
2023-02-14,route,Kolkata-Hyderabad,70.41
2023-02-15,route,Kolkata-Hyderabad,70.78
2023-02-16,route,Kolkata-Hyderabad,70.41
2023-02-17,route,Kolkata-Hyderabad,78.04
2023-02-18,route,Kolkata-Hyderabad,79.85
2023-02-19,route,Kolkata-Hyderabad,77.67
2023-02-20,route,Kolkata-Hyderabad,79.85
2023-02-22,route,Kolkata-Hyderabad,70.41
2023-02-23,route,Kolkata-Hyderabad,72.36
2023-02-24,route,Kolkata-Hyderabad,70.41
2023-02-25,route,Kolkata-Hyderabad,77.74
2023-02-26,route,Kolkata-Hyderabad,78.12
2023-02-27,route,Kolkata-Hyderabad,71.2
2023-02-28,route,Kolkata-Hyderabad,70.41
2023-03-01,route,Kolkata-Hyderabad,72.57
2023-03-03,route,Kolkata-Hyderabad,79.85
2023-03-04,route,Kolkata-Hyderabad,79.85
2023-03-06,route,Kolkata-Hyderabad,79.85
2023-01-16,route,Kolkata-Chennai,98.12
2023-01-17,route,Kolkata-Chennai,113.27
2023-01-18,route,Kolkata-Chennai,105.18
2023-01-19,route,Kolkata-Chennai,95.84
2023-01-20,route,Kolkata-Chennai,101.47
2023-01-21,route,Kolkata-Chennai,99.01
2023-01-22,route,Kolkata-Chennai,100.0
2023-01-24,route,Kolkata-Chennai,87.82
2023-01-26,route,Kolkata-Chennai,81.92
2023-01-27,route,Kolkata-Chennai,80.23
2023-01-28,route,Kolkata-Chennai,87.82
2023-01-29,route,Kolkata-Chennai,104.5
2023-01-30,route,Kolkata-Chennai,79.22
2023-02-03,route,Kolkata-Chennai,76.18
2023-02-06,route,Kolkata-Chennai,73.11
2023-02-07,route,Kolkata-Chennai,72.06
2023-02-08,route,Kolkata-Chennai,74.16
2023-02-09,route,Kolkata-Chennai,74.16
2023-02-10,route,Kolkata-Chennai,78.34
2023-02-11,route,Kolkata-Chennai,77.33
2023-02-13,route,Kolkata-Chennai,72.06
2023-02-14,route,Kolkata-Chennai,66.21
2023-02-15,route,Kolkata-Chennai,65.39
2023-02-16,route,Kolkata-Chennai,70.41
2023-02-18,route,Kolkata-Chennai,74.16
2023-02-19,route,Kolkata-Chennai,74.16
2023-02-20,route,Kolkata-Chennai,66.21
2023-02-21,route,Kolkata-Chennai,64.45
2023-02-22,route,Kolkata-Chennai,65.39
2023-02-24,route,Kolkata-Chennai,66.21
2023-02-25,route,Kolkata-Chennai,70.25
2023-02-26,route,Kolkata-Chennai,74.16
2023-02-27,route,Kolkata-Chennai,62.48
2023-02-28,route,Kolkata-Chennai,62.15
2023-03-01,route,Kolkata-Chennai,70.92
2023-03-02,route,Kolkata-Chennai,70.92
2023-03-03,route,Kolkata-Chennai,70.92
2023-03-04,route,Kolkata-Chennai,70.92
2023-03-05,route,Kolkata-Chennai,71.36
2023-03-06,route,Kolkata-Chennai,70.92
2023-01-16,route,Kolkata-Ahmedabad,120.63
2023-01-18,route,Kolkata-Ahmedabad,89.39
2023-01-19,route,Kolkata-Ahmedabad,95.16
2023-01-20,route,Kolkata-Ahmedabad,99.97
2023-01-21,route,Kolkata-Ahmedabad,100.03
2023-01-22,route,Kolkata-Ahmedabad,101.52
2023-01-25,route,Kolkata-Ahmedabad,103.04
2023-01-27,route,Kolkata-Ahmedabad,81.66
2023-01-29,route,Kolkata-Ahmedabad,97.37
2023-01-30,route,Kolkata-Ahmedabad,79.09
2023-01-31,route,Kolkata-Ahmedabad,77.27
2023-02-01,route,Kolkata-Ahmedabad,79.85
2023-02-03,route,Kolkata-Ahmedabad,77.27
2023-02-05,route,Kolkata-Ahmedabad,80.91
2023-02-06,route,Kolkata-Ahmedabad,72.34
2023-02-07,route,Kolkata-Ahmedabad,71.79
2023-02-08,route,Kolkata-Ahmedabad,68.07
2023-02-09,route,Kolkata-Ahmedabad,69.99
2023-02-10,route,Kolkata-Ahmedabad,72.07
2023-02-13,route,Kolkata-Ahmedabad,66.31
2023-02-17,route,Kolkata-Ahmedabad,70.26
2023-02-18,route,Kolkata-Ahmedabad,72.88
2023-02-21,route,Kolkata-Ahmedabad,62.21
2023-02-23,route,Kolkata-Ahmedabad,64.54
2023-02-24,route,Kolkata-Ahmedabad,62.58
2023-02-25,route,Kolkata-Ahmedabad,63.25
2023-02-28,route,Kolkata-Ahmedabad,61.98
2023-03-01,route,Kolkata-Ahmedabad,61.76
2023-03-06,route,Kolkata-Ahmedabad,62.21
2023-01-16,route,Chennai-Delhi,90.24
2023-01-17,route,Chennai-Delhi,84.01
2023-01-18,route,Chennai-Delhi,88.47
2023-01-19,route,Chennai-Delhi,100.0
2023-01-20,route,Chennai-Delhi,109.76
2023-01-21,route,Chennai-Delhi,100.0
2023-01-22,route,Chennai-Delhi,108.12
2023-01-23,route,Chennai-Delhi,92.9
2023-01-24,route,Chennai-Delhi,87.41
2023-01-25,route,Chennai-Delhi,101.47
2023-01-26,route,Chennai-Delhi,100.0
2023-01-27,route,Chennai-Delhi,92.9
2023-01-28,route,Chennai-Delhi,98.23
2023-01-29,route,Chennai-Delhi,111.09
2023-01-30,route,Chennai-Delhi,89.63
2023-01-31,route,Chennai-Delhi,75.88
2023-02-01,route,Chennai-Delhi,81.38
2023-02-02,route,Chennai-Delhi,82.53
2023-02-03,route,Chennai-Delhi,82.81
2023-02-04,route,Chennai-Delhi,81.38
2023-02-05,route,Chennai-Delhi,82.89
2023-02-06,route,Chennai-Delhi,75.88
2023-02-07,route,Chennai-Delhi,81.38
2023-02-08,route,Chennai-Delhi,75.88
2023-02-09,route,Chennai-Delhi,75.88
2023-02-10,route,Chennai-Delhi,81.38
2023-02-11,route,Chennai-Delhi,77.59
2023-02-12,route,Chennai-Delhi,83.05
2023-02-13,route,Chennai-Delhi,75.88
2023-02-14,route,Chennai-Delhi,72.65
2023-02-15,route,Chennai-Delhi,75.88
2023-02-16,route,Chennai-Delhi,76.2
2023-02-17,route,Chennai-Delhi,78.41
2023-02-18,route,Chennai-Delhi,75.88
2023-02-19,route,Chennai-Delhi,75.88
2023-02-20,route,Chennai-Delhi,75.88
2023-02-21,route,Chennai-Delhi,72.12
2023-02-22,route,Chennai-Delhi,71.31
2023-02-23,route,Chennai-Delhi,75.88
2023-02-24,route,Chennai-Delhi,71.62
2023-02-25,route,Chennai-Delhi,75.88
2023-02-26,route,Chennai-Delhi,64.35
2023-02-27,route,Chennai-Delhi,71.62
2023-02-28,route,Chennai-Delhi,71.62
2023-03-01,route,Chennai-Delhi,69.99
2023-03-02,route,Chennai-Delhi,69.99
2023-03-03,route,Chennai-Delhi,73.22
2023-03-04,route,Chennai-Delhi,71.62
2023-03-05,route,Chennai-Delhi,71.62
2023-03-06,route,Chennai-Delhi,69.99
2023-01-16,route,Chennai-Mumbai,100.0
2023-01-17,route,Chennai-Mumbai,100.0
2023-01-18,route,Chennai-Mumbai,100.0
2023-01-19,route,Chennai-Mumbai,100.0
2023-01-20,route,Chennai-Mumbai,111.06
2023-01-21,route,Chennai-Mumbai,107.26
2023-01-22,route,Chennai-Mumbai,111.06
2023-01-23,route,Chennai-Mumbai,100.0
2023-01-24,route,Chennai-Mumbai,91.11
2023-01-25,route,Chennai-Mumbai,106.42
2023-01-26,route,Chennai-Mumbai,105.61
2023-01-27,route,Chennai-Mumbai,102.39
2023-01-28,route,Chennai-Mumbai,105.61
2023-01-29,route,Chennai-Mumbai,110.54
2023-01-30,route,Chennai-Mumbai,94.56
2023-01-31,route,Chennai-Mumbai,94.56
2023-02-01,route,Chennai-Mumbai,111.06
2023-02-03,route,Chennai-Mumbai,115.31
2023-02-04,route,Chennai-Mumbai,113.19
2023-02-05,route,Chennai-Mumbai,113.19
2023-02-06,route,Chennai-Mumbai,102.06
2023-02-07,route,Chennai-Mumbai,105.89
2023-02-08,route,Chennai-Mumbai,111.06
2023-02-09,route,Chennai-Mumbai,104.25
2023-02-10,route,Chennai-Mumbai,100.0
2023-02-11,route,Chennai-Mumbai,96.68
2023-02-12,route,Chennai-Mumbai,104.25
2023-02-13,route,Chennai-Mumbai,102.06
2023-02-14,route,Chennai-Mumbai,94.56
2023-02-15,route,Chennai-Mumbai,104.25
2023-02-16,route,Chennai-Mumbai,94.56
2023-02-17,route,Chennai-Mumbai,103.51
2023-02-18,route,Chennai-Mumbai,111.06
2023-02-19,route,Chennai-Mumbai,111.06
2023-02-20,route,Chennai-Mumbai,94.56
2023-02-21,route,Chennai-Mumbai,94.02
2023-02-22,route,Chennai-Mumbai,94.56
2023-02-23,route,Chennai-Mumbai,94.56
2023-02-24,route,Chennai-Mumbai,94.56
2023-02-26,route,Chennai-Mumbai,93.3
2023-02-27,route,Chennai-Mumbai,91.13
2023-02-28,route,Chennai-Mumbai,91.13
2023-03-01,route,Chennai-Mumbai,94.56
2023-03-02,route,Chennai-Mumbai,94.56
2023-03-03,route,Chennai-Mumbai,94.56
2023-03-04,route,Chennai-Mumbai,108.94
2023-03-05,route,Chennai-Mumbai,94.56
2023-03-06,route,Chennai-Mumbai,94.56
2023-01-16,route,Chennai-Bangalore,104.81
2023-01-17,route,Chennai-Bangalore,81.6
2023-01-18,route,Chennai-Bangalore,93.37
2023-01-19,route,Chennai-Bangalore,102.78
2023-01-20,route,Chennai-Bangalore,113.74
2023-01-21,route,Chennai-Bangalore,84.18
2023-01-22,route,Chennai-Bangalore,100.0
2023-01-23,route,Chennai-Bangalore,84.18
2023-01-24,route,Chennai-Bangalore,77.26
2023-01-25,route,Chennai-Bangalore,98.67
2023-01-26,route,Chennai-Bangalore,77.06
2023-01-27,route,Chennai-Bangalore,71.77
2023-01-28,route,Chennai-Bangalore,102.78
2023-01-29,route,Chennai-Bangalore,134.88
2023-01-31,route,Chennai-Bangalore,62.34
2023-02-01,route,Chennai-Bangalore,68.02
2023-02-02,route,Chennai-Bangalore,62.34
2023-02-03,route,Chennai-Bangalore,71.77
2023-02-04,route,Chennai-Bangalore,67.69
2023-02-05,route,Chennai-Bangalore,76.58
2023-02-06,route,Chennai-Bangalore,57.36
2023-02-07,route,Chennai-Bangalore,61.37
2023-02-08,route,Chennai-Bangalore,62.34
2023-02-09,route,Chennai-Bangalore,61.19
2023-02-10,route,Chennai-Bangalore,68.97
2023-02-11,route,Chennai-Bangalore,67.69
2023-02-12,route,Chennai-Bangalore,77.06
2023-02-13,route,Chennai-Bangalore,57.36
2023-02-14,route,Chennai-Bangalore,54.73
2023-02-15,route,Chennai-Bangalore,54.73
2023-02-16,route,Chennai-Bangalore,57.36
2023-02-17,route,Chennai-Bangalore,63.78
2023-02-18,route,Chennai-Bangalore,56.99
2023-02-19,route,Chennai-Bangalore,61.37
2023-02-20,route,Chennai-Bangalore,54.73
2023-02-21,route,Chennai-Bangalore,53.08
2023-02-22,route,Chennai-Bangalore,54.73
2023-02-23,route,Chennai-Bangalore,54.73
2023-02-24,route,Chennai-Bangalore,51.85
2023-02-25,route,Chennai-Bangalore,56.29
2023-02-26,route,Chennai-Bangalore,54.73
2023-02-27,route,Chennai-Bangalore,52.55
2023-02-28,route,Chennai-Bangalore,19.75
2023-03-01,route,Chennai-Bangalore,49.87
2023-03-02,route,Chennai-Bangalore,54.73
2023-03-03,route,Chennai-Bangalore,54.73
2023-03-04,route,Chennai-Bangalore,54.73
2023-03-05,route,Chennai-Bangalore,53.08
2023-03-06,route,Chennai-Bangalore,49.87
2023-01-16,route,Chennai-Hyderabad,107.44
2023-01-17,route,Chennai-Hyderabad,107.27
2023-01-18,route,Chennai-Hyderabad,99.42
2023-01-19,route,Chennai-Hyderabad,98.84
2023-01-20,route,Chennai-Hyderabad,100.0
2023-01-21,route,Chennai-Hyderabad,85.04
2023-01-22,route,Chennai-Hyderabad,101.96
2023-01-23,route,Chennai-Hyderabad,81.52
2023-01-24,route,Chennai-Hyderabad,78.01
2023-01-25,route,Chennai-Hyderabad,92.22
2023-01-26,route,Chennai-Hyderabad,83.11
2023-01-27,route,Chennai-Hyderabad,81.52
2023-01-28,route,Chennai-Hyderabad,86.1
2023-01-29,route,Chennai-Hyderabad,100.01
2023-01-31,route,Chennai-Hyderabad,66.1
2023-02-02,route,Chennai-Hyderabad,65.46
2023-02-03,route,Chennai-Hyderabad,72.76
2023-02-04,route,Chennai-Hyderabad,71.59
2023-02-05,route,Chennai-Hyderabad,75.31
2023-02-06,route,Chennai-Hyderabad,66.87
2023-02-07,route,Chennai-Hyderabad,66.18
2023-02-08,route,Chennai-Hyderabad,65.9
2023-02-09,route,Chennai-Hyderabad,68.05
2023-02-12,route,Chennai-Hyderabad,68.05
2023-02-13,route,Chennai-Hyderabad,64.15
2023-02-14,route,Chennai-Hyderabad,60.09
2023-02-15,route,Chennai-Hyderabad,61.23
2023-02-16,route,Chennai-Hyderabad,64.15
2023-02-17,route,Chennai-Hyderabad,65.85
2023-02-18,route,Chennai-Hyderabad,63.24
2023-02-19,route,Chennai-Hyderabad,63.8
2023-02-20,route,Chennai-Hyderabad,63.48
2023-02-21,route,Chennai-Hyderabad,58.94
2023-02-22,route,Chennai-Hyderabad,58.94
2023-02-23,route,Chennai-Hyderabad,61.23
2023-02-24,route,Chennai-Hyderabad,61.23
2023-02-25,route,Chennai-Hyderabad,61.52
2023-02-26,route,Chennai-Hyderabad,58.94
2023-02-27,route,Chennai-Hyderabad,61.23
2023-02-28,route,Chennai-Hyderabad,61.23
2023-03-01,route,Chennai-Hyderabad,61.23
2023-03-02,route,Chennai-Hyderabad,61.23
2023-03-03,route,Chennai-Hyderabad,61.23
2023-03-04,route,Chennai-Hyderabad,61.23
2023-03-05,route,Chennai-Hyderabad,61.23
2023-03-06,route,Chennai-Hyderabad,61.23
2023-01-16,route,Chennai-Kolkata,96.21
2023-01-17,route,Chennai-Kolkata,97.81
2023-01-18,route,Chennai-Kolkata,99.14
2023-01-19,route,Chennai-Kolkata,100.12
2023-01-20,route,Chennai-Kolkata,109.27
2023-01-21,route,Chennai-Kolkata,100.0
2023-01-22,route,Chennai-Kolkata,108.88
2023-01-23,route,Chennai-Kolkata,97.81
2023-01-24,route,Chennai-Kolkata,97.81
2023-01-25,route,Chennai-Kolkata,107.56
2023-01-26,route,Chennai-Kolkata,97.81
2023-01-27,route,Chennai-Kolkata,91.54
2023-01-28,route,Chennai-Kolkata,102.43
2023-01-29,route,Chennai-Kolkata,108.22
2023-01-30,route,Chennai-Kolkata,94.19
2023-01-31,route,Chennai-Kolkata,82.06
2023-02-01,route,Chennai-Kolkata,87.89
2023-02-02,route,Chennai-Kolkata,86.88
2023-02-03,route,Chennai-Kolkata,87.89
2023-02-05,route,Chennai-Kolkata,87.89
2023-02-06,route,Chennai-Kolkata,74.84
2023-02-07,route,Chennai-Kolkata,82.06
2023-02-08,route,Chennai-Kolkata,82.06
2023-02-09,route,Chennai-Kolkata,82.06
2023-02-11,route,Chennai-Kolkata,82.45
2023-02-12,route,Chennai-Kolkata,87.89
2023-02-13,route,Chennai-Kolkata,76.77
2023-02-14,route,Chennai-Kolkata,72.9
2023-02-15,route,Chennai-Kolkata,71.95
2023-02-16,route,Chennai-Kolkata,79.64
2023-02-17,route,Chennai-Kolkata,82.06
2023-02-18,route,Chennai-Kolkata,79.64
2023-02-19,route,Chennai-Kolkata,78.29
2023-02-20,route,Chennai-Kolkata,71.95
2023-02-21,route,Chennai-Kolkata,68.22
2023-02-22,route,Chennai-Kolkata,71.95
2023-02-23,route,Chennai-Kolkata,71.95
2023-02-24,route,Chennai-Kolkata,68.22
2023-02-25,route,Chennai-Kolkata,71.95
2023-02-26,route,Chennai-Kolkata,76.23
2023-02-27,route,Chennai-Kolkata,70.09
2023-03-01,route,Chennai-Kolkata,73.12
2023-03-02,route,Chennai-Kolkata,67.41
2023-03-03,route,Chennai-Kolkata,80.57
2023-03-04,route,Chennai-Kolkata,79.34
2023-03-05,route,Chennai-Kolkata,79.04
2023-03-06,route,Chennai-Kolkata,76.39
2023-01-16,route,Chennai-Ahmedabad,94.58
2023-01-17,route,Chennai-Ahmedabad,102.65
2023-01-18,route,Chennai-Ahmedabad,97.35
2023-01-21,route,Chennai-Ahmedabad,113.45
2023-01-23,route,Chennai-Ahmedabad,95.77
2023-01-26,route,Chennai-Ahmedabad,97.77
2023-01-27,route,Chennai-Ahmedabad,84.54
2023-01-28,route,Chennai-Ahmedabad,97.0
2023-01-29,route,Chennai-Ahmedabad,109.03
2023-01-31,route,Chennai-Ahmedabad,80.59
2023-02-01,route,Chennai-Ahmedabad,85.78
2023-02-02,route,Chennai-Ahmedabad,87.71
2023-02-03,route,Chennai-Ahmedabad,89.85
2023-02-04,route,Chennai-Ahmedabad,89.72
2023-02-05,route,Chennai-Ahmedabad,96.06
2023-02-07,route,Chennai-Ahmedabad,83.52
2023-02-09,route,Chennai-Ahmedabad,84.39
2023-02-10,route,Chennai-Ahmedabad,83.99
2023-02-11,route,Chennai-Ahmedabad,84.54
2023-02-12,route,Chennai-Ahmedabad,87.09
2023-02-13,route,Chennai-Ahmedabad,71.85
2023-02-14,route,Chennai-Ahmedabad,62.93
2023-02-15,route,Chennai-Ahmedabad,63.68
2023-02-16,route,Chennai-Ahmedabad,67.4
2023-02-17,route,Chennai-Ahmedabad,76.32
2023-02-18,route,Chennai-Ahmedabad,85.22
2023-02-19,route,Chennai-Ahmedabad,86.44
2023-02-20,route,Chennai-Ahmedabad,73.95
2023-02-21,route,Chennai-Ahmedabad,76.32
2023-02-22,route,Chennai-Ahmedabad,66.18
2023-02-23,route,Chennai-Ahmedabad,76.32
2023-02-24,route,Chennai-Ahmedabad,76.32
2023-02-25,route,Chennai-Ahmedabad,62.22
2023-02-26,route,Chennai-Ahmedabad,76.32
2023-02-27,route,Chennai-Ahmedabad,71.25
2023-02-28,route,Chennai-Ahmedabad,76.32
2023-03-01,route,Chennai-Ahmedabad,66.18
2023-03-02,route,Chennai-Ahmedabad,66.18
2023-03-03,route,Chennai-Ahmedabad,77.94
2023-03-04,route,Chennai-Ahmedabad,86.66
2023-03-05,route,Chennai-Ahmedabad,80.59
2023-03-06,route,Chennai-Ahmedabad,81.51
2023-01-16,route,Ahmedabad-Delhi,133.99
2023-01-17,route,Ahmedabad-Delhi,105.15
2023-01-18,route,Ahmedabad-Delhi,116.99
2023-01-19,route,Ahmedabad-Delhi,96.46
2023-01-20,route,Ahmedabad-Delhi,100.0
2023-01-21,route,Ahmedabad-Delhi,89.61
2023-01-22,route,Ahmedabad-Delhi,73.3
2023-01-23,route,Ahmedabad-Delhi,71.1
2023-01-24,route,Ahmedabad-Delhi,69.54
2023-01-25,route,Ahmedabad-Delhi,88.17
2023-01-26,route,Ahmedabad-Delhi,80.88
2023-01-27,route,Ahmedabad-Delhi,69.06
2023-01-28,route,Ahmedabad-Delhi,71.67
2023-01-29,route,Ahmedabad-Delhi,107.08
2023-01-30,route,Ahmedabad-Delhi,69.9
2023-01-31,route,Ahmedabad-Delhi,63.0
2023-02-01,route,Ahmedabad-Delhi,64.28
2023-02-02,route,Ahmedabad-Delhi,61.97
2023-02-03,route,Ahmedabad-Delhi,63.67
2023-02-04,route,Ahmedabad-Delhi,59.99
2023-02-05,route,Ahmedabad-Delhi,59.14
2023-02-06,route,Ahmedabad-Delhi,59.14
2023-02-07,route,Ahmedabad-Delhi,59.14
2023-02-08,route,Ahmedabad-Delhi,66.51
2023-02-09,route,Ahmedabad-Delhi,56.97
2023-02-10,route,Ahmedabad-Delhi,55.95
2023-02-11,route,Ahmedabad-Delhi,69.55
2023-02-12,route,Ahmedabad-Delhi,61.62
2023-02-13,route,Ahmedabad-Delhi,55.95
2023-02-14,route,Ahmedabad-Delhi,55.95
2023-02-15,route,Ahmedabad-Delhi,55.95
2023-02-16,route,Ahmedabad-Delhi,69.55
2023-02-17,route,Ahmedabad-Delhi,57.73
2023-02-18,route,Ahmedabad-Delhi,55.95
2023-02-19,route,Ahmedabad-Delhi,55.95
2023-02-20,route,Ahmedabad-Delhi,59.14
2023-02-21,route,Ahmedabad-Delhi,53.48
2023-02-22,route,Ahmedabad-Delhi,51.67
2023-02-23,route,Ahmedabad-Delhi,55.95
2023-02-24,route,Ahmedabad-Delhi,55.95
2023-02-25,route,Ahmedabad-Delhi,53.48
2023-02-26,route,Ahmedabad-Delhi,55.95
2023-02-27,route,Ahmedabad-Delhi,53.48
2023-02-28,route,Ahmedabad-Delhi,51.67
2023-03-01,route,Ahmedabad-Delhi,51.67
2023-03-02,route,Ahmedabad-Delhi,51.67
2023-03-03,route,Ahmedabad-Delhi,54.5
2023-03-04,route,Ahmedabad-Delhi,51.67
2023-03-06,route,Ahmedabad-Delhi,53.48
2023-01-16,route,Ahmedabad-Mumbai,140.54
2023-01-19,route,Ahmedabad-Mumbai,102.0
2023-01-20,route,Ahmedabad-Mumbai,82.54
2023-01-22,route,Ahmedabad-Mumbai,98.0
2023-01-23,route,Ahmedabad-Mumbai,90.03
2023-01-24,route,Ahmedabad-Mumbai,94.94
2023-01-25,route,Ahmedabad-Mumbai,94.75
2023-01-26,route,Ahmedabad-Mumbai,102.0
2023-01-27,route,Ahmedabad-Mumbai,94.75
2023-01-28,route,Ahmedabad-Mumbai,94.75
2023-01-29,route,Ahmedabad-Mumbai,103.24
2023-01-31,route,Ahmedabad-Mumbai,94.56
2023-02-01,route,Ahmedabad-Mumbai,85.59
2023-02-02,route,Ahmedabad-Mumbai,73.1
2023-02-03,route,Ahmedabad-Mumbai,76.82
2023-02-04,route,Ahmedabad-Mumbai,85.59
2023-02-05,route,Ahmedabad-Mumbai,66.95
2023-02-06,route,Ahmedabad-Mumbai,54.5
2023-02-07,route,Ahmedabad-Mumbai,63.08
2023-02-09,route,Ahmedabad-Mumbai,52.92
2023-02-10,route,Ahmedabad-Mumbai,53.92
2023-02-13,route,Ahmedabad-Mumbai,63.08
2023-02-17,route,Ahmedabad-Mumbai,53.35
2023-02-18,route,Ahmedabad-Mumbai,63.08
2023-02-20,route,Ahmedabad-Mumbai,13.63
2023-02-21,route,Ahmedabad-Mumbai,51.06
2023-02-22,route,Ahmedabad-Mumbai,51.06
2023-02-23,route,Ahmedabad-Mumbai,51.06
2023-02-24,route,Ahmedabad-Mumbai,51.06
2023-02-25,route,Ahmedabad-Mumbai,51.06
2023-02-26,route,Ahmedabad-Mumbai,51.06
2023-02-27,route,Ahmedabad-Mumbai,48.2
2023-02-28,route,Ahmedabad-Mumbai,45.91
2023-03-01,route,Ahmedabad-Mumbai,50.95
2023-03-02,route,Ahmedabad-Mumbai,44.19
2023-03-03,route,Ahmedabad-Mumbai,50.84
2023-03-04,route,Ahmedabad-Mumbai,51.06
2023-03-05,route,Ahmedabad-Mumbai,51.06
2023-03-06,route,Ahmedabad-Mumbai,14.31
2023-01-16,route,Ahmedabad-Bangalore,128.47
2023-01-17,route,Ahmedabad-Bangalore,112.48
2023-01-18,route,Ahmedabad-Bangalore,116.21
2023-01-19,route,Ahmedabad-Bangalore,100.0
2023-01-20,route,Ahmedabad-Bangalore,97.0
2023-01-21,route,Ahmedabad-Bangalore,78.07
2023-01-22,route,Ahmedabad-Bangalore,83.01
2023-01-23,route,Ahmedabad-Bangalore,66.52
2023-01-24,route,Ahmedabad-Bangalore,67.65
2023-01-25,route,Ahmedabad-Bangalore,109.27
2023-01-26,route,Ahmedabad-Bangalore,63.36
2023-01-28,route,Ahmedabad-Bangalore,81.78
2023-01-29,route,Ahmedabad-Bangalore,121.44
2023-01-30,route,Ahmedabad-Bangalore,88.06
2023-01-31,route,Ahmedabad-Bangalore,60.87
2023-02-01,route,Ahmedabad-Bangalore,61.31
2023-02-02,route,Ahmedabad-Bangalore,50.89
2023-02-03,route,Ahmedabad-Bangalore,60.5
2023-02-04,route,Ahmedabad-Bangalore,50.15
2023-02-05,route,Ahmedabad-Bangalore,63.41
2023-02-06,route,Ahmedabad-Bangalore,50.15
2023-02-07,route,Ahmedabad-Bangalore,47.54
2023-02-08,route,Ahmedabad-Bangalore,63.0
2023-02-09,route,Ahmedabad-Bangalore,43.39
2023-02-10,route,Ahmedabad-Bangalore,59.61
2023-02-11,route,Ahmedabad-Bangalore,67.76
2023-02-12,route,Ahmedabad-Bangalore,65.72
2023-02-14,route,Ahmedabad-Bangalore,50.15
2023-02-15,route,Ahmedabad-Bangalore,49.5
2023-02-16,route,Ahmedabad-Bangalore,63.33
2023-02-17,route,Ahmedabad-Bangalore,50.62
2023-02-18,route,Ahmedabad-Bangalore,44.79
2023-02-19,route,Ahmedabad-Bangalore,50.15
2023-02-20,route,Ahmedabad-Bangalore,47.25
2023-02-21,route,Ahmedabad-Bangalore,43.39
2023-02-22,route,Ahmedabad-Bangalore,50.15
2023-02-23,route,Ahmedabad-Bangalore,60.03
2023-02-24,route,Ahmedabad-Bangalore,49.66
2023-02-25,route,Ahmedabad-Bangalore,43.39
2023-02-26,route,Ahmedabad-Bangalore,50.15
2023-02-27,route,Ahmedabad-Bangalore,41.97
2023-02-28,route,Ahmedabad-Bangalore,43.39
2023-03-01,route,Ahmedabad-Bangalore,50.15
2023-03-02,route,Ahmedabad-Bangalore,43.39
2023-03-03,route,Ahmedabad-Bangalore,45.91
2023-03-06,route,Ahmedabad-Bangalore,54.36
2023-01-16,route,Ahmedabad-Hyderabad,175.37
2023-01-19,route,Ahmedabad-Hyderabad,108.17
2023-01-21,route,Ahmedabad-Hyderabad,89.23
2023-01-22,route,Ahmedabad-Hyderabad,91.83
2023-01-23,route,Ahmedabad-Hyderabad,78.81
2023-01-24,route,Ahmedabad-Hyderabad,80.25
2023-01-25,route,Ahmedabad-Hyderabad,102.58
2023-01-26,route,Ahmedabad-Hyderabad,86.83
2023-01-27,route,Ahmedabad-Hyderabad,78.04
2023-01-28,route,Ahmedabad-Hyderabad,91.9
2023-01-29,route,Ahmedabad-Hyderabad,119.71
2023-01-30,route,Ahmedabad-Hyderabad,89.19
2023-01-31,route,Ahmedabad-Hyderabad,77.03
2023-02-02,route,Ahmedabad-Hyderabad,70.96
2023-02-04,route,Ahmedabad-Hyderabad,70.82
2023-02-05,route,Ahmedabad-Hyderabad,70.1
2023-02-06,route,Ahmedabad-Hyderabad,71.63
2023-02-07,route,Ahmedabad-Hyderabad,72.13
2023-02-08,route,Ahmedabad-Hyderabad,68.15
2023-02-10,route,Ahmedabad-Hyderabad,66.52
2023-02-11,route,Ahmedabad-Hyderabad,76.6
2023-02-12,route,Ahmedabad-Hyderabad,73.54
2023-02-13,route,Ahmedabad-Hyderabad,41.43
2023-02-14,route,Ahmedabad-Hyderabad,62.48
2023-02-15,route,Ahmedabad-Hyderabad,61.27
2023-02-16,route,Ahmedabad-Hyderabad,72.85
2023-02-17,route,Ahmedabad-Hyderabad,64.51
2023-02-18,route,Ahmedabad-Hyderabad,63.17
2023-02-19,route,Ahmedabad-Hyderabad,65.7
2023-02-20,route,Ahmedabad-Hyderabad,71.48
2023-02-21,route,Ahmedabad-Hyderabad,65.52
2023-02-22,route,Ahmedabad-Hyderabad,63.69
2023-02-23,route,Ahmedabad-Hyderabad,68.98
2023-02-24,route,Ahmedabad-Hyderabad,59.89
2023-02-25,route,Ahmedabad-Hyderabad,60.81
2023-02-26,route,Ahmedabad-Hyderabad,63.71
2023-02-27,route,Ahmedabad-Hyderabad,60.81
2023-02-28,route,Ahmedabad-Hyderabad,58.37
2023-03-01,route,Ahmedabad-Hyderabad,58.95
2023-03-02,route,Ahmedabad-Hyderabad,59.31
2023-03-03,route,Ahmedabad-Hyderabad,66.4
2023-03-04,route,Ahmedabad-Hyderabad,71.75
2023-03-05,route,Ahmedabad-Hyderabad,70.53
2023-03-06,route,Ahmedabad-Hyderabad,66.4
2023-01-16,route,Ahmedabad-Kolkata,137.09
2023-01-17,route,Ahmedabad-Kolkata,111.53
2023-01-18,route,Ahmedabad-Kolkata,102.17
2023-01-19,route,Ahmedabad-Kolkata,97.83
2023-01-20,route,Ahmedabad-Kolkata,95.87
2023-01-22,route,Ahmedabad-Kolkata,89.47
2023-01-23,route,Ahmedabad-Kolkata,89.72
2023-01-25,route,Ahmedabad-Kolkata,106.67
2023-01-26,route,Ahmedabad-Kolkata,82.59
2023-01-30,route,Ahmedabad-Kolkata,77.7
2023-02-02,route,Ahmedabad-Kolkata,74.39
2023-02-03,route,Ahmedabad-Kolkata,74.9
2023-02-04,route,Ahmedabad-Kolkata,78.87
2023-02-05,route,Ahmedabad-Kolkata,66.1
2023-02-08,route,Ahmedabad-Kolkata,68.35
2023-02-09,route,Ahmedabad-Kolkata,60.93
2023-02-10,route,Ahmedabad-Kolkata,61.75
2023-02-11,route,Ahmedabad-Kolkata,73.88
2023-02-12,route,Ahmedabad-Kolkata,66.19
2023-02-13,route,Ahmedabad-Kolkata,64.25
2023-02-14,route,Ahmedabad-Kolkata,60.77
2023-02-15,route,Ahmedabad-Kolkata,60.77
2023-02-16,route,Ahmedabad-Kolkata,60.77
2023-02-17,route,Ahmedabad-Kolkata,61.75
2023-02-18,route,Ahmedabad-Kolkata,63.57
2023-02-19,route,Ahmedabad-Kolkata,60.77
2023-02-20,route,Ahmedabad-Kolkata,60.77
2023-02-22,route,Ahmedabad-Kolkata,60.77
2023-02-23,route,Ahmedabad-Kolkata,61.75
2023-02-26,route,Ahmedabad-Kolkata,60.77
2023-02-28,route,Ahmedabad-Kolkata,53.06
2023-03-01,route,Ahmedabad-Kolkata,54.23
2023-03-02,route,Ahmedabad-Kolkata,56.56
2023-03-03,route,Ahmedabad-Kolkata,60.77
2023-03-06,route,Ahmedabad-Kolkata,59.14
2023-01-16,route,Ahmedabad-Chennai,119.83
2023-01-17,route,Ahmedabad-Chennai,129.84
2023-01-18,route,Ahmedabad-Chennai,116.41
2023-01-19,route,Ahmedabad-Chennai,100.0
2023-01-20,route,Ahmedabad-Chennai,96.3
2023-01-21,route,Ahmedabad-Chennai,93.22
2023-01-22,route,Ahmedabad-Chennai,94.61
2023-01-23,route,Ahmedabad-Chennai,76.25
2023-01-24,route,Ahmedabad-Chennai,74.29
2023-01-25,route,Ahmedabad-Chennai,107.63
2023-01-26,route,Ahmedabad-Chennai,87.33
2023-01-27,route,Ahmedabad-Chennai,85.32
2023-01-28,route,Ahmedabad-Chennai,84.82
2023-01-29,route,Ahmedabad-Chennai,114.74
2023-01-30,route,Ahmedabad-Chennai,73.82
2023-01-31,route,Ahmedabad-Chennai,72.08
2023-02-01,route,Ahmedabad-Chennai,92.22
2023-02-02,route,Ahmedabad-Chennai,76.25
2023-02-03,route,Ahmedabad-Chennai,73.18
2023-02-04,route,Ahmedabad-Chennai,74.35
2023-02-05,route,Ahmedabad-Chennai,66.24
2023-02-06,route,Ahmedabad-Chennai,68.46
2023-02-07,route,Ahmedabad-Chennai,70.09
2023-02-08,route,Ahmedabad-Chennai,68.96
2023-02-09,route,Ahmedabad-Chennai,62.67
2023-02-10,route,Ahmedabad-Chennai,70.18
2023-02-11,route,Ahmedabad-Chennai,66.75
2023-02-12,route,Ahmedabad-Chennai,71.24
2023-02-13,route,Ahmedabad-Chennai,62.67
2023-02-14,route,Ahmedabad-Chennai,59.68
2023-02-15,route,Ahmedabad-Chennai,63.89
2023-02-16,route,Ahmedabad-Chennai,63.89
2023-02-17,route,Ahmedabad-Chennai,38.89
2023-02-18,route,Ahmedabad-Chennai,63.99
2023-02-20,route,Ahmedabad-Chennai,66.75
2023-02-21,route,Ahmedabad-Chennai,59.6
2023-02-22,route,Ahmedabad-Chennai,63.62
2023-02-23,route,Ahmedabad-Chennai,68.47
2023-02-24,route,Ahmedabad-Chennai,56.74
2023-02-25,route,Ahmedabad-Chennai,48.49
2023-02-26,route,Ahmedabad-Chennai,54.46
2023-02-27,route,Ahmedabad-Chennai,53.27
2023-02-28,route,Ahmedabad-Chennai,48.49
2023-03-01,route,Ahmedabad-Chennai,46.04
2023-03-02,route,Ahmedabad-Chennai,59.68
2023-03-03,route,Ahmedabad-Chennai,53.78
2023-03-04,route,Ahmedabad-Chennai,69.54
2023-03-05,route,Ahmedabad-Chennai,67.39
2023-03-06,route,Ahmedabad-Chennai,60.51
2023-01-16,airline,SpiceJet,103.48
2023-01-17,airline,SpiceJet,93.56
2023-01-18,airline,SpiceJet,92.84
2023-01-19,airline,SpiceJet,94.37
2023-01-20,airline,SpiceJet,110.51
2023-01-21,airline,SpiceJet,109.85
2023-01-22,airline,SpiceJet,100.0
2023-01-23,airline,SpiceJet,81.13
2023-01-24,airline,SpiceJet,84.5
2023-01-25,airline,SpiceJet,103.09
2023-01-26,airline,SpiceJet,97.62
2023-01-27,airline,SpiceJet,85.45
2023-01-28,airline,SpiceJet,109.68
2023-01-29,airline,SpiceJet,110.8
2023-01-30,airline,SpiceJet,92.02
2023-01-31,airline,SpiceJet,80.29
2023-02-01,airline,SpiceJet,85.54
2023-02-02,airline,SpiceJet,87.86
2023-02-03,airline,SpiceJet,92.9
2023-02-04,airline,SpiceJet,90.54
2023-02-05,airline,SpiceJet,91.28
2023-02-06,airline,SpiceJet,80.01
2023-02-07,airline,SpiceJet,89.22
2023-02-08,airline,SpiceJet,80.23
2023-02-09,airline,SpiceJet,85.55
2023-02-10,airline,SpiceJet,85.13
2023-02-11,airline,SpiceJet,85.01
2023-02-12,airline,SpiceJet,85.54
2023-02-13,airline,SpiceJet,80.01
2023-02-14,airline,SpiceJet,78.92
2023-02-15,airline,SpiceJet,78.61
2023-02-16,airline,SpiceJet,79.23
2023-02-17,airline,SpiceJet,80.23
2023-02-18,airline,SpiceJet,83.06
2023-02-19,airline,SpiceJet,80.75
2023-02-20,airline,SpiceJet,79.23
2023-02-21,airline,SpiceJet,80.27
2023-02-22,airline,SpiceJet,78.41
2023-02-23,airline,SpiceJet,79.23
2023-02-24,airline,SpiceJet,79.23
2023-02-25,airline,SpiceJet,79.98
2023-02-26,airline,SpiceJet,79.23
2023-02-27,airline,SpiceJet,75.87
2023-02-28,airline,SpiceJet,78.38
2023-03-01,airline,SpiceJet,78.59
2023-03-02,airline,SpiceJet,79.9
2023-03-03,airline,SpiceJet,79.9
2023-03-04,airline,SpiceJet,76.61
2023-03-05,airline,SpiceJet,81.76
2023-03-06,airline,SpiceJet,79.98
2023-01-16,airline,Indigo,100.59
2023-01-17,airline,Indigo,99.68
2023-01-18,airline,Indigo,100.0
2023-01-19,airline,Indigo,93.49
2023-01-20,airline,Indigo,101.98
2023-01-21,airline,Indigo,96.93
2023-01-22,airline,Indigo,105.2
2023-01-23,airline,Indigo,85.11
2023-01-24,airline,Indigo,79.71
2023-01-25,airline,Indigo,99.52
2023-01-26,airline,Indigo,92.03
2023-01-27,airline,Indigo,82.22
2023-01-28,airline,Indigo,87.54
2023-01-29,airline,Indigo,107.54
2023-01-30,airline,Indigo,81.01
2023-01-31,airline,Indigo,64.21
2023-02-01,airline,Indigo,71.99
2023-02-02,airline,Indigo,65.62
2023-02-03,airline,Indigo,70.97
2023-02-04,airline,Indigo,69.86
2023-02-05,airline,Indigo,73.83
2023-02-06,airline,Indigo,65.59
2023-02-07,airline,Indigo,64.13
2023-02-08,airline,Indigo,69.86
2023-02-09,airline,Indigo,68.43
2023-02-10,airline,Indigo,73.55
2023-02-11,airline,Indigo,71.82
2023-02-12,airline,Indigo,72.53
2023-02-13,airline,Indigo,65.82
2023-02-14,airline,Indigo,63.57
2023-02-15,airline,Indigo,64.35
2023-02-16,airline,Indigo,66.04
2023-02-17,airline,Indigo,68.43
2023-02-18,airline,Indigo,68.93
2023-02-19,airline,Indigo,68.93
2023-02-20,airline,Indigo,64.22
2023-02-21,airline,Indigo,62.16
2023-02-22,airline,Indigo,64.25
2023-02-23,airline,Indigo,65.22
2023-02-24,airline,Indigo,64.81
2023-02-25,airline,Indigo,63.91
2023-02-26,airline,Indigo,63.57
2023-02-27,airline,Indigo,62.46
2023-02-28,airline,Indigo,62.2
2023-03-01,airline,Indigo,68.12
2023-03-02,airline,Indigo,63.57
2023-03-03,airline,Indigo,75.1
2023-03-04,airline,Indigo,73.78
2023-03-05,airline,Indigo,73.83
2023-03-06,airline,Indigo,75.09
2023-01-16,airline,GO FIRST,100.0
2023-01-17,airline,GO FIRST,86.97
2023-01-18,airline,GO FIRST,86.97
2023-01-19,airline,GO FIRST,86.71
2023-01-20,airline,GO FIRST,102.07
2023-01-21,airline,GO FIRST,105.89
2023-01-22,airline,GO FIRST,112.54
2023-01-23,airline,GO FIRST,83.46
2023-01-24,airline,GO FIRST,86.61
2023-01-25,airline,GO FIRST,115.29
2023-01-26,airline,GO FIRST,88.53
2023-01-27,airline,GO FIRST,86.61
2023-01-28,airline,GO FIRST,94.09
2023-01-29,airline,GO FIRST,131.88
2023-01-30,airline,GO FIRST,85.4
2023-01-31,airline,GO FIRST,78.1
2023-02-01,airline,GO FIRST,78.18
2023-02-02,airline,GO FIRST,76.63
2023-02-03,airline,GO FIRST,79.93
2023-02-04,airline,GO FIRST,84.91
2023-02-05,airline,GO FIRST,84.91
2023-02-06,airline,GO FIRST,76.63
2023-02-07,airline,GO FIRST,76.87
2023-02-08,airline,GO FIRST,76.67
2023-02-09,airline,GO FIRST,76.67
2023-02-10,airline,GO FIRST,78.86
2023-02-11,airline,GO FIRST,76.67
2023-02-12,airline,GO FIRST,79.93
2023-02-13,airline,GO FIRST,78.77
2023-02-14,airline,GO FIRST,73.86
2023-02-15,airline,GO FIRST,76.67
2023-02-16,airline,GO FIRST,76.67
2023-02-17,airline,GO FIRST,79.93
2023-02-18,airline,GO FIRST,78.18
2023-02-19,airline,GO FIRST,85.17
2023-02-20,airline,GO FIRST,78.18
2023-02-21,airline,GO FIRST,76.63
2023-02-22,airline,GO FIRST,78.18
2023-02-23,airline,GO FIRST,76.63
2023-02-24,airline,GO FIRST,75.1
2023-02-25,airline,GO FIRST,79.93
2023-02-26,airline,GO FIRST,76.63
2023-02-27,airline,GO FIRST,73.7
2023-02-28,airline,GO FIRST,73.7
2023-03-01,airline,GO FIRST,76.63
2023-03-02,airline,GO FIRST,76.63
2023-03-03,airline,GO FIRST,79.93
2023-03-04,airline,GO FIRST,79.93
2023-03-05,airline,GO FIRST,79.93
2023-03-06,airline,GO FIRST,79.82
2023-01-16,airline,Air India,100.04
2023-01-17,airline,Air India,93.18
2023-01-18,airline,Air India,93.93
2023-01-19,airline,Air India,93.21
2023-01-20,airline,Air India,105.57
2023-01-21,airline,Air India,102.37
2023-01-22,airline,Air India,100.0
2023-01-23,airline,Air India,92.85
2023-01-24,airline,Air India,90.61
2023-01-25,airline,Air India,102.37
2023-01-26,airline,Air India,92.79
2023-01-27,airline,Air India,90.05
2023-01-28,airline,Air India,96.61
2023-01-29,airline,Air India,103.03
2023-01-30,airline,Air India,81.83
2023-01-31,airline,Air India,77.81
2023-02-01,airline,Air India,81.1
2023-02-02,airline,Air India,78.96
2023-02-03,airline,Air India,83.71
2023-02-04,airline,Air India,87.09
2023-02-05,airline,Air India,86.1
2023-02-06,airline,Air India,80.81
2023-02-07,airline,Air India,80.81
2023-02-08,airline,Air India,80.81
2023-02-09,airline,Air India,81.2
2023-02-10,airline,Air India,81.2
2023-02-11,airline,Air India,84.85
2023-02-12,airline,Air India,81.36
2023-02-13,airline,Air India,77.57
2023-02-14,airline,Air India,75.44
2023-02-15,airline,Air India,75.44
2023-02-16,airline,Air India,78.61
2023-02-17,airline,Air India,77.61
2023-02-18,airline,Air India,81.76
2023-02-19,airline,Air India,81.2
2023-02-20,airline,Air India,78.54
2023-02-21,airline,Air India,75.44
2023-02-22,airline,Air India,75.44
2023-02-23,airline,Air India,77.61
2023-02-24,airline,Air India,72.4
2023-02-25,airline,Air India,77.61
2023-02-26,airline,Air India,77.61
2023-02-27,airline,Air India,73.2
2023-02-28,airline,Air India,72.4
2023-03-01,airline,Air India,78.23
2023-03-02,airline,Air India,79.44
2023-03-03,airline,Air India,81.2
2023-03-04,airline,Air India,81.2
2023-03-05,airline,Air India,79.44
2023-03-06,airline,Air India,81.2
2023-01-16,airline,AirAsia,100.0
2023-01-17,airline,AirAsia,95.03
2023-01-18,airline,AirAsia,95.45
2023-01-19,airline,AirAsia,95.03
2023-01-20,airline,AirAsia,112.1
2023-01-21,airline,AirAsia,111.25
2023-01-22,airline,AirAsia,109.32
2023-01-23,airline,AirAsia,91.1
2023-01-24,airline,AirAsia,96.28
2023-01-25,airline,AirAsia,116.91
2023-01-26,airline,AirAsia,100.9
2023-01-27,airline,AirAsia,91.01
2023-01-28,airline,AirAsia,100.02
2023-01-29,airline,AirAsia,129.31
2023-01-30,airline,AirAsia,86.45
2023-01-31,airline,AirAsia,80.44
2023-02-01,airline,AirAsia,82.56
2023-02-02,airline,AirAsia,82.56
2023-02-03,airline,AirAsia,83.1
2023-02-04,airline,AirAsia,82.69
2023-02-05,airline,AirAsia,85.41
2023-02-06,airline,AirAsia,78.91
2023-02-07,airline,AirAsia,77.32
2023-02-08,airline,AirAsia,80.44
2023-02-09,airline,AirAsia,80.44
2023-02-10,airline,AirAsia,83.33
2023-02-11,airline,AirAsia,82.25
2023-02-12,airline,AirAsia,84.5
2023-02-13,airline,AirAsia,80.44
2023-02-14,airline,AirAsia,78.91
2023-02-15,airline,AirAsia,80.44
2023-02-16,airline,AirAsia,82.69
2023-02-17,airline,AirAsia,80.44
2023-02-18,airline,AirAsia,82.69
2023-02-19,airline,AirAsia,82.78
2023-02-20,airline,AirAsia,80.72
2023-02-21,airline,AirAsia,77.32
2023-02-22,airline,AirAsia,81.95
2023-02-23,airline,AirAsia,80.37
2023-02-24,airline,AirAsia,80.37
2023-02-25,airline,AirAsia,81.4
2023-02-26,airline,AirAsia,81.4
2023-02-27,airline,AirAsia,77.32
2023-02-28,airline,AirAsia,80.37
2023-03-01,airline,AirAsia,81.69
2023-03-02,airline,AirAsia,80.44
2023-03-03,airline,AirAsia,84.5
2023-03-04,airline,AirAsia,82.78
2023-03-05,airline,AirAsia,85.46
2023-03-06,airline,AirAsia,82.78
2023-01-16,airline,Vistara,113.72
2023-01-17,airline,Vistara,102.81
2023-01-18,airline,Vistara,98.28
2023-01-19,airline,Vistara,93.46
2023-01-20,airline,Vistara,105.77
2023-01-21,airline,Vistara,100.0
2023-01-22,airline,Vistara,93.91
2023-01-23,airline,Vistara,82.14
2023-01-24,airline,Vistara,80.66
2023-01-25,airline,Vistara,95.04
2023-01-26,airline,Vistara,83.35
2023-01-27,airline,Vistara,81.53
2023-01-28,airline,Vistara,77.89
2023-01-29,airline,Vistara,92.24
2023-01-30,airline,Vistara,79.81
2023-01-31,airline,Vistara,71.53
2023-02-01,airline,Vistara,69.53
2023-02-02,airline,Vistara,66.66
2023-02-03,airline,Vistara,73.69
2023-02-04,airline,Vistara,72.0
2023-02-05,airline,Vistara,73.27
2023-02-06,airline,Vistara,63.91
2023-02-07,airline,Vistara,65.01
2023-02-08,airline,Vistara,65.26
2023-02-09,airline,Vistara,64.1
2023-02-10,airline,Vistara,65.87
2023-02-11,airline,Vistara,69.62
2023-02-12,airline,Vistara,69.16
2023-02-13,airline,Vistara,63.28
2023-02-14,airline,Vistara,61.16
2023-02-15,airline,Vistara,62.26
2023-02-16,airline,Vistara,63.63
2023-02-17,airline,Vistara,63.8
2023-02-18,airline,Vistara,65.84
2023-02-19,airline,Vistara,69.25
2023-02-20,airline,Vistara,61.28
2023-02-21,airline,Vistara,60.38
2023-02-22,airline,Vistara,61.04
2023-02-23,airline,Vistara,58.57
2023-02-24,airline,Vistara,60.73
2023-02-25,airline,Vistara,60.73
2023-02-26,airline,Vistara,65.12
2023-02-27,airline,Vistara,60.2
2023-02-28,airline,Vistara,57.7
2023-03-01,airline,Vistara,57.81
2023-03-02,airline,Vistara,58.57
2023-03-03,airline,Vistara,62.15
2023-03-04,airline,Vistara,60.73
2023-03-05,airline,Vistara,64.11
2023-03-06,airline,Vistara,57.7
2023-01-16,airline,AkasaAir,118.03
2023-01-17,airline,AkasaAir,93.55
2023-01-18,airline,AkasaAir,87.82
2023-01-19,airline,AkasaAir,97.34
2023-01-20,airline,AkasaAir,100.0
2023-01-21,airline,AkasaAir,123.88
2023-01-22,airline,AkasaAir,105.28
2023-01-23,airline,AkasaAir,105.12
2023-01-24,airline,AkasaAir,91.79
2023-01-25,airline,AkasaAir,137.46
2023-01-26,airline,AkasaAir,128.77
2023-01-27,airline,AkasaAir,100.25
2023-01-28,airline,AkasaAir,94.73
2023-01-29,airline,AkasaAir,154.54
2023-01-30,airline,AkasaAir,117.07
2023-01-31,airline,AkasaAir,82.65
2023-02-01,airline,AkasaAir,81.61
2023-02-02,airline,AkasaAir,87.82
2023-02-03,airline,AkasaAir,84.36
2023-02-04,airline,AkasaAir,86.38
2023-02-05,airline,AkasaAir,83.75
2023-02-06,airline,AkasaAir,77.34
2023-02-07,airline,AkasaAir,77.17
2023-02-08,airline,AkasaAir,82.65
2023-02-09,airline,AkasaAir,84.36
2023-02-10,airline,AkasaAir,89.07
2023-02-11,airline,AkasaAir,93.36
2023-02-12,airline,AkasaAir,87.82
2023-02-13,airline,AkasaAir,78.63
2023-02-14,airline,AkasaAir,79.04
2023-02-15,airline,AkasaAir,79.11
2023-02-16,airline,AkasaAir,81.5
2023-02-17,airline,AkasaAir,81.56
2023-02-18,airline,AkasaAir,81.06
2023-02-19,airline,AkasaAir,84.36
2023-02-20,airline,AkasaAir,74.24
2023-02-21,airline,AkasaAir,77.17
2023-02-22,airline,AkasaAir,75.71
2023-02-23,airline,AkasaAir,81.56
2023-02-24,airline,AkasaAir,81.25
2023-02-25,airline,AkasaAir,74.24
2023-02-26,airline,AkasaAir,84.44
2023-02-27,airline,AkasaAir,73.19
2023-02-28,airline,AkasaAir,73.19
2023-03-01,airline,AkasaAir,76.93
2023-03-02,airline,AkasaAir,77.02
2023-03-03,airline,AkasaAir,75.72
2023-03-04,airline,AkasaAir,77.34
2023-03-05,airline,AkasaAir,78.13
2023-03-06,airline,AkasaAir,75.71
2023-01-16,airline,AllianceAir,122.93
2023-01-17,airline,AllianceAir,110.85
2023-01-18,airline,AllianceAir,97.65
2023-01-19,airline,AllianceAir,101.7
2023-01-20,airline,AllianceAir,91.68
2023-01-21,airline,AllianceAir,100.0
2023-01-22,airline,AllianceAir,94.75
2023-01-23,airline,AllianceAir,83.76
2023-01-24,airline,AllianceAir,85.46
2023-01-25,airline,AllianceAir,102.86
2023-01-26,airline,AllianceAir,100.0
2023-01-27,airline,AllianceAir,87.23
2023-01-28,airline,AllianceAir,94.75
2023-01-29,airline,AllianceAir,96.31
2023-01-30,airline,AllianceAir,83.76
2023-01-31,airline,AllianceAir,85.46
2023-02-01,airline,AllianceAir,83.76
2023-02-02,airline,AllianceAir,91.68
2023-02-03,airline,AllianceAir,90.63
2023-02-04,airline,AllianceAir,91.68
2023-02-05,airline,AllianceAir,90.63
2023-02-06,airline,AllianceAir,91.68
2023-02-07,airline,AllianceAir,90.63
2023-02-08,airline,AllianceAir,91.68
2023-02-09,airline,AllianceAir,85.94
2023-02-10,airline,AllianceAir,87.16
2023-02-11,airline,AllianceAir,84.73
2023-02-12,airline,AllianceAir,91.68
2023-02-13,airline,AllianceAir,94.75
2023-02-14,airline,AllianceAir,91.68
2023-02-15,airline,AllianceAir,82.54
2023-02-16,airline,AllianceAir,80.84
2023-02-17,airline,AllianceAir,79.68
2023-02-18,airline,AllianceAir,79.68
2023-02-19,airline,AllianceAir,79.68
2023-02-20,airline,AllianceAir,79.68
2023-02-21,airline,AllianceAir,79.68
2023-02-22,airline,AllianceAir,77.98
2023-02-23,airline,AllianceAir,80.84
2023-02-24,airline,AllianceAir,79.68
2023-02-25,airline,AllianceAir,80.84
2023-02-26,airline,AllianceAir,77.98
2023-02-27,airline,AllianceAir,79.68
2023-02-28,airline,AllianceAir,79.68
2023-03-01,airline,AllianceAir,79.68
2023-03-02,airline,AllianceAir,79.68
2023-03-03,airline,AllianceAir,79.68
2023-03-04,airline,AllianceAir,77.98
2023-03-05,airline,AllianceAir,77.98
2023-03-06,airline,AllianceAir,79.68
2023-01-17,airline,StarAir,85.87
2023-01-18,airline,StarAir,580.61
2023-01-19,airline,StarAir,95.29
2023-01-21,airline,StarAir,104.71
2023-01-24,airline,StarAir,104.71
2023-01-25,airline,StarAir,472.25
2023-01-26,airline,StarAir,104.71
2023-01-28,airline,StarAir,95.29
2023-01-31,airline,StarAir,239.34
2023-02-01,airline,StarAir,244.92
2023-02-02,airline,StarAir,110.44
2023-02-04,airline,StarAir,110.44
2023-02-07,airline,StarAir,110.44
2023-02-08,airline,StarAir,244.92
2023-02-09,airline,StarAir,110.44
2023-02-11,airline,StarAir,237.4
2023-02-14,airline,StarAir,110.44
2023-02-15,airline,StarAir,188.67
2023-02-16,airline,StarAir,198.53
2023-02-18,airline,StarAir,110.44
2023-02-21,airline,StarAir,110.44
2023-02-22,airline,StarAir,188.67
2023-02-23,airline,StarAir,165.74
2023-02-25,airline,StarAir,165.74
2023-02-28,airline,StarAir,110.44
2023-03-01,airline,StarAir,188.67
2023-03-02,airline,StarAir,110.44
2023-03-04,airline,StarAir,110.44
2023-01-16,booking_window,T+1 to T+3,107.34
2023-01-17,booking_window,T+1 to T+3,100.0
2023-01-18,booking_window,T+1 to T+3,97.98
2023-01-19,booking_window,T+4 to T+7,94.76
2023-01-20,booking_window,T+4 to T+7,104.66
2023-01-21,booking_window,T+4 to T+7,99.23
2023-01-22,booking_window,T+4 to T+7,100.77
