booking_window,median_fare,index_value,percentage_change
1,13298.0,100.0,
2,12388.5,93.16,-6.84
3,12138.0,91.28,-2.02
4,12062.0,90.71,-0.63
5,13323.0,100.19,10.45
6,12632.0,94.99,-5.19
7,12827.0,96.46,1.54
8,11011.0,82.8,-14.16
9,10788.0,81.12,-2.03
10,12936.0,97.28,19.91
11,11519.0,86.62,-10.95
12,10656.0,80.13,-7.49
13,10969.5,82.49,2.94
14,13016.5,97.88,18.66
15,10245.5,77.05,-21.29
16,9046.0,68.03,-11.71
17,9272.0,69.72,2.5
18,8965.0,67.42,-3.31
19,9589.0,72.11,6.96
20,9259.0,69.63,-3.44
21,9872.0,74.24,6.62
22,8895.0,66.89,-9.9
23,8818.0,66.31,-0.87
24,8866.0,66.67,0.54
25,8886.0,66.82,0.23
26,9315.0,70.05,4.83
27,9179.0,69.03,-1.46
28,9499.0,71.43,3.49
29,8634.0,64.93,-9.11
30,8391.0,63.1,-2.81
31,8391.0,63.1,0.0
32,8601.0,64.68,2.5
33,8895.0,66.89,3.42
34,8957.5,67.36,0.7
35,9035.0,67.94,0.87
36,8601.0,64.68,-4.8
37,8234.0,61.92,-4.27
38,8391.0,63.1,1.91
39,8388.0,63.08,-0.04
40,8325.0,62.6,-0.75
41,8474.0,63.72,1.79
42,8633.0,64.92,1.88
43,8143.0,61.23,-5.68
44,8143.0,61.23,0.0
45,8234.0,61.92,1.12
46,8286.0,62.31,0.63
47,8895.0,66.89,7.35
48,8646.0,65.02,-2.8
49,8842.0,66.49,2.27
50,8451.0,63.55,-4.42
