index_date,index_value,percentage_change
2023-01-16,109.43,
2023-01-17,101.9,-6.88
2023-01-18,98.34,-3.49
2023-01-19,97.51,-0.84
2023-01-20,105.7,8.39
2023-01-21,101.94,-3.56
2023-01-22,100.0,-1.9
2023-01-23,89.16,-10.83
2023-01-24,87.9,-1.42
2023-01-25,104.33,18.69
2023-01-26,92.12,-11.7
2023-01-27,86.88,-5.69
2023-01-28,89.28,2.77
2023-01-29,105.91,18.63
2023-01-30,82.0,-22.57
2023-01-31,74.81,-8.77
2023-02-01,77.82,4.03
2023-02-02,72.92,-6.3
2023-02-03,78.54,7.71
2023-02-04,78.09,-0.58
2023-02-05,79.01,1.18
2023-02-06,71.36,-9.68
2023-02-07,71.65,0.41
2023-02-08,72.93,1.77
2023-02-09,71.77,-1.58
2023-02-10,75.84,5.67
2023-02-11,76.18,0.44
2023-02-12,78.86,3.52
2023-02-13,69.41,-11.98
2023-02-14,68.05,-1.95
2023-02-15,68.76,1.03
2023-02-16,70.73,2.87
2023-02-17,71.78,1.5
2023-02-18,71.97,0.26
2023-02-19,74.82,3.96
2023-02-20,67.94,-9.19
2023-02-21,66.09,-2.74
2023-02-22,66.92,1.27
2023-02-23,67.86,1.4
2023-02-24,67.38,-0.7
2023-02-25,66.72,-0.98
2023-02-26,67.74,1.53
2023-02-27,65.37,-3.51
2023-02-28,63.45,-2.93
2023-03-01,66.99,5.57
2023-03-02,67.38,0.58
2023-03-03,71.25,5.74
2023-03-04,72.27,1.44
2023-03-05,72.65,0.52
2023-03-06,68.63,-5.54
