index_date,dimension_type,dimension_value,contribution
2023-01-17,airline,AllianceAir,0.3888
2023-01-17,airline,Vistara,-0.5038
2023-01-17,airline,Indigo,-0.8523
2023-01-17,airline,AirAsia,-1.3684
2023-01-17,airline,SpiceJet,-1.5324
2023-01-17,airline,AkasaAir,-1.5332
2023-01-17,airline,Air India,-1.5747
2023-01-17,airline,GO FIRST,-2.2643
2023-01-17,airline,StarAir,-2.387
2023-01-17,route,Ahmedabad-Chennai,0.5832
2023-01-17,route,Hyderabad-Chennai,0.5816
2023-01-17,route,Delhi-Chennai,0.3674
2023-01-17,route,Mumbai-Bangalore,0.1562
2023-01-17,route,Kolkata-Chennai,0.1098
2023-01-17,route,Ahmedabad-Bangalore,0.0873
2023-01-17,route,Ahmedabad-Kolkata,0.0602
2023-01-17,route,Chennai-Hyderabad,-0.0617
2023-01-17,route,Ahmedabad-Delhi,-0.1221
2023-01-17,route,Delhi-Hyderabad,-0.1445
2023-01-17,route,Bangalore-Chennai,-0.1545
2023-01-17,route,Chennai-Ahmedabad,-0.1936
2023-01-17,route,Hyderabad-Bangalore,-0.218
2023-01-17,route,Mumbai-Ahmedabad,-0.231
2023-01-17,route,Delhi-Mumbai,-0.2693
2023-01-17,route,Delhi-Bangalore,-0.2693
2023-01-17,route,Bangalore-Mumbai,-0.2693
2023-01-17,route,Bangalore-Kolkata,-0.2693
2023-01-17,route,Kolkata-Bangalore,-0.2693
2023-01-17,route,Chennai-Mumbai,-0.2693
2023-01-17,route,Delhi-Ahmedabad,-0.2961
2023-01-17,route,Hyderabad-Delhi,-0.2992
2023-01-17,route,Mumbai-Kolkata,-0.3255
2023-01-17,route,Hyderabad-Mumbai,-0.328
2023-01-17,route,Hyderabad-Kolkata,-0.3315
2023-01-17,route,Chennai-Kolkata,-0.3319
2023-01-17,route,Bangalore-Ahmedabad,-0.3962
2023-01-17,route,Mumbai-Hyderabad,-0.4194
2023-01-17,route,Delhi-Kolkata,-0.4404
2023-01-17,route,Kolkata-Delhi,-0.4882
2023-01-17,route,Mumbai-Delhi,-0.5157
2023-01-17,route,Bangalore-Delhi,-0.5161
2023-01-17,route,Kolkata-Mumbai,-0.5247
2023-01-17,route,Chennai-Delhi,-0.7261
2023-01-17,route,Chennai-Bangalore,-0.7951
2023-01-18,airline,StarAir,53.8768
2023-01-18,airline,Indigo,0.4754
2023-01-18,airline,Vistara,0.2841
2023-01-18,airline,AllianceAir,0.2145
2023-01-18,airline,AirAsia,-0.0303
2023-01-18,airline,Air India,-0.1991
2023-01-18,airline,SpiceJet,-0.3204
2023-01-18,airline,AkasaAir,-0.8783
2023-01-18,airline,GO FIRST,-0.9724
2023-01-18,route,Ahmedabad-Delhi,0.408
2023-01-18,route,Hyderabad-Chennai,0.4067
2023-01-18,route,Ahmedabad-Chennai,0.3923
2023-01-18,route,Ahmedabad-Bangalore,0.387
2023-01-18,route,Delhi-Ahmedabad,0.2035
2023-01-18,route,Kolkata-Chennai,0.0887
2023-01-18,route,Hyderabad-Mumbai,0.041
2023-01-18,route,Ahmedabad-Kolkata,0.0075
2023-01-18,route,Delhi-Chennai,-0.0119
2023-01-18,route,Bangalore-Hyderabad,-0.0439
2023-01-18,route,Mumbai-Bangalore,-0.0512
2023-01-18,route,Chennai-Mumbai,-0.0512
2023-01-18,route,Chennai-Hyderabad,-0.0669
2023-01-18,route,Hyderabad-Ahmedabad,-0.0703
2023-01-18,route,Chennai-Kolkata,-0.0745
2023-01-18,route,Delhi-Kolkata,-0.0771
2023-01-18,route,Kolkata-Bangalore,-0.0785
2023-01-18,route,Hyderabad-Kolkata,-0.0884
2023-01-18,route,Mumbai-Kolkata,-0.1044
2023-01-18,route,Kolkata-Delhi,-0.1195
2023-01-18,route,Chennai-Ahmedabad,-0.1228
2023-01-18,route,Delhi-Mumbai,-0.1279
2023-01-18,route,Mumbai-Ahmedabad,-0.1735
2023-01-18,route,Delhi-Bangalore,-0.1946
2023-01-18,route,Hyderabad-Delhi,-0.2023
2023-01-18,route,Kolkata-Mumbai,-0.2073
2023-01-18,route,Bangalore-Mumbai,-0.2189
2023-01-18,route,Delhi-Hyderabad,-0.2229
2023-01-18,route,Kolkata-Hyderabad,-0.2296
2023-01-18,route,Chennai-Bangalore,-0.2305
2023-01-18,route,Kolkata-Ahmedabad,-0.338
2023-01-18,route,Bangalore-Kolkata,-0.3458
2023-01-18,route,Mumbai-Hyderabad,-0.3561
2023-01-18,route,Chennai-Delhi,-0.3629
2023-01-18,route,Bangalore-Delhi,-0.4004
2023-01-18,route,Bangalore-Chennai,-0.4329
2023-01-18,route,Mumbai-Delhi,-0.488
2023-01-19,airline,AllianceAir,-5.1638
2023-01-19,airline,AkasaAir,-5.6482
2023-01-19,airline,StarAir,-5.8759
2023-01-19,airline,AirAsia,-5.9042
2023-01-19,airline,SpiceJet,-5.9777
2023-01-19,airline,Indigo,-6.0753
2023-01-19,airline,Vistara,-6.0793
2023-01-19,airline,Air India,-6.1064
2023-01-19,airline,GO FIRST,-6.8289
2023-01-19,route,Ahmedabad-Hyderabad,0.2459
2023-01-19,route,Chennai-Bangalore,0.1111
2023-01-19,route,Ahmedabad-Mumbai,0.0916
2023-01-19,route,Hyderabad-Mumbai,0.0532
2023-01-19,route,Kolkata-Hyderabad,0.0459
2023-01-19,route,Chennai-Kolkata,0.0445
2023-01-19,route,Delhi-Chennai,0.0415
2023-01-19,route,Mumbai-Hyderabad,0.0415
2023-01-19,route,Bangalore-Delhi,0.0415
2023-01-19,route,Bangalore-Ahmedabad,0.0415
2023-01-19,route,Hyderabad-Delhi,0.0415
2023-01-19,route,Kolkata-Delhi,0.0415
2023-01-19,route,Chennai-Delhi,0.0415
2023-01-19,route,Chennai-Mumbai,0.0415
2023-01-19,route,Ahmedabad-Bangalore,0.0415
2023-01-19,route,Ahmedabad-Chennai,0.0415
2023-01-19,route,Kolkata-Bangalore,0.0414
2023-01-19,route,Bangalore-Hyderabad,0.0348
2023-01-19,route,Chennai-Hyderabad,0.0126
2023-01-19,route,Mumbai-Kolkata,-0.0076
2023-01-19,route,Delhi-Kolkata,-0.0086
2023-01-19,route,Ahmedabad-Kolkata,-0.0128
2023-01-19,route,Delhi-Mumbai,-0.0304
2023-01-19,route,Mumbai-Chennai,-0.0408
2023-01-19,route,Delhi-Ahmedabad,-0.0467
2023-01-19,route,Ahmedabad-Delhi,-0.047
2023-01-19,route,Delhi-Bangalore,-0.0567
2023-01-19,route,Kolkata-Chennai,-0.0624
2023-01-19,route,Hyderabad-Chennai,-0.0735
2023-01-19,route,Kolkata-Ahmedabad,-0.0794
2023-01-19,route,Bangalore-Kolkata,-0.087
2023-01-19,route,Bangalore-Mumbai,-0.0923
2023-01-19,route,Hyderabad-Bangalore,-0.0986
2023-01-19,route,Mumbai-Delhi,-0.1047
2023-01-19,route,Delhi-Hyderabad,-0.1154
2023-01-19,route,Mumbai-Ahmedabad,-0.1281
2023-01-19,route,Hyderabad-Ahmedabad,-0.1464
2023-01-19,route,Kolkata-Mumbai,-0.1819
2023-01-19,route,Mumbai-Bangalore,-0.2113
2023-01-19,route,Bangalore-Chennai,-0.29
2023-01-20,airline,AirAsia,2.1979
2023-01-20,airline,SpiceJet,1.9996
2023-01-20,airline,Vistara,1.4074
2023-01-20,airline,Air India,1.3819
2023-01-20,airline,GO FIRST,0.9446
2023-01-20,airline,Indigo,0.9339
2023-01-20,airline,AkasaAir,0.686
2023-01-20,airline,AllianceAir,-0.3544
2023-01-20,route,Bangalore-Ahmedabad,0.8295
2023-01-20,route,Bangalore-Mumbai,0.803
2023-01-20,route,Bangalore-Delhi,0.7027
2023-01-20,route,Bangalore-Kolkata,0.6856
2023-01-20,route,Hyderabad-Delhi,0.4597
2023-01-20,route,Kolkata-Bangalore,0.4341
2023-01-20,route,Bangalore-Chennai,0.4257
2023-01-20,route,Chennai-Bangalore,0.4057
2023-01-20,route,Mumbai-Bangalore,0.3437
2023-01-20,route,Chennai-Mumbai,0.3386
2023-01-20,route,Hyderabad-Ahmedabad,0.3225
2023-01-20,route,Chennai-Delhi,0.3061
2023-01-20,route,Kolkata-Hyderabad,0.3042
2023-01-20,route,Chennai-Kolkata,0.2939
2023-01-20,route,Hyderabad-Bangalore,0.2921
2023-01-20,route,Mumbai-Delhi,0.2635
2023-01-20,route,Kolkata-Delhi,0.2083
2023-01-20,route,Delhi-Bangalore,0.207
2023-01-20,route,Kolkata-Mumbai,0.207
2023-01-20,route,Hyderabad-Mumbai,0.2037
2023-01-20,route,Mumbai-Kolkata,0.1857
2023-01-20,route,Bangalore-Hyderabad,0.1569
2023-01-20,route,Mumbai-Chennai,0.1445
2023-01-20,route,Hyderabad-Kolkata,0.105
2023-01-20,route,Kolkata-Chennai,0.0989
2023-01-20,route,Delhi-Kolkata,0.0861
2023-01-20,route,Mumbai-Hyderabad,0.0622
2023-01-20,route,Mumbai-Ahmedabad,0.0622
2023-01-20,route,Chennai-Hyderabad,0.0622
2023-01-20,route,Ahmedabad-Delhi,0.0622
2023-01-20,route,Kolkata-Ahmedabad,0.0614
2023-01-20,route,Delhi-Ahmedabad,0.0387
2023-01-20,route,Ahmedabad-Bangalore,-0.0129
2023-01-20,route,Hyderabad-Chennai,-0.0136
2023-01-20,route,Delhi-Hyderabad,-0.0248
2023-01-20,route,Ahmedabad-Chennai,-0.0304
2023-01-20,route,Ahmedabad-Kolkata,-0.0412
2023-01-20,route,Delhi-Chennai,-0.0508
2023-01-20,route,Ahmedabad-Mumbai,-0.3743
2023-01-20,route,Delhi-Mumbai,-0.4303
2023-01-21,airline,AkasaAir,2.2418
2023-01-21,airline,AirAsia,0.838
2023-01-21,airline,SpiceJet,0.6825
2023-01-21,airline,GO FIRST,0.2425
2023-01-21,airline,StarAir,0.1114
2023-01-21,airline,Air India,-0.1488
2023-01-21,airline,Vistara,-0.4121
2023-01-21,airline,AllianceAir,-0.4121
2023-01-21,airline,Indigo,-0.7535
2023-01-21,route,Bangalore-Delhi,1.0358
2023-01-21,route,Bangalore-Mumbai,0.5351
2023-01-21,route,Bangalore-Kolkata,0.3642
2023-01-21,route,Bangalore-Ahmedabad,0.2612
2023-01-21,route,Chennai-Ahmedabad,0.1988
2023-01-21,route,Mumbai-Ahmedabad,0.1889
2023-01-21,route,Hyderabad-Delhi,0.1446
2023-01-21,route,Mumbai-Kolkata,0.0537
2023-01-21,route,Chennai-Mumbai,0.04
2023-01-21,route,Kolkata-Delhi,0.0315
2023-01-21,route,Bangalore-Chennai,0.0308
2023-01-21,route,Mumbai-Hyderabad,-0.0185
2023-01-21,route,Mumbai-Delhi,-0.0541
2023-01-21,route,Delhi-Mumbai,-0.0718
2023-01-21,route,Hyderabad-Kolkata,-0.1109
2023-01-21,route,Kolkata-Mumbai,-0.1113
2023-01-21,route,Hyderabad-Ahmedabad,-0.128
2023-01-21,route,Kolkata-Bangalore,-0.1448
2023-01-21,route,Kolkata-Ahmedabad,-0.1453
2023-01-21,route,Delhi-Hyderabad,-0.1461
2023-01-21,route,Delhi-Ahmedabad,-0.1461
2023-01-21,route,Chennai-Delhi,-0.1461
2023-01-21,route,Chennai-Kolkata,-0.1461
2023-01-21,route,Delhi-Bangalore,-0.151
2023-01-21,route,Hyderabad-Mumbai,-0.158
2023-01-21,route,Delhi-Chennai,-0.1633
2023-01-21,route,Kolkata-Chennai,-0.1715
2023-01-21,route,Hyderabad-Bangalore,-0.2092
2023-01-21,route,Hyderabad-Chennai,-0.2238
2023-01-21,route,Mumbai-Chennai,-0.2306
2023-01-21,route,Bangalore-Hyderabad,-0.2722
2023-01-21,route,Kolkata-Hyderabad,-0.3153
2023-01-21,route,Ahmedabad-Chennai,-0.32
2023-01-21,route,Ahmedabad-Delhi,-0.4126
2023-01-21,route,Ahmedabad-Hyderabad,-0.4222
2023-01-21,route,Mumbai-Bangalore,-0.4374
2023-01-21,route,Chennai-Hyderabad,-0.5297
2023-01-21,route,Chennai-Bangalore,-0.5516
2023-01-21,route,Ahmedabad-Bangalore,-0.7084
2023-01-22,airline,GO FIRST,0.8046
2023-01-22,airline,AirAsia,0.4022
2023-01-22,airline,AkasaAir,-0.1023
2023-01-22,airline,Indigo,-0.1127
2023-01-22,airline,SpiceJet,-0.7623
2023-01-22,airline,Air India,-0.7623
2023-01-22,airline,AllianceAir,-1.4183
2023-01-22,airline,Vistara,-1.5238
2023-01-22,route,Bangalore-Delhi,0.5471
2023-01-22,route,Delhi-Bangalore,0.4248
2023-01-22,route,Kolkata-Delhi,0.2613
2023-01-22,route,Chennai-Mumbai,0.2466
2023-01-22,route,Bangalore-Mumbai,0.2304
2023-01-22,route,Chennai-Kolkata,0.1878
2023-01-22,route,Chennai-Delhi,0.1672
2023-01-22,route,Hyderabad-Delhi,0.1515
2023-01-22,route,Kolkata-Bangalore,0.0669
2023-01-22,route,Delhi-Ahmedabad,0.0557
2023-01-22,route,Delhi-Kolkata,0.0209
2023-01-22,route,Delhi-Mumbai,0.0136
2023-01-22,route,Chennai-Hyderabad,0.0005
2023-01-22,route,Kolkata-Ahmedabad,-0.0112
2023-01-22,route,Hyderabad-Kolkata,-0.0152
2023-01-22,route,Bangalore-Kolkata,-0.0468
2023-01-22,route,Hyderabad-Bangalore,-0.0494
2023-01-22,route,Delhi-Hyderabad,-0.0523
2023-01-22,route,Mumbai-Delhi,-0.0523
2023-01-22,route,Mumbai-Kolkata,-0.0523
2023-01-22,route,Hyderabad-Chennai,-0.0523
2023-01-22,route,Kolkata-Mumbai,-0.0523
2023-01-22,route,Kolkata-Chennai,-0.0523
2023-01-22,route,Chennai-Bangalore,-0.0523
2023-01-22,route,Kolkata-Hyderabad,-0.0571
2023-01-22,route,Ahmedabad-Mumbai,-0.1065
2023-01-22,route,Delhi-Chennai,-0.1744
2023-01-22,route,Mumbai-Bangalore,-0.1822
2023-01-22,route,Ahmedabad-Chennai,-0.1979
2023-01-22,route,Mumbai-Hyderabad,-0.26
2023-01-22,route,Mumbai-Ahmedabad,-0.2657
2023-01-22,route,Ahmedabad-Hyderabad,-0.2733
2023-01-22,route,Bangalore-Hyderabad,-0.3099
2023-01-22,route,Ahmedabad-Kolkata,-0.3371
2023-01-22,route,Bangalore-Chennai,-0.3754
2023-01-22,route,Ahmedabad-Bangalore,-0.5114
2023-01-22,route,Ahmedabad-Delhi,-0.7741
2023-01-23,airline,AkasaAir,0.3119
2023-01-23,airline,Air India,-1.2213
2023-01-23,airline,AirAsia,-1.4406
2023-01-23,airline,Indigo,-2.189
2023-01-23,airline,AllianceAir,-2.3578
2023-01-23,airline,GO FIRST,-2.3951
2023-01-23,airline,Vistara,-2.5599
2023-01-23,airline,SpiceJet,-2.6861
2023-01-23,route,Hyderabad-Delhi,0.041
2023-01-23,route,Bangalore-Delhi,0.0001
2023-01-23,route,Chennai-Mumbai,0.0001
2023-01-23,route,Mumbai-Kolkata,-0.0096
2023-01-23,route,Mumbai-Chennai,-0.0519
2023-01-23,route,Chennai-Kolkata,-0.0591
2023-01-23,route,Chennai-Ahmedabad,-0.1143
2023-01-23,route,Delhi-Hyderabad,-0.1388
2023-01-23,route,Kolkata-Hyderabad,-0.1391
2023-01-23,route,Mumbai-Hyderabad,-0.1428
2023-01-23,route,Delhi-Kolkata,-0.1617
2023-01-23,route,Hyderabad-Kolkata,-0.1857
2023-01-23,route,Chennai-Delhi,-0.1917
2023-01-23,route,Kolkata-Bangalore,-0.1921
2023-01-23,route,Delhi-Ahmedabad,-0.212
2023-01-23,route,Hyderabad-Ahmedabad,-0.2216
2023-01-23,route,Bangalore-Kolkata,-0.2322
2023-01-23,route,Kolkata-Mumbai,-0.2415
2023-01-23,route,Delhi-Bangalore,-0.2495
2023-01-23,route,Ahmedabad-Mumbai,-0.2694
2023-01-23,route,Ahmedabad-Kolkata,-0.2778
2023-01-23,route,Hyderabad-Bangalore,-0.2903
2023-01-23,route,Delhi-Mumbai,-0.3034
2023-01-23,route,Hyderabad-Mumbai,-0.3056
2023-01-23,route,Kolkata-Delhi,-0.3091
2023-01-23,route,Mumbai-Delhi,-0.3478
2023-01-23,route,Bangalore-Mumbai,-0.3755
2023-01-23,route,Mumbai-Bangalore,-0.3839
2023-01-23,route,Delhi-Chennai,-0.3862
2023-01-23,route,Bangalore-Hyderabad,-0.4222
2023-01-23,route,Chennai-Bangalore,-0.4274
2023-01-23,route,Chennai-Hyderabad,-0.4995
2023-01-23,route,Ahmedabad-Hyderabad,-0.5726
2023-01-23,route,Ahmedabad-Chennai,-0.6419
2023-01-23,route,Ahmedabad-Delhi,-0.7811
2023-01-23,route,Bangalore-Chennai,-0.833
2023-01-23,route,Ahmedabad-Bangalore,-0.9047
2023-01-24,airline,StarAir,1.8473
2023-01-24,airline,AirAsia,0.9105
2023-01-24,airline,AkasaAir,0.4121
2023-01-24,airline,Air India,0.2807
2023-01-24,airline,GO FIRST,-0.1639
2023-01-24,airline,AllianceAir,-0.2918
2023-01-24,airline,SpiceJet,-0.398
2023-01-24,airline,Vistara,-0.8248
2023-01-24,airline,Indigo,-0.9308
2023-01-24,route,Hyderabad-Delhi,0.4251
2023-01-24,route,Bangalore-Delhi,0.2852
2023-01-24,route,Delhi-Ahmedabad,0.2605
2023-01-24,route,Mumbai-Kolkata,0.2481
2023-01-24,route,Chennai-Kolkata,0.2275
2023-01-24,route,Kolkata-Delhi,0.2115
2023-01-24,route,Bangalore-Ahmedabad,0.1993
2023-01-24,route,Mumbai-Hyderabad,0.1939
2023-01-24,route,Ahmedabad-Mumbai,0.1521
2023-01-24,route,Delhi-Kolkata,0.1452
2023-01-24,route,Mumbai-Chennai,0.1211
2023-01-24,route,Bangalore-Kolkata,0.1032
2023-01-24,route,Kolkata-Bangalore,0.0725
2023-01-24,route,Delhi-Bangalore,0.0605
2023-01-24,route,Chennai-Mumbai,0.0513
2023-01-24,route,Delhi-Hyderabad,0.0101
2023-01-24,route,Delhi-Chennai,-0.0133
2023-01-24,route,Kolkata-Hyderabad,-0.0157
2023-01-24,route,Bangalore-Mumbai,-0.0168
2023-01-24,route,Kolkata-Mumbai,-0.0205
2023-01-24,route,Hyderabad-Chennai,-0.0288
2023-01-24,route,Kolkata-Chennai,-0.0354
2023-01-24,route,Chennai-Delhi,-0.0462
2023-01-24,route,Mumbai-Delhi,-0.0604
2023-01-24,route,Hyderabad-Mumbai,-0.1003
2023-01-24,route,Hyderabad-Bangalore,-0.1066
2023-01-24,route,Delhi-Mumbai,-0.1329
2023-01-24,route,Mumbai-Bangalore,-0.1753
2023-01-24,route,Mumbai-Ahmedabad,-0.1839
2023-01-24,route,Ahmedabad-Hyderabad,-0.2346
2023-01-24,route,Bangalore-Hyderabad,-0.2525
2023-01-24,route,Bangalore-Chennai,-0.2564
2023-01-24,route,Hyderabad-Ahmedabad,-0.2691
2023-01-24,route,Chennai-Hyderabad,-0.2934
2023-01-24,route,Chennai-Bangalore,-0.3131
2023-01-24,route,Ahmedabad-Chennai,-0.3915
2023-01-24,route,Ahmedabad-Delhi,-0.5163
2023-01-24,route,Ahmedabad-Bangalore,-0.5661
2023-01-25,airline,StarAir,42.5914
2023-01-25,airline,AkasaAir,5.3923
2023-01-25,airline,AirAsia,3.1095
2023-01-25,airline,GO FIRST,2.9292
2023-01-25,airline,SpiceJet,1.5732
2023-01-25,airline,AllianceAir,1.5476
2023-01-25,airline,Air India,1.4936
2023-01-25,airline,Indigo,1.1772
2023-01-25,airline,Vistara,0.679
2023-01-25,route,Bangalore-Ahmedabad,1.3181
2023-01-25,route,Bangalore-Delhi,0.8651
2023-01-25,route,Bangalore-Kolkata,0.7441
2023-01-25,route,Mumbai-Kolkata,0.642
2023-01-25,route,Mumbai-Bangalore,0.6355
2023-01-25,route,Hyderabad-Mumbai,0.6059
2023-01-25,route,Mumbai-Delhi,0.5842
2023-01-25,route,Delhi-Ahmedabad,0.5664
2023-01-25,route,Bangalore-Chennai,0.5641
2023-01-25,route,Ahmedabad-Bangalore,0.5622
2023-01-25,route,Hyderabad-Delhi,0.5364
2023-01-25,route,Ahmedabad-Chennai,0.5191
2023-01-25,route,Chennai-Kolkata,0.5173
2023-01-25,route,Mumbai-Chennai,0.5003
2023-01-25,route,Ahmedabad-Kolkata,0.494
2023-01-25,route,Chennai-Mumbai,0.4875
2023-01-25,route,Delhi-Mumbai,0.4447
2023-01-25,route,Mumbai-Hyderabad,0.4154
2023-01-25,route,Hyderabad-Bangalore,0.4125
2023-01-25,route,Delhi-Kolkata,0.4088
2023-01-25,route,Kolkata-Ahmedabad,0.3983
2023-01-25,route,Ahmedabad-Hyderabad,0.3863
2023-01-25,route,Delhi-Bangalore,0.386
2023-01-25,route,Chennai-Delhi,0.3571
2023-01-25,route,Hyderabad-Kolkata,0.3545
2023-01-25,route,Bangalore-Mumbai,0.3486
2023-01-25,route,Kolkata-Mumbai,0.3123
2023-01-25,route,Mumbai-Ahmedabad,0.3074
2023-01-25,route,Kolkata-Delhi,0.2978
2023-01-25,route,Chennai-Bangalore,0.2833
2023-01-25,route,Delhi-Chennai,0.2669
2023-01-25,route,Kolkata-Bangalore,0.2465
2023-01-25,route,Ahmedabad-Mumbai,0.1802
2023-01-25,route,Delhi-Hyderabad,0.1692
2023-01-25,route,Hyderabad-Chennai,0.1191
2023-01-25,route,Chennai-Hyderabad,0.1137
2023-01-25,route,Kolkata-Hyderabad,0.0683
2023-01-25,route,Ahmedabad-Delhi,0.007
2023-01-26,airline,AkasaAir,-2.2944
2023-01-26,airline,StarAir,-4.9676
2023-01-26,airline,AirAsia,-5.3908
2023-01-26,airline,AllianceAir,-5.4911
2023-01-26,airline,SpiceJet,-5.7553
2023-01-26,airline,Air India,-6.2927
2023-01-26,airline,Indigo,-6.3769
2023-01-26,airline,GO FIRST,-6.7652
2023-01-26,airline,Vistara,-7.3407
2023-01-26,route,Bangalore-Delhi,0.3544
2023-01-26,route,Bangalore-Mumbai,0.1761
2023-01-26,route,Mumbai-Kolkata,0.0845
2023-01-26,route,Chennai-Mumbai,0.0314
2023-01-26,route,Hyderabad-Delhi,-0.0456
2023-01-26,route,Mumbai-Chennai,-0.0524
2023-01-26,route,Ahmedabad-Mumbai,-0.0567
2023-01-26,route,Bangalore-Ahmedabad,-0.0726
2023-01-26,route,Bangalore-Hyderabad,-0.0755
2023-01-26,route,Chennai-Delhi,-0.1055
2023-01-26,route,Delhi-Bangalore,-0.1085
2023-01-26,route,Bangalore-Kolkata,-0.1118
2023-01-26,route,Mumbai-Delhi,-0.1492
2023-01-26,route,Chennai-Kolkata,-0.159
2023-01-26,route,Chennai-Ahmedabad,-0.1598
2023-01-26,route,Kolkata-Delhi,-0.1738
2023-01-26,route,Mumbai-Bangalore,-0.2248
2023-01-26,route,Delhi-Mumbai,-0.2452
2023-01-26,route,Hyderabad-Mumbai,-0.2505
2023-01-26,route,Delhi-Kolkata,-0.2516
2023-01-26,route,Delhi-Hyderabad,-0.2754
2023-01-26,route,Hyderabad-Kolkata,-0.2948
2023-01-26,route,Delhi-Ahmedabad,-0.2969
2023-01-26,route,Hyderabad-Ahmedabad,-0.3764
2023-01-26,route,Delhi-Chennai,-0.3822
2023-01-26,route,Ahmedabad-Chennai,-0.4147
2023-01-26,route,Ahmedabad-Hyderabad,-0.4269
2023-01-26,route,Bangalore-Chennai,-0.443
2023-01-26,route,Kolkata-Hyderabad,-0.4516
2023-01-26,route,Kolkata-Mumbai,-0.4791
2023-01-26,route,Kolkata-Bangalore,-0.4931
2023-01-26,route,Chennai-Hyderabad,-0.5175
2023-01-26,route,Hyderabad-Chennai,-0.523
2023-01-26,route,Ahmedabad-Kolkata,-0.5301
2023-01-26,route,Kolkata-Chennai,-0.5466
2023-01-26,route,Ahmedabad-Delhi,-0.5719
2023-01-26,route,Hyderabad-Bangalore,-0.607
2023-01-26,route,Mumbai-Ahmedabad,-0.6123
2023-01-26,route,Chennai-Bangalore,-0.6651
2023-01-26,route,Mumbai-Hyderabad,-0.7025
2023-01-26,route,Ahmedabad-Bangalore,-0.9992
2023-01-27,airline,AkasaAir,0.1879
2023-01-27,airline,AirAsia,-0.9671
2023-01-27,airline,Air India,-1.0863
2023-01-27,airline,AllianceAir,-1.4389
2023-01-27,airline,GO FIRST,-1.5168
2023-01-27,airline,SpiceJet,-1.662
2023-01-27,airline,Indigo,-2.0657
2023-01-27,airline,Vistara,-2.1515
2023-01-27,route,Mumbai-Kolkata,0.3248
2023-01-27,route,Chennai-Mumbai,0.2632
2023-01-27,route,Mumbai-Chennai,0.2579
2023-01-27,route,Hyderabad-Delhi,0.1457
2023-01-27,route,Kolkata-Delhi,0.1303
2023-01-27,route,Bangalore-Delhi,0.1005
2023-01-27,route,Delhi-Ahmedabad,0.0673
2023-01-27,route,Ahmedabad-Mumbai,0.0673
2023-01-27,route,Delhi-Kolkata,0.0485
2023-01-27,route,Hyderabad-Mumbai,0.0466
2023-01-27,route,Kolkata-Mumbai,0.023
2023-01-27,route,Chennai-Delhi,0.0201
2023-01-27,route,Delhi-Bangalore,-0.0033
2023-01-27,route,Chennai-Kolkata,-0.0148
2023-01-27,route,Kolkata-Bangalore,-0.017
2023-01-27,route,Bangalore-Kolkata,-0.0236
2023-01-27,route,Delhi-Hyderabad,-0.0322
2023-01-27,route,Kolkata-Hyderabad,-0.0417
2023-01-27,route,Bangalore-Mumbai,-0.0737
2023-01-27,route,Hyderabad-Kolkata,-0.1561
2023-01-27,route,Mumbai-Bangalore,-0.162
2023-01-27,route,Ahmedabad-Chennai,-0.1743
2023-01-27,route,Delhi-Chennai,-0.1822
2023-01-27,route,Chennai-Ahmedabad,-0.1943
2023-01-27,route,Delhi-Mumbai,-0.2272
2023-01-27,route,Hyderabad-Bangalore,-0.254
2023-01-27,route,Kolkata-Ahmedabad,-0.2682
2023-01-27,route,Chennai-Hyderabad,-0.2719
2023-01-27,route,Mumbai-Delhi,-0.2797
2023-01-27,route,Kolkata-Chennai,-0.305
2023-01-27,route,Mumbai-Ahmedabad,-0.3308
2023-01-27,route,Bangalore-Hyderabad,-0.338
2023-01-27,route,Ahmedabad-Hyderabad,-0.361
2023-01-27,route,Bangalore-Ahmedabad,-0.3633
2023-01-27,route,Mumbai-Hyderabad,-0.3836
2023-01-27,route,Hyderabad-Chennai,-0.4563
2023-01-27,route,Chennai-Bangalore,-0.5218
2023-01-27,route,Ahmedabad-Delhi,-0.5914
2023-01-27,route,Bangalore-Chennai,-0.7134
2023-01-28,airline,SpiceJet,2.4035
2023-01-28,airline,AirAsia,1.3305
2023-01-28,airline,Air India,0.9514
2023-01-28,airline,StarAir,0.8049
2023-01-28,airline,AllianceAir,0.7453
2023-01-28,airline,AkasaAir,0.7433
2023-01-28,airline,GO FIRST,0.6719
2023-01-28,airline,Indigo,-0.0556
2023-01-28,airline,Vistara,-1.1288
2023-01-28,route,Chennai-Mumbai,0.4805
2023-01-28,route,Chennai-Bangalore,0.4079
2023-01-28,route,Chennai-Kolkata,0.3988
2023-01-28,route,Bangalore-Mumbai,0.3886
2023-01-28,route,Bangalore-Delhi,0.3754
2023-01-28,route,Mumbai-Kolkata,0.3258
2023-01-28,route,Mumbai-Chennai,0.3223
2023-01-28,route,Delhi-Bangalore,0.299
2023-01-28,route,Chennai-Delhi,0.291
2023-01-28,route,Delhi-Mumbai,0.2721
2023-01-28,route,Kolkata-Delhi,0.2648
2023-01-28,route,Chennai-Ahmedabad,0.2597
2023-01-28,route,Mumbai-Hyderabad,0.2475
2023-01-28,route,Kolkata-Mumbai,0.2361
2023-01-28,route,Hyderabad-Delhi,0.2227
2023-01-28,route,Ahmedabad-Mumbai,0.2018
2023-01-28,route,Ahmedabad-Hyderabad,0.1288
2023-01-28,route,Kolkata-Bangalore,0.1175
2023-01-28,route,Bangalore-Kolkata,0.1162
2023-01-28,route,Delhi-Kolkata,0.0931
2023-01-28,route,Kolkata-Hyderabad,0.0928
2023-01-28,route,Mumbai-Bangalore,0.0696
2023-01-28,route,Kolkata-Chennai,0.0241
2023-01-28,route,Chennai-Hyderabad,-0.02
2023-01-28,route,Delhi-Hyderabad,-0.0321
2023-01-28,route,Ahmedabad-Chennai,-0.0527
2023-01-28,route,Delhi-Chennai,-0.066
2023-01-28,route,Mumbai-Delhi,-0.1141
2023-01-28,route,Ahmedabad-Bangalore,-0.1307
2023-01-28,route,Mumbai-Ahmedabad,-0.1546
2023-01-28,route,Bangalore-Ahmedabad,-0.1763
2023-01-28,route,Hyderabad-Bangalore,-0.212
2023-01-28,route,Delhi-Ahmedabad,-0.2231
2023-01-28,route,Hyderabad-Ahmedabad,-0.2564
2023-01-28,route,Hyderabad-Chennai,-0.2779
2023-01-28,route,Bangalore-Hyderabad,-0.3079
2023-01-28,route,Ahmedabad-Delhi,-0.3898
2023-01-28,route,Hyderabad-Mumbai,-0.3997
2023-01-28,route,Bangalore-Chennai,-0.4205
2023-01-29,airline,AkasaAir,7.5038
2023-01-29,airline,GO FIRST,4.6715
2023-01-29,airline,AirAsia,4.3502
2023-01-29,airline,SpiceJet,2.0365
2023-01-29,airline,Indigo,1.6283
2023-01-29,airline,Air India,1.0651
2023-01-29,airline,AllianceAir,0.2245
2023-01-29,airline,Vistara,-0.2844
2023-01-29,route,Chennai-Bangalore,1.1401
2023-01-29,route,Delhi-Bangalore,0.9934
2023-01-29,route,Kolkata-Bangalore,0.9328
2023-01-29,route,Delhi-Mumbai,0.865
2023-01-29,route,Ahmedabad-Bangalore,0.8041
2023-01-29,route,Bangalore-Mumbai,0.775
2023-01-29,route,Ahmedabad-Hyderabad,0.7609
2023-01-29,route,Mumbai-Bangalore,0.7351
2023-01-29,route,Ahmedabad-Chennai,0.6365
2023-01-29,route,Kolkata-Hyderabad,0.6357
2023-01-29,route,Bangalore-Delhi,0.5758
2023-01-29,route,Chennai-Delhi,0.5452
2023-01-29,route,Chennai-Mumbai,0.5316
2023-01-29,route,Hyderabad-Bangalore,0.498
2023-01-29,route,Kolkata-Mumbai,0.4979
2023-01-29,route,Chennai-Ahmedabad,0.4939
2023-01-29,route,Kolkata-Delhi,0.4772
2023-01-29,route,Chennai-Kolkata,0.4736
2023-01-29,route,Ahmedabad-Delhi,0.4451
2023-01-29,route,Mumbai-Hyderabad,0.4273
2023-01-29,route,Hyderabad-Mumbai,0.4096
2023-01-29,route,Kolkata-Chennai,0.3806
2023-01-29,route,Ahmedabad-Mumbai,0.3491
2023-01-29,route,Mumbai-Chennai,0.3226
2023-01-29,route,Hyderabad-Delhi,0.3059
2023-01-29,route,Mumbai-Delhi,0.2782
2023-01-29,route,Mumbai-Kolkata,0.2735
2023-01-29,route,Chennai-Hyderabad,0.2683
2023-01-29,route,Delhi-Hyderabad,0.2573
2023-01-29,route,Bangalore-Kolkata,0.2461
2023-01-29,route,Delhi-Chennai,0.2298
2023-01-29,route,Kolkata-Ahmedabad,0.2022
2023-01-29,route,Bangalore-Ahmedabad,0.1905
2023-01-29,route,Delhi-Ahmedabad,0.1798
2023-01-29,route,Hyderabad-Chennai,0.0969
2023-01-29,route,Hyderabad-Kolkata,0.0926
2023-01-29,route,Hyderabad-Ahmedabad,0.0774
2023-01-29,route,Bangalore-Hyderabad,-0.1881
2023-01-29,route,Mumbai-Ahmedabad,-0.2231
2023-01-29,route,Bangalore-Chennai,-0.3603
2023-01-30,airline,AkasaAir,0.1703
2023-01-30,airline,SpiceJet,-2.9612
2023-01-30,airline,AirAsia,-3.657
2023-01-30,airline,GO FIRST,-3.7888
2023-01-30,airline,AllianceAir,-3.9931
2023-01-30,airline,Air India,-4.2342
2023-01-30,airline,Indigo,-4.3373
2023-01-30,airline,Vistara,-4.4869
2023-01-30,route,Mumbai-Bangalore,-0.3
2023-01-30,route,Chennai-Mumbai,-0.3154
2023-01-30,route,Chennai-Kolkata,-0.3256
2023-01-30,route,Kolkata-Bangalore,-0.3992
2023-01-30,route,Bangalore-Delhi,-0.4034
2023-01-30,route,Mumbai-Kolkata,-0.4482
2023-01-30,route,Chennai-Delhi,-0.4523
2023-01-30,route,Mumbai-Hyderabad,-0.4534
2023-01-30,route,Ahmedabad-Hyderabad,-0.4645
2023-01-30,route,Ahmedabad-Bangalore,-0.4959
2023-01-30,route,Kolkata-Delhi,-0.502
2023-01-30,route,Kolkata-Hyderabad,-0.5089
2023-01-30,route,Kolkata-Mumbai,-0.5241
2023-01-30,route,Hyderabad-Bangalore,-0.5512
2023-01-30,route,Hyderabad-Mumbai,-0.5711
2023-01-30,route,Hyderabad-Delhi,-0.5761
2023-01-30,route,Delhi-Kolkata,-0.5922
2023-01-30,route,Delhi-Bangalore,-0.6004
2023-01-30,route,Mumbai-Delhi,-0.6432
2023-01-30,route,Bangalore-Mumbai,-0.7092
2023-01-30,route,Delhi-Mumbai,-0.7197
2023-01-30,route,Delhi-Hyderabad,-0.7281
2023-01-30,route,Kolkata-Chennai,-0.7415
2023-01-30,route,Kolkata-Ahmedabad,-0.7452
2023-01-30,route,Bangalore-Kolkata,-0.7808
2023-01-30,route,Ahmedabad-Kolkata,-0.7836
2023-01-30,route,Delhi-Chennai,-0.7991
2023-01-30,route,Bangalore-Hyderabad,-0.8265
2023-01-30,route,Mumbai-Ahmedabad,-0.8461
2023-01-30,route,Ahmedabad-Chennai,-0.8913
2023-01-30,route,Delhi-Ahmedabad,-0.9101
2023-01-30,route,Hyderabad-Kolkata,-0.9176
2023-01-30,route,Hyderabad-Chennai,-0.9605
2023-01-30,route,Ahmedabad-Delhi,-1.0003
2023-01-30,route,Hyderabad-Ahmedabad,-1.1313
2023-01-30,route,Bangalore-Chennai,-1.2893
2023-01-31,airline,StarAir,16.7691
2023-01-31,airline,AllianceAir,-0.3288
2023-01-31,airline,AkasaAir,-0.6406
2023-01-31,airline,AirAsia,-0.8866
2023-01-31,airline,SpiceJet,-0.903
2023-01-31,airline,GO FIRST,-1.1465
2023-01-31,airline,Air India,-1.1789
2023-01-31,airline,Vistara,-1.876
2023-01-31,airline,Indigo,-2.6893
2023-01-31,route,Ahmedabad-Mumbai,0.314
2023-01-31,route,Chennai-Mumbai,0.3138
2023-01-31,route,Mumbai-Chennai,0.2349
2023-01-31,route,Mumbai-Kolkata,0.1943
2023-01-31,route,Kolkata-Delhi,0.1309
2023-01-31,route,Mumbai-Hyderabad,0.0812
2023-01-31,route,Bangalore-Delhi,0.0434
2023-01-31,route,Kolkata-Mumbai,0.0423
2023-01-31,route,Delhi-Bangalore,0.0304
2023-01-31,route,Chennai-Kolkata,0.0014
2023-01-31,route,Chennai-Ahmedabad,-0.0352
2023-01-31,route,Kolkata-Hyderabad,-0.0538
2023-01-31,route,Delhi-Kolkata,-0.07
2023-01-31,route,Hyderabad-Delhi,-0.0827
2023-01-31,route,Kolkata-Ahmedabad,-0.1184
2023-01-31,route,Kolkata-Bangalore,-0.1232
2023-01-31,route,Ahmedabad-Hyderabad,-0.1245
2023-01-31,route,Chennai-Delhi,-0.1532
2023-01-31,route,Delhi-Mumbai,-0.1687
2023-01-31,route,Delhi-Chennai,-0.191
2023-01-31,route,Mumbai-Delhi,-0.2035
2023-01-31,route,Delhi-Hyderabad,-0.2037
2023-01-31,route,Bangalore-Ahmedabad,-0.2234
2023-01-31,route,Ahmedabad-Chennai,-0.2481
2023-01-31,route,Bangalore-Kolkata,-0.2805
2023-01-31,route,Mumbai-Ahmedabad,-0.2863
2023-01-31,route,Hyderabad-Mumbai,-0.3055
2023-01-31,route,Hyderabad-Kolkata,-0.3112
2023-01-31,route,Delhi-Ahmedabad,-0.3372
2023-01-31,route,Bangalore-Mumbai,-0.3467
2023-01-31,route,Bangalore-Hyderabad,-0.3967
2023-01-31,route,Chennai-Hyderabad,-0.3976
2023-01-31,route,Hyderabad-Bangalore,-0.3995
2023-01-31,route,Mumbai-Bangalore,-0.4375
2023-01-31,route,Hyderabad-Ahmedabad,-0.4699
2023-01-31,route,Ahmedabad-Delhi,-0.4751
2023-01-31,route,Chennai-Bangalore,-0.4917
2023-01-31,route,Ahmedabad-Bangalore,-0.5284
2023-01-31,route,Hyderabad-Chennai,-0.5557
2023-01-31,route,Bangalore-Chennai,-0.5627
2023-02-01,airline,StarAir,16.5984
2023-02-01,airline,SpiceJet,-1.1109
2023-02-01,airline,AllianceAir,-1.3085
2023-02-01,airline,AirAsia,-1.4425
2023-02-01,airline,AkasaAir,-1.547
2023-02-01,airline,Air India,-1.6039
2023-02-01,airline,GO FIRST,-1.9288
2023-02-01,airline,Indigo,-2.6163
2023-02-01,airline,Vistara,-2.8899
2023-02-01,route,Chennai-Mumbai,1.007
2023-02-01,route,Kolkata-Delhi,0.5416
2023-02-01,route,Ahmedabad-Chennai,0.4836
2023-02-01,route,Mumbai-Chennai,0.4608
2023-02-01,route,Mumbai-Kolkata,0.4158
2023-02-01,route,Chennai-Kolkata,0.3635
2023-02-01,route,Chennai-Ahmedabad,0.3049
2023-02-01,route,Ahmedabad-Mumbai,0.2995
2023-02-01,route,Kolkata-Mumbai,0.2934
2023-02-01,route,Bangalore-Delhi,0.249
2023-02-01,route,Delhi-Bangalore,0.2337
2023-02-01,route,Mumbai-Bangalore,0.2333
2023-02-01,route,Chennai-Delhi,0.1824
2023-02-01,route,Kolkata-Bangalore,0.1406
2023-02-01,route,Kolkata-Ahmedabad,0.14
2023-02-01,route,Hyderabad-Delhi,0.1079
2023-02-01,route,Bangalore-Kolkata,0.0831
2023-02-01,route,Kolkata-Hyderabad,0.0796
2023-02-01,route,Delhi-Mumbai,0.073
2023-02-01,route,Hyderabad-Kolkata,-0.0064
2023-02-01,route,Hyderabad-Chennai,-0.0134
2023-02-01,route,Mumbai-Delhi,-0.0225
2023-02-01,route,Delhi-Hyderabad,-0.0265
2023-02-01,route,Delhi-Ahmedabad,-0.0267
2023-02-01,route,Mumbai-Hyderabad,-0.0391
2023-02-01,route,Delhi-Chennai,-0.0548
2023-02-01,route,Hyderabad-Mumbai,-0.1285
2023-02-01,route,Mumbai-Ahmedabad,-0.1498
2023-02-01,route,Hyderabad-Ahmedabad,-0.1522
2023-02-01,route,Bangalore-Mumbai,-0.1853
2023-02-01,route,Chennai-Bangalore,-0.1885
2023-02-01,route,Hyderabad-Bangalore,-0.198
2023-02-01,route,Ahmedabad-Delhi,-0.2923
2023-02-01,route,Bangalore-Hyderabad,-0.3175
2023-02-01,route,Ahmedabad-Bangalore,-0.3749
2023-02-01,route,Bangalore-Chennai,-0.5043
2023-02-02,airline,StarAir,1.4164
2023-02-02,airline,AllianceAir,-0.668
2023-02-02,airline,SpiceJet,-1.0919
2023-02-02,airline,AkasaAir,-1.0969
2023-02-02,airline,AirAsia,-1.6815
2023-02-02,airline,Air India,-2.0811
2023-02-02,airline,GO FIRST,-2.3401
2023-02-02,airline,Vistara,-3.4478
2023-02-02,airline,Indigo,-3.563
2023-02-02,route,Mumbai-Kolkata,0.3231
2023-02-02,route,Chennai-Ahmedabad,0.2672
2023-02-02,route,Chennai-Kolkata,0.2448
2023-02-02,route,Kolkata-Delhi,0.1668
2023-02-02,route,Kolkata-Mumbai,0.1587
2023-02-02,route,Chennai-Delhi,0.1273
2023-02-02,route,Mumbai-Bangalore,0.088
2023-02-02,route,Delhi-Bangalore,0.0848
2023-02-02,route,Bangalore-Delhi,0.0815
2023-02-02,route,Hyderabad-Delhi,0.0236
2023-02-02,route,Delhi-Mumbai,-0.0222
2023-02-02,route,Ahmedabad-Chennai,-0.0426
2023-02-02,route,Hyderabad-Mumbai,-0.0544
2023-02-02,route,Ahmedabad-Kolkata,-0.0927
2023-02-02,route,Bangalore-Mumbai,-0.1043
2023-02-02,route,Delhi-Hyderabad,-0.1072
2023-02-02,route,Delhi-Ahmedabad,-0.1074
2023-02-02,route,Mumbai-Delhi,-0.1104
2023-02-02,route,Mumbai-Hyderabad,-0.111
2023-02-02,route,Ahmedabad-Mumbai,-0.1276
2023-02-02,route,Kolkata-Hyderabad,-0.1296
2023-02-02,route,Delhi-Chennai,-0.1347
2023-02-02,route,Bangalore-Kolkata,-0.1377
2023-02-02,route,Ahmedabad-Hyderabad,-0.1853
2023-02-02,route,Kolkata-Bangalore,-0.189
2023-02-02,route,Mumbai-Ahmedabad,-0.2271
2023-02-02,route,Bangalore-Ahmedabad,-0.2415
2023-02-02,route,Hyderabad-Chennai,-0.2795
2023-02-02,route,Hyderabad-Kolkata,-0.2976
2023-02-02,route,Chennai-Hyderabad,-0.334
2023-02-02,route,Hyderabad-Ahmedabad,-0.3411
2023-02-02,route,Hyderabad-Bangalore,-0.3564
2023-02-02,route,Chennai-Bangalore,-0.4185
2023-02-02,route,Ahmedabad-Delhi,-0.4283
2023-02-02,route,Bangalore-Hyderabad,-0.4874
2023-02-02,route,Bangalore-Chennai,-0.671
2023-02-02,route,Ahmedabad-Bangalore,-0.7278
2023-02-03,airline,SpiceJet,1.2207
2023-02-03,airline,AllianceAir,0.9369
2023-02-03,airline,AkasaAir,0.1537
2023-02-03,airline,Air India,0.0714
2023-02-03,airline,AirAsia,-0.0042
2023-02-03,airline,GO FIRST,-0.4003
2023-02-03,airline,Vistara,-1.18
2023-02-03,airline,Indigo,-1.5212
2023-02-03,route,Chennai-Mumbai,1.087
2023-02-03,route,Mumbai-Chennai,0.4738
2023-02-03,route,Chennai-Ahmedabad,0.4341
2023-02-03,route,Mumbai-Kolkata,0.4322
2023-02-03,route,Chennai-Kolkata,0.3839
2023-02-03,route,Bangalore-Delhi,0.3355
2023-02-03,route,Kolkata-Mumbai,0.3193
2023-02-03,route,Mumbai-Hyderabad,0.3162
2023-02-03,route,Kolkata-Delhi,0.2965
2023-02-03,route,Delhi-Bangalore,0.2897
2023-02-03,route,Hyderabad-Delhi,0.2846
2023-02-03,route,Chennai-Delhi,0.2536
2023-02-03,route,Hyderabad-Mumbai,0.2356
2023-02-03,route,Delhi-Mumbai,0.1743
2023-02-03,route,Bangalore-Kolkata,0.1699
2023-02-03,route,Mumbai-Delhi,0.1627
2023-02-03,route,Kolkata-Bangalore,0.1345
2023-02-03,route,Kolkata-Hyderabad,0.1313
2023-02-03,route,Delhi-Chennai,0.1191
2023-02-03,route,Bangalore-Hyderabad,0.1188
2023-02-03,route,Kolkata-Ahmedabad,0.1114
2023-02-03,route,Ahmedabad-Mumbai,0.1
2023-02-03,route,Kolkata-Chennai,0.0836
2023-02-03,route,Delhi-Hyderabad,0.0644
2023-02-03,route,Ahmedabad-Kolkata,0.0508
2023-02-03,route,Bangalore-Mumbai,0.0267
2023-02-03,route,Delhi-Ahmedabad,0.0237
2023-02-03,route,Hyderabad-Bangalore,0.0067
2023-02-03,route,Ahmedabad-Chennai,0.0066
2023-02-03,route,Chennai-Hyderabad,-0.0042
2023-02-03,route,Hyderabad-Kolkata,-0.0085
2023-02-03,route,Hyderabad-Ahmedabad,-0.0113
2023-02-03,route,Mumbai-Ahmedabad,-0.0125
2023-02-03,route,Chennai-Bangalore,-0.0294
2023-02-03,route,Mumbai-Bangalore,-0.0333
2023-02-03,route,Hyderabad-Chennai,-0.1395
2023-02-03,route,Bangalore-Chennai,-0.2086
2023-02-03,route,Ahmedabad-Delhi,-0.2371
2023-02-03,route,Ahmedabad-Bangalore,-0.3184
2023-02-04,airline,StarAir,3.1138
2023-02-04,airline,AllianceAir,1.0295
2023-02-04,airline,SpiceJet,0.9037
2023-02-04,airline,Air India,0.5203
2023-02-04,airline,AkasaAir,0.4413
2023-02-04,airline,GO FIRST,0.2779
2023-02-04,airline,AirAsia,0.0304
2023-02-04,airline,Vistara,-1.1565
2023-02-04,airline,Indigo,-1.3945
2023-02-04,route,Chennai-Mumbai,0.9364
2023-02-04,route,Bangalore-Mumbai,0.6424
2023-02-04,route,Kolkata-Delhi,0.3291
2023-02-04,route,Mumbai-Kolkata,0.329
2023-02-04,route,Chennai-Ahmedabad,0.302
2023-02-04,route,Bangalore-Delhi,0.216
2023-02-04,route,Mumbai-Ahmedabad,0.207
2023-02-04,route,Delhi-Bangalore,0.1989
2023-02-04,route,Ahmedabad-Mumbai,0.1904
2023-02-04,route,Hyderabad-Delhi,0.1889
2023-02-04,route,Hyderabad-Mumbai,0.1842
2023-02-04,route,Mumbai-Hyderabad,0.1812
2023-02-04,route,Kolkata-Bangalore,0.141
2023-02-04,route,Kolkata-Mumbai,0.1392
2023-02-04,route,Delhi-Kolkata,0.1339
2023-02-04,route,Delhi-Mumbai,0.1143
2023-02-04,route,Bangalore-Ahmedabad,0.0926
2023-02-04,route,Chennai-Delhi,0.0765
2023-02-04,route,Kolkata-Hyderabad,0.0109
2023-02-04,route,Ahmedabad-Kolkata,0.0088
2023-02-04,route,Mumbai-Delhi,0.0066
2023-02-04,route,Delhi-Hyderabad,0.0028
2023-02-04,route,Hyderabad-Kolkata,-0.1076
2023-02-04,route,Ahmedabad-Chennai,-0.1132
2023-02-04,route,Delhi-Chennai,-0.1648
2023-02-04,route,Delhi-Ahmedabad,-0.1748
2023-02-04,route,Chennai-Hyderabad,-0.188
2023-02-04,route,Ahmedabad-Hyderabad,-0.2086
2023-02-04,route,Bangalore-Hyderabad,-0.2235
2023-02-04,route,Mumbai-Bangalore,-0.2774
2023-02-04,route,Chennai-Bangalore,-0.2935
2023-02-04,route,Hyderabad-Bangalore,-0.3011
2023-02-04,route,Hyderabad-Chennai,-0.4425
2023-02-04,route,Ahmedabad-Delhi,-0.5016
2023-02-04,route,Bangalore-Kolkata,-0.6338
2023-02-04,route,Bangalore-Chennai,-0.6906
2023-02-04,route,Ahmedabad-Bangalore,-0.7674
2023-02-05,airline,SpiceJet,0.6379
2023-02-05,airline,AllianceAir,0.5565
2023-02-05,airline,Air India,-0.0099
2023-02-05,airline,AirAsia,-0.0957
2023-02-05,airline,GO FIRST,-0.1581
2023-02-05,airline,AkasaAir,-0.3034
2023-02-05,airline,Indigo,-1.5437
2023-02-05,airline,Vistara,-1.6136
2023-02-05,route,Chennai-Mumbai,0.8775
2023-02-05,route,Chennai-Ahmedabad,0.4492
2023-02-05,route,Bangalore-Mumbai,0.4308
2023-02-05,route,Kolkata-Delhi,0.4037
2023-02-05,route,Mumbai-Chennai,0.3328
2023-02-05,route,Mumbai-Kolkata,0.2922
2023-02-05,route,Chennai-Kolkata,0.2452
2023-02-05,route,Kolkata-Mumbai,0.217
2023-02-05,route,Bangalore-Delhi,0.1979
2023-02-05,route,Mumbai-Hyderabad,0.1791
2023-02-05,route,Delhi-Kolkata,0.1626
2023-02-05,route,Delhi-Ahmedabad,0.1587
2023-02-05,route,Delhi-Mumbai,0.1541
2023-02-05,route,Kolkata-Bangalore,0.1476
2023-02-05,route,Kolkata-Hyderabad,0.1227
2023-02-05,route,Chennai-Delhi,0.1201
2023-02-05,route,Delhi-Hyderabad,0.1119
2023-02-05,route,Kolkata-Ahmedabad,0.0704
2023-02-05,route,Delhi-Bangalore,0.0633
2023-02-05,route,Mumbai-Bangalore,0.0602
2023-02-05,route,Hyderabad-Bangalore,0.0502
2023-02-05,route,Hyderabad-Delhi,0.0152
2023-02-05,route,Bangalore-Kolkata,-0.0072
2023-02-05,route,Chennai-Bangalore,-0.0376
2023-02-05,route,Delhi-Chennai,-0.0387
2023-02-05,route,Chennai-Hyderabad,-0.0696
2023-02-05,route,Hyderabad-Mumbai,-0.081
2023-02-05,route,Mumbai-Delhi,-0.1023
2023-02-05,route,Hyderabad-Kolkata,-0.1088
2023-02-05,route,Hyderabad-Ahmedabad,-0.1402
2023-02-05,route,Ahmedabad-Hyderabad,-0.1996
2023-02-05,route,Bangalore-Hyderabad,-0.215
2023-02-05,route,Mumbai-Ahmedabad,-0.2168
2023-02-05,route,Ahmedabad-Mumbai,-0.2785
2023-02-05,route,Hyderabad-Chennai,-0.2866
2023-02-05,route,Ahmedabad-Chennai,-0.2962
2023-02-05,route,Ahmedabad-Kolkata,-0.2996
2023-02-05,route,Ahmedabad-Bangalore,-0.3669
2023-02-05,route,Ahmedabad-Delhi,-0.4736
2023-02-05,route,Bangalore-Chennai,-0.7228
2023-02-06,airline,AllianceAir,1.0037
2023-02-06,airline,Air India,-0.3547
2023-02-06,airline,SpiceJet,-0.4549
2023-02-06,airline,AirAsia,-0.5926
2023-02-06,airline,AkasaAir,-0.7879
2023-02-06,airline,GO FIRST,-0.8775
2023-02-06,airline,Indigo,-2.2569
2023-02-06,airline,Vistara,-2.4673
2023-02-06,route,Chennai-Mumbai,0.6229
2023-02-06,route,Mumbai-Chennai,0.3348
2023-02-06,route,Mumbai-Kolkata,0.2406
2023-02-06,route,Delhi-Kolkata,0.1508
2023-02-06,route,Delhi-Bangalore,0.0527
2023-02-06,route,Hyderabad-Mumbai,0.014
2023-02-06,route,Kolkata-Mumbai,-0.0001
2023-02-06,route,Hyderabad-Delhi,-0.0085
2023-02-06,route,Bangalore-Delhi,-0.016
2023-02-06,route,Kolkata-Delhi,-0.021
2023-02-06,route,Kolkata-Hyderabad,-0.0394
2023-02-06,route,Chennai-Delhi,-0.0847
2023-02-06,route,Delhi-Hyderabad,-0.1112
2023-02-06,route,Chennai-Kolkata,-0.1128
2023-02-06,route,Delhi-Mumbai,-0.1192
2023-02-06,route,Delhi-Ahmedabad,-0.1395
2023-02-06,route,Kolkata-Bangalore,-0.1567
2023-02-06,route,Kolkata-Chennai,-0.1595
2023-02-06,route,Kolkata-Ahmedabad,-0.1803
2023-02-06,route,Delhi-Chennai,-0.182
2023-02-06,route,Ahmedabad-Hyderabad,-0.1995
2023-02-06,route,Bangalore-Kolkata,-0.2653
2023-02-06,route,Mumbai-Delhi,-0.2681
2023-02-06,route,Ahmedabad-Chennai,-0.2851
2023-02-06,route,Mumbai-Bangalore,-0.2894
2023-02-06,route,Bangalore-Mumbai,-0.2938
2023-02-06,route,Chennai-Hyderabad,-0.3281
2023-02-06,route,Hyderabad-Bangalore,-0.4064
2023-02-06,route,Mumbai-Ahmedabad,-0.4172
2023-02-06,route,Bangalore-Hyderabad,-0.4473
2023-02-06,route,Mumbai-Hyderabad,-0.4754
2023-02-06,route,Ahmedabad-Delhi,-0.5369
2023-02-06,route,Hyderabad-Chennai,-0.5661
2023-02-06,route,Chennai-Bangalore,-0.585
2023-02-06,route,Ahmedabad-Mumbai,-0.6625
2023-02-06,route,Ahmedabad-Bangalore,-0.78
2023-02-06,route,Bangalore-Chennai,-0.9294
2023-02-07,airline,StarAir,3.7307
2023-02-07,airline,AllianceAir,1.53
2023-02-07,airline,SpiceJet,1.3734
2023-02-07,airline,Air India,0.4389
2023-02-07,airline,AirAsia,0.0515
2023-02-07,airline,AkasaAir,0.0344
2023-02-07,airline,GO FIRST,0.0011
2023-02-07,airline,Vistara,-1.3165
2023-02-07,airline,Indigo,-1.4142
2023-02-07,route,Chennai-Mumbai,0.9333
2023-02-07,route,Mumbai-Chennai,0.5416
2023-02-07,route,Delhi-Kolkata,0.3319
2023-02-07,route,Chennai-Ahmedabad,0.3286
2023-02-07,route,Mumbai-Kolkata,0.3193
2023-02-07,route,Kolkata-Delhi,0.319
2023-02-07,route,Chennai-Kolkata,0.2892
2023-02-07,route,Chennai-Delhi,0.2707
2023-02-07,route,Bangalore-Delhi,0.2559
2023-02-07,route,Delhi-Bangalore,0.2503
2023-02-07,route,Kolkata-Mumbai,0.2067
2023-02-07,route,Kolkata-Hyderabad,0.1674
2023-02-07,route,Delhi-Mumbai,0.0904
2023-02-07,route,Delhi-Ahmedabad,0.0672
2023-02-07,route,Kolkata-Bangalore,0.0501
2023-02-07,route,Delhi-Chennai,0.0248
2023-02-07,route,Ahmedabad-Hyderabad,0.0208
2023-02-07,route,Delhi-Hyderabad,0.0203
2023-02-07,route,Kolkata-Chennai,0.0189
2023-02-07,route,Kolkata-Ahmedabad,0.0117
2023-02-07,route,Ahmedabad-Chennai,-0.0342
2023-02-07,route,Hyderabad-Mumbai,-0.0534
2023-02-07,route,Bangalore-Kolkata,-0.0586
2023-02-07,route,Bangalore-Mumbai,-0.0871
2023-02-07,route,Hyderabad-Bangalore,-0.1368
2023-02-07,route,Chennai-Hyderabad,-0.1398
2023-02-07,route,Mumbai-Bangalore,-0.1973
2023-02-07,route,Hyderabad-Ahmedabad,-0.2094
2023-02-07,route,Ahmedabad-Mumbai,-0.2237
2023-02-07,route,Bangalore-Hyderabad,-0.2405
2023-02-07,route,Chennai-Bangalore,-0.27
2023-02-07,route,Mumbai-Ahmedabad,-0.2767
2023-02-07,route,Mumbai-Hyderabad,-0.282
2023-02-07,route,Ahmedabad-Delhi,-0.3302
2023-02-07,route,Hyderabad-Chennai,-0.3549
2023-02-07,route,Ahmedabad-Bangalore,-0.6437
2023-02-07,route,Bangalore-Chennai,-0.6838
2023-02-08,airline,StarAir,18.1817
2023-02-08,airline,AllianceAir,1.1543
2023-02-08,airline,AkasaAir,0.1516
2023-02-08,airline,Air India,-0.0532
2023-02-08,airline,AirAsia,-0.0944
2023-02-08,airline,SpiceJet,-0.1178
2023-02-08,airline,GO FIRST,-0.5129
2023-02-08,airline,Indigo,-1.2697
2023-02-08,airline,Vistara,-1.7809
2023-02-08,route,Chennai-Mumbai,1.037
2023-02-08,route,Mumbai-Chennai,0.5196
2023-02-08,route,Mumbai-Kolkata,0.4632
2023-02-08,route,Hyderabad-Mumbai,0.3605
2023-02-08,route,Delhi-Kolkata,0.3404
2023-02-08,route,Mumbai-Hyderabad,0.313
2023-02-08,route,Delhi-Bangalore,0.3044
2023-02-08,route,Chennai-Kolkata,0.2738
2023-02-08,route,Bangalore-Delhi,0.2415
2023-02-08,route,Hyderabad-Delhi,0.1853
2023-02-08,route,Kolkata-Delhi,0.173
2023-02-08,route,Kolkata-Mumbai,0.1582
2023-02-08,route,Chennai-Delhi,0.1111
2023-02-08,route,Kolkata-Hyderabad,0.0822
2023-02-08,route,Delhi-Mumbai,0.0802
2023-02-08,route,Kolkata-Chennai,0.0659
2023-02-08,route,Delhi-Hyderabad,0.0579
2023-02-08,route,Delhi-Ahmedabad,0.0577
2023-02-08,route,Delhi-Chennai,0.0163
2023-02-08,route,Mumbai-Bangalore,-0.0417
2023-02-08,route,Kolkata-Bangalore,-0.052
2023-02-08,route,Ahmedabad-Chennai,-0.0708
2023-02-08,route,Ahmedabad-Kolkata,-0.0869
2023-02-08,route,Ahmedabad-Hyderabad,-0.0921
2023-02-08,route,Bangalore-Mumbai,-0.0926
2023-02-08,route,Kolkata-Ahmedabad,-0.0944
2023-02-08,route,Mumbai-Delhi,-0.1127
2023-02-08,route,Ahmedabad-Delhi,-0.1355
2023-02-08,route,Chennai-Hyderabad,-0.1515
2023-02-08,route,Hyderabad-Ahmedabad,-0.1683
2023-02-08,route,Hyderabad-Bangalore,-0.1709
2023-02-08,route,Mumbai-Ahmedabad,-0.2126
2023-02-08,route,Ahmedabad-Bangalore,-0.2276
2023-02-08,route,Bangalore-Hyderabad,-0.2419
2023-02-08,route,Chennai-Bangalore,-0.2452
2023-02-08,route,Hyderabad-Chennai,-0.2528
2023-02-08,route,Bangalore-Kolkata,-0.4445
2023-02-08,route,Bangalore-Chennai,-0.6761
2023-02-09,airline,StarAir,1.4987
2023-02-09,airline,AllianceAir,-1.2225
2023-02-09,airline,SpiceJet,-1.2663
2023-02-09,airline,AkasaAir,-1.3981
2023-02-09,airline,Air India,-1.7496
2023-02-09,airline,AirAsia,-1.8343
2023-02-09,airline,GO FIRST,-2.2528
2023-02-09,airline,Indigo,-3.1691
2023-02-09,airline,Vistara,-3.6493
2023-02-09,route,Chennai-Mumbai,0.7832
2023-02-09,route,Mumbai-Chennai,0.4618
2023-02-09,route,Mumbai-Hyderabad,0.3081
2023-02-09,route,Mumbai-Kolkata,0.2899
2023-02-09,route,Chennai-Ahmedabad,0.2867
2023-02-09,route,Delhi-Kolkata,0.2554
2023-02-09,route,Chennai-Kolkata,0.2284
2023-02-09,route,Kolkata-Delhi,0.2154
2023-02-09,route,Bangalore-Delhi,0.2042
2023-02-09,route,Delhi-Bangalore,0.1924
2023-02-09,route,Hyderabad-Mumbai,0.1794
2023-02-09,route,Kolkata-Mumbai,0.1519
2023-02-09,route,Delhi-Mumbai,0.1018
2023-02-09,route,Hyderabad-Delhi,0.0998
2023-02-09,route,Chennai-Delhi,0.0738
2023-02-09,route,Kolkata-Chennai,0.0308
2023-02-09,route,Delhi-Hyderabad,0.0232
2023-02-09,route,Bangalore-Mumbai,0.0177
2023-02-09,route,Kolkata-Bangalore,0.0071
2023-02-09,route,Kolkata-Hyderabad,0.0056
2023-02-09,route,Delhi-Chennai,-0.0162
2023-02-09,route,Kolkata-Ahmedabad,-0.0733
2023-02-09,route,Delhi-Ahmedabad,-0.074
2023-02-09,route,Mumbai-Bangalore,-0.0861
2023-02-09,route,Bangalore-Kolkata,-0.0933
2023-02-09,route,Hyderabad-Kolkata,-0.1005
2023-02-09,route,Chennai-Hyderabad,-0.1219
2023-02-09,route,Bangalore-Ahmedabad,-0.1692
2023-02-09,route,Hyderabad-Chennai,-0.1714
2023-02-09,route,Hyderabad-Ahmedabad,-0.2429
2023-02-09,route,Hyderabad-Bangalore,-0.2536
2023-02-09,route,Ahmedabad-Chennai,-0.2564
2023-02-09,route,Bangalore-Hyderabad,-0.2616
2023-02-09,route,Chennai-Bangalore,-0.2934
2023-02-09,route,Mumbai-Ahmedabad,-0.2951
2023-02-09,route,Ahmedabad-Kolkata,-0.2999
2023-02-09,route,Ahmedabad-Delhi,-0.3988
2023-02-09,route,Ahmedabad-Mumbai,-0.5001
2023-02-09,route,Bangalore-Chennai,-0.6243
2023-02-09,route,Ahmedabad-Bangalore,-0.7383
2023-02-10,airline,AkasaAir,0.8963
2023-02-10,airline,AllianceAir,0.6566
2023-02-10,airline,SpiceJet,0.4035
2023-02-10,airline,AirAsia,0.1788
2023-02-10,airline,Air India,-0.0879
2023-02-10,airline,GO FIRST,-0.3799
2023-02-10,airline,Indigo,-1.0437
2023-02-10,airline,Vistara,-2.0037
2023-02-10,route,Chennai-Mumbai,0.7629
2023-02-10,route,Mumbai-Bangalore,0.5589
2023-02-10,route,Mumbai-Chennai,0.5304
2023-02-10,route,Bangalore-Delhi,0.4021
2023-02-10,route,Mumbai-Kolkata,0.3878
2023-02-10,route,Delhi-Bangalore,0.3819
2023-02-10,route,Mumbai-Hyderabad,0.3643
2023-02-10,route,Delhi-Kolkata,0.3464
2023-02-10,route,Chennai-Ahmedabad,0.3303
2023-02-10,route,Bangalore-Mumbai,0.2731
2023-02-10,route,Chennai-Delhi,0.2596
2023-02-10,route,Kolkata-Delhi,0.2495
2023-02-10,route,Delhi-Chennai,0.2488
2023-02-10,route,Delhi-Mumbai,0.2186
2023-02-10,route,Bangalore-Hyderabad,0.2028
2023-02-10,route,Hyderabad-Delhi,0.1871
2023-02-10,route,Kolkata-Chennai,0.1775
2023-02-10,route,Kolkata-Bangalore,0.1729
2023-02-10,route,Bangalore-Kolkata,0.1288
2023-02-10,route,Hyderabad-Bangalore,0.0948
2023-02-10,route,Kolkata-Hyderabad,0.082
2023-02-10,route,Hyderabad-Chennai,0.069
2023-02-10,route,Delhi-Hyderabad,0.0563
2023-02-10,route,Delhi-Ahmedabad,0.0445
2023-02-10,route,Mumbai-Delhi,0.0314
2023-02-10,route,Kolkata-Ahmedabad,0.0081
2023-02-10,route,Hyderabad-Kolkata,-0.0168
2023-02-10,route,Ahmedabad-Chennai,-0.0431
2023-02-10,route,Chennai-Bangalore,-0.0757
2023-02-10,route,Ahmedabad-Hyderabad,-0.142
2023-02-10,route,Hyderabad-Ahmedabad,-0.1815
2023-02-10,route,Bangalore-Chennai,-0.2439
2023-02-10,route,Ahmedabad-Kolkata,-0.2709
2023-02-10,route,Mumbai-Ahmedabad,-0.2878
2023-02-10,route,Ahmedabad-Bangalore,-0.3288
2023-02-10,route,Ahmedabad-Delhi,-0.4276
2023-02-10,route,Ahmedabad-Mumbai,-0.4824
2023-02-11,airline,StarAir,17.4303
2023-02-11,airline,AkasaAir,1.4262
2023-02-11,airline,SpiceJet,0.4988
2023-02-11,airline,Air India,0.4806
2023-02-11,airline,AllianceAir,0.4675
2023-02-11,airline,AirAsia,0.1918
2023-02-11,airline,GO FIRST,-0.428
2023-02-11,airline,Indigo,-0.9666
2023-02-11,airline,Vistara,-1.2114
2023-02-11,route,Chennai-Mumbai,0.5789
2023-02-11,route,Mumbai-Chennai,0.4321
2023-02-11,route,Mumbai-Kolkata,0.3871
2023-02-11,route,Kolkata-Delhi,0.3333
2023-02-11,route,Hyderabad-Mumbai,0.2642
2023-02-11,route,Mumbai-Hyderabad,0.2614
2023-02-11,route,Chennai-Ahmedabad,0.2417
2023-02-11,route,Kolkata-Mumbai,0.2181
2023-02-11,route,Bangalore-Delhi,0.2179
2023-02-11,route,Delhi-Kolkata,0.2097
2023-02-11,route,Delhi-Bangalore,0.205
2023-02-11,route,Chennai-Kolkata,0.1835
2023-02-11,route,Delhi-Mumbai,0.1357
2023-02-11,route,Bangalore-Mumbai,0.1304
2023-02-11,route,Kolkata-Hyderabad,0.1103
2023-02-11,route,Chennai-Delhi,0.0486
2023-02-11,route,Kolkata-Chennai,0.0413
2023-02-11,route,Ahmedabad-Hyderabad,0.0211
2023-02-11,route,Mumbai-Bangalore,-0.0478
2023-02-11,route,Mumbai-Delhi,-0.0531
2023-02-11,route,Ahmedabad-Kolkata,-0.0544
2023-02-11,route,Delhi-Hyderabad,-0.0552
2023-02-11,route,Bangalore-Kolkata,-0.0598
2023-02-11,route,Delhi-Ahmedabad,-0.0966
2023-02-11,route,Delhi-Chennai,-0.099
2023-02-11,route,Hyderabad-Kolkata,-0.1408
2023-02-11,route,Ahmedabad-Delhi,-0.1748
2023-02-11,route,Ahmedabad-Bangalore,-0.2245
2023-02-11,route,Chennai-Bangalore,-0.2265
2023-02-11,route,Mumbai-Ahmedabad,-0.2379
2023-02-11,route,Ahmedabad-Chennai,-0.2526
2023-02-11,route,Bangalore-Hyderabad,-0.2628
2023-02-11,route,Bangalore-Ahmedabad,-0.2973
2023-02-11,route,Hyderabad-Ahmedabad,-0.3397
2023-02-11,route,Hyderabad-Chennai,-0.3797
2023-02-11,route,Bangalore-Chennai,-0.6809
2023-02-12,airline,AllianceAir,-0.8421
2023-02-12,airline,AkasaAir,-1.3246
2023-02-12,airline,SpiceJet,-1.6092
2023-02-12,airline,AirAsia,-1.7388
2023-02-12,airline,Air India,-2.1318
2023-02-12,airline,GO FIRST,-2.3101
2023-02-12,airline,Indigo,-3.2356
2023-02-12,airline,Vistara,-3.6569
2023-02-12,route,Chennai-Mumbai,0.7199
2023-02-12,route,Kolkata-Delhi,0.4098
2023-02-12,route,Mumbai-Chennai,0.3903
2023-02-12,route,Delhi-Bangalore,0.3184
2023-02-12,route,Mumbai-Kolkata,0.3126
2023-02-12,route,Mumbai-Bangalore,0.3095
2023-02-12,route,Chennai-Kolkata,0.3004
2023-02-12,route,Delhi-Mumbai,0.2825
2023-02-12,route,Chennai-Ahmedabad,0.2799
2023-02-12,route,Hyderabad-Delhi,0.2631
2023-02-12,route,Bangalore-Delhi,0.252
2023-02-12,route,Hyderabad-Mumbai,0.2352
2023-02-12,route,Mumbai-Hyderabad,0.2326
2023-02-12,route,Delhi-Kolkata,0.2157
2023-02-12,route,Kolkata-Mumbai,0.1927
2023-02-12,route,Chennai-Delhi,0.1763
2023-02-12,route,Kolkata-Bangalore,0.1606
2023-02-12,route,Kolkata-Hyderabad,0.0942
2023-02-12,route,Delhi-Chennai,0.0825
2023-02-12,route,Bangalore-Mumbai,0.0677
2023-02-12,route,Delhi-Hyderabad,0.0522
2023-02-12,route,Hyderabad-Chennai,0.0344
2023-02-12,route,Hyderabad-Bangalore,0.0244
2023-02-12,route,Chennai-Bangalore,0.0225
2023-02-12,route,Bangalore-Hyderabad,-0.0585
2023-02-12,route,Ahmedabad-Hyderabad,-0.0675
2023-02-12,route,Bangalore-Kolkata,-0.077
2023-02-12,route,Hyderabad-Kolkata,-0.0891
2023-02-12,route,Delhi-Ahmedabad,-0.1022
2023-02-12,route,Bangalore-Ahmedabad,-0.1047
2023-02-12,route,Mumbai-Delhi,-0.1265
2023-02-12,route,Ahmedabad-Chennai,-0.1265
2023-02-12,route,Chennai-Hyderabad,-0.2085
2023-02-12,route,Hyderabad-Ahmedabad,-0.2272
2023-02-12,route,Mumbai-Ahmedabad,-0.2314
2023-02-12,route,Ahmedabad-Kolkata,-0.256
2023-02-12,route,Ahmedabad-Bangalore,-0.2682
2023-02-12,route,Ahmedabad-Delhi,-0.3733
2023-02-12,route,Bangalore-Chennai,-0.435
2023-02-13,airline,AllianceAir,1.6485
2023-02-13,airline,AirAsia,-0.1407
2023-02-13,airline,SpiceJet,-0.1945
2023-02-13,airline,GO FIRST,-0.3487
2023-02-13,airline,AkasaAir,-0.3666
2023-02-13,airline,Air India,-0.4996
2023-02-13,airline,Indigo,-1.9684
2023-02-13,airline,Vistara,-2.2852
2023-02-13,route,Chennai-Mumbai,0.5949
2023-02-13,route,Mumbai-Chennai,0.3216
2023-02-13,route,Delhi-Kolkata,0.147
2023-02-13,route,Kolkata-Delhi,0.1011
2023-02-13,route,Bangalore-Delhi,0.0505
2023-02-13,route,Mumbai-Hyderabad,0.0466
2023-02-13,route,Delhi-Bangalore,0.0453
2023-02-13,route,Kolkata-Mumbai,0.0039
2023-02-13,route,Mumbai-Kolkata,0.0012
2023-02-13,route,Hyderabad-Delhi,-0.0041
2023-02-13,route,Chennai-Kolkata,-0.0534
2023-02-13,route,Chennai-Delhi,-0.0764
2023-02-13,route,Kolkata-Hyderabad,-0.1123
2023-02-13,route,Delhi-Hyderabad,-0.1282
2023-02-13,route,Delhi-Mumbai,-0.1291
2023-02-13,route,Kolkata-Bangalore,-0.1447
2023-02-13,route,Delhi-Chennai,-0.1687
2023-02-13,route,Kolkata-Chennai,-0.1743
2023-02-13,route,Chennai-Ahmedabad,-0.1796
2023-02-13,route,Mumbai-Delhi,-0.261
2023-02-13,route,Bangalore-Kolkata,-0.2614
2023-02-13,route,Delhi-Ahmedabad,-0.2855
2023-02-13,route,Kolkata-Ahmedabad,-0.3216
2023-02-13,route,Hyderabad-Bangalore,-0.329
2023-02-13,route,Mumbai-Bangalore,-0.3544
2023-02-13,route,Ahmedabad-Kolkata,-0.3745
2023-02-13,route,Chennai-Hyderabad,-0.3769
2023-02-13,route,Hyderabad-Mumbai,-0.3999
2023-02-13,route,Ahmedabad-Mumbai,-0.4045
2023-02-13,route,Ahmedabad-Chennai,-0.415
2023-02-13,route,Bangalore-Hyderabad,-0.4204
2023-02-13,route,Bangalore-Ahmedabad,-0.4408
2023-02-13,route,Mumbai-Ahmedabad,-0.4547
2023-02-13,route,Hyderabad-Chennai,-0.5331
2023-02-13,route,Chennai-Bangalore,-0.5511
2023-02-13,route,Ahmedabad-Delhi,-0.5873
2023-02-13,route,Bangalore-Chennai,-0.8925
2023-02-13,route,Ahmedabad-Hyderabad,-0.9597
2023-02-13,route,Bangalore-Mumbai,-0.9682
2023-02-14,airline,StarAir,3.6697
2023-02-14,airline,AllianceAir,1.5853
2023-02-14,airline,AkasaAir,0.1813
2023-02-14,airline,SpiceJet,0.168
2023-02-14,airline,AirAsia,0.1664
2023-02-14,airline,Air India,-0.219
2023-02-14,airline,GO FIRST,-0.3948
2023-02-14,airline,Indigo,-1.5377
2023-02-14,airline,Vistara,-1.8059
2023-02-14,route,Chennai-Mumbai,0.6288
2023-02-14,route,Mumbai-Chennai,0.5498
2023-02-14,route,Mumbai-Kolkata,0.424
2023-02-14,route,Delhi-Kolkata,0.3558
2023-02-14,route,Bangalore-Delhi,0.245
2023-02-14,route,Hyderabad-Delhi,0.2322
2023-02-14,route,Delhi-Bangalore,0.2108
2023-02-14,route,Kolkata-Mumbai,0.2065
2023-02-14,route,Delhi-Mumbai,0.2062
2023-02-14,route,Kolkata-Delhi,0.1475
2023-02-14,route,Delhi-Hyderabad,0.1112
2023-02-14,route,Chennai-Kolkata,0.0874
2023-02-14,route,Chennai-Delhi,0.0811
2023-02-14,route,Delhi-Ahmedabad,0.0573
2023-02-14,route,Delhi-Chennai,0.0333
2023-02-14,route,Kolkata-Hyderabad,0.0252
2023-02-14,route,Bangalore-Kolkata,-0.0186
2023-02-14,route,Bangalore-Mumbai,-0.0317
2023-02-14,route,Kolkata-Bangalore,-0.0321
2023-02-14,route,Kolkata-Chennai,-0.0798
2023-02-14,route,Hyderabad-Kolkata,-0.0934
2023-02-14,route,Mumbai-Hyderabad,-0.1032
2023-02-14,route,Hyderabad-Mumbai,-0.1224
2023-02-14,route,Mumbai-Bangalore,-0.1285
2023-02-14,route,Mumbai-Delhi,-0.1425
2023-02-14,route,Hyderabad-Ahmedabad,-0.1569
2023-02-14,route,Chennai-Ahmedabad,-0.1619
2023-02-14,route,Ahmedabad-Hyderabad,-0.1732
2023-02-14,route,Mumbai-Ahmedabad,-0.2071
2023-02-14,route,Ahmedabad-Kolkata,-0.2159
2023-02-14,route,Hyderabad-Bangalore,-0.2233
2023-02-14,route,Chennai-Hyderabad,-0.233
2023-02-14,route,Hyderabad-Chennai,-0.2407
2023-02-14,route,Ahmedabad-Chennai,-0.2432
2023-02-14,route,Bangalore-Hyderabad,-0.2539
2023-02-14,route,Bangalore-Ahmedabad,-0.2684
2023-02-14,route,Ahmedabad-Delhi,-0.3363
2023-02-14,route,Chennai-Bangalore,-0.3668
2023-02-14,route,Ahmedabad-Bangalore,-0.4814
2023-02-14,route,Bangalore-Chennai,-0.641
2023-02-15,airline,StarAir,12.1607
2023-02-15,airline,AllianceAir,0.3684
2023-02-15,airline,AirAsia,0.1352
2023-02-15,airline,AkasaAir,-0.0121
2023-02-15,airline,SpiceJet,-0.0681
2023-02-15,airline,GO FIRST,-0.2833
2023-02-15,airline,Air India,-0.4205
2023-02-15,airline,Indigo,-1.6523
2023-02-15,airline,Vistara,-1.8843
2023-02-15,route,Chennai-Mumbai,0.9282
2023-02-15,route,Mumbai-Chennai,0.5986
2023-02-15,route,Delhi-Kolkata,0.3863
2023-02-15,route,Delhi-Bangalore,0.3309
2023-02-15,route,Hyderabad-Delhi,0.2729
2023-02-15,route,Bangalore-Delhi,0.2658
2023-02-15,route,Kolkata-Mumbai,0.2629
2023-02-15,route,Mumbai-Kolkata,0.2473
2023-02-15,route,Delhi-Mumbai,0.239
2023-02-15,route,Chennai-Delhi,0.2006
2023-02-15,route,Kolkata-Delhi,0.1686
2023-02-15,route,Delhi-Hyderabad,0.1488
2023-02-15,route,Chennai-Kolkata,0.1
2023-02-15,route,Hyderabad-Mumbai,0.0883
2023-02-15,route,Kolkata-Hyderabad,0.0699
2023-02-15,route,Delhi-Ahmedabad,0.0436
2023-02-15,route,Bangalore-Kolkata,0.0156
2023-02-15,route,Bangalore-Mumbai,0.0147
2023-02-15,route,Mumbai-Bangalore,0.0064
2023-02-15,route,Mumbai-Hyderabad,0.0045
2023-02-15,route,Delhi-Chennai,0.0033
2023-02-15,route,Kolkata-Bangalore,0.0018
2023-02-15,route,Mumbai-Delhi,-0.0117
2023-02-15,route,Hyderabad-Kolkata,-0.0611
2023-02-15,route,Kolkata-Chennai,-0.0682
2023-02-15,route,Ahmedabad-Chennai,-0.1066
2023-02-15,route,Chennai-Ahmedabad,-0.1121
2023-02-15,route,Bangalore-Hyderabad,-0.1434
2023-02-15,route,Ahmedabad-Hyderabad,-0.1739
2023-02-15,route,Chennai-Hyderabad,-0.1748
2023-02-15,route,Ahmedabad-Kolkata,-0.1867
2023-02-15,route,Bangalore-Ahmedabad,-0.1888
2023-02-15,route,Hyderabad-Bangalore,-0.1943
2023-02-15,route,Mumbai-Ahmedabad,-0.2442
2023-02-15,route,Hyderabad-Chennai,-0.2561
2023-02-15,route,Ahmedabad-Delhi,-0.3103
2023-02-15,route,Chennai-Bangalore,-0.3415
2023-02-15,route,Ahmedabad-Bangalore,-0.4757
2023-02-15,route,Bangalore-Chennai,-0.6456
2023-02-16,airline,StarAir,12.3291
2023-02-16,airline,AirAsia,-0.5423
2023-02-16,airline,AkasaAir,-0.6743
2023-02-16,airline,AllianceAir,-0.7473
2023-02-16,airline,SpiceJet,-0.926
2023-02-16,airline,Air India,-0.9956
2023-02-16,airline,GO FIRST,-1.2104
2023-02-16,airline,Indigo,-2.3916
2023-02-16,airline,Vistara,-2.6591
2023-02-16,route,Chennai-Mumbai,0.6615
2023-02-16,route,Mumbai-Chennai,0.5806
2023-02-16,route,Mumbai-Kolkata,0.4648
2023-02-16,route,Mumbai-Hyderabad,0.423
2023-02-16,route,Delhi-Kolkata,0.406
2023-02-16,route,Hyderabad-Mumbai,0.297
2023-02-16,route,Chennai-Kolkata,0.2791
2023-02-16,route,Hyderabad-Delhi,0.2549
2023-02-16,route,Bangalore-Delhi,0.2385
2023-02-16,route,Delhi-Bangalore,0.2221
2023-02-16,route,Kolkata-Mumbai,0.2155
2023-02-16,route,Chennai-Delhi,0.1908
2023-02-16,route,Delhi-Mumbai,0.1525
2023-02-16,route,Kolkata-Delhi,0.1506
2023-02-16,route,Delhi-Hyderabad,0.1307
2023-02-16,route,Ahmedabad-Hyderabad,0.1049
2023-02-16,route,Delhi-Chennai,0.0903
2023-02-16,route,Kolkata-Hyderabad,0.0425
2023-02-16,route,Kolkata-Chennai,0.0424
2023-02-16,route,Ahmedabad-Delhi,0.0203
2023-02-16,route,Bangalore-Mumbai,0.0166
2023-02-16,route,Kolkata-Bangalore,0.0124
2023-02-16,route,Bangalore-Kolkata,-0.0024
2023-02-16,route,Delhi-Ahmedabad,-0.0266
2023-02-16,route,Mumbai-Bangalore,-0.0318
2023-02-16,route,Chennai-Ahmedabad,-0.0347
2023-02-16,route,Mumbai-Delhi,-0.0531
2023-02-16,route,Hyderabad-Kolkata,-0.1049
2023-02-16,route,Chennai-Hyderabad,-0.118
2023-02-16,route,Ahmedabad-Chennai,-0.1246
2023-02-16,route,Ahmedabad-Bangalore,-0.1392
2023-02-16,route,Hyderabad-Chennai,-0.1688
2023-02-16,route,Ahmedabad-Kolkata,-0.2047
2023-02-16,route,Bangalore-Ahmedabad,-0.2586
2023-02-16,route,Mumbai-Ahmedabad,-0.2633
2023-02-16,route,Hyderabad-Ahmedabad,-0.2645
2023-02-16,route,Bangalore-Hyderabad,-0.2762
2023-02-16,route,Chennai-Bangalore,-0.2921
2023-02-16,route,Bangalore-Chennai,-0.6627
2023-02-17,airline,AkasaAir,-1.024
2023-02-17,airline,AirAsia,-1.1637
2023-02-17,airline,SpiceJet,-1.19
2023-02-17,airline,GO FIRST,-1.227
2023-02-17,airline,AllianceAir,-1.2582
2023-02-17,airline,Air India,-1.517
2023-02-17,airline,Indigo,-2.6654
2023-02-17,airline,Vistara,-3.2435
2023-02-17,route,Chennai-Mumbai,0.8406
2023-02-17,route,Mumbai-Chennai,0.53
2023-02-17,route,Mumbai-Bangalore,0.4652
2023-02-17,route,Bangalore-Delhi,0.3336
2023-02-17,route,Kolkata-Mumbai,0.3325
2023-02-17,route,Mumbai-Kolkata,0.2912
2023-02-17,route,Chennai-Kolkata,0.2906
2023-02-17,route,Mumbai-Hyderabad,0.2802
2023-02-17,route,Delhi-Mumbai,0.2378
2023-02-17,route,Delhi-Kolkata,0.2119
2023-02-17,route,Hyderabad-Delhi,0.2043
2023-02-17,route,Delhi-Bangalore,0.2009
2023-02-17,route,Chennai-Delhi,0.197
2023-02-17,route,Kolkata-Hyderabad,0.1875
2023-02-17,route,Kolkata-Delhi,0.1604
2023-02-17,route,Bangalore-Kolkata,0.149
2023-02-17,route,Chennai-Ahmedabad,0.1434
2023-02-17,route,Bangalore-Hyderabad,0.1062
2023-02-17,route,Delhi-Hyderabad,0.0802
2023-02-17,route,Kolkata-Bangalore,0.0749
2023-02-17,route,Hyderabad-Mumbai,0.0503
2023-02-17,route,Delhi-Chennai,0.0397
2023-02-17,route,Kolkata-Ahmedabad,-0.012
2023-02-17,route,Bangalore-Mumbai,-0.0339
2023-02-17,route,Delhi-Ahmedabad,-0.0771
2023-02-17,route,Hyderabad-Bangalore,-0.0851
2023-02-17,route,Chennai-Hyderabad,-0.125
2023-02-17,route,Bangalore-Ahmedabad,-0.1477
2023-02-17,route,Ahmedabad-Hyderabad,-0.1594
2023-02-17,route,Chennai-Bangalore,-0.178
2023-02-17,route,Hyderabad-Chennai,-0.1909
2023-02-17,route,Hyderabad-Ahmedabad,-0.1993
2023-02-17,route,Ahmedabad-Kolkata,-0.2302
2023-02-17,route,Mumbai-Ahmedabad,-0.2606
2023-02-17,route,Ahmedabad-Delhi,-0.3333
2023-02-17,route,Ahmedabad-Mumbai,-0.4455
2023-02-17,route,Ahmedabad-Bangalore,-0.5155
2023-02-17,route,Bangalore-Chennai,-0.5401
2023-02-17,route,Ahmedabad-Chennai,-0.8164
2023-02-18,airline,StarAir,3.7751
2023-02-18,airline,SpiceJet,0.7333
2023-02-18,airline,AirAsia,0.6917
2023-02-18,airline,Air India,0.5886
2023-02-18,airline,AkasaAir,0.511
2023-02-18,airline,AllianceAir,0.3581
2023-02-18,airline,GO FIRST,0.191
2023-02-18,airline,Indigo,-0.8363
2023-02-18,airline,Vistara,-1.1795
2023-02-18,route,Chennai-Mumbai,0.9579
2023-02-18,route,Mumbai-Chennai,0.4784
2023-02-18,route,Hyderabad-Mumbai,0.3309
2023-02-18,route,Chennai-Ahmedabad,0.3276
2023-02-18,route,Mumbai-Kolkata,0.3201
2023-02-18,route,Delhi-Kolkata,0.3123
2023-02-18,route,Kolkata-Mumbai,0.2905
2023-02-18,route,Bangalore-Delhi,0.2903
2023-02-18,route,Bangalore-Mumbai,0.2024
2023-02-18,route,Delhi-Bangalore,0.1985
2023-02-18,route,Kolkata-Hyderabad,0.1968
2023-02-18,route,Chennai-Kolkata,0.1916
2023-02-18,route,Hyderabad-Delhi,0.1686
2023-02-18,route,Kolkata-Bangalore,0.1573
2023-02-18,route,Kolkata-Delhi,0.1181
2023-02-18,route,Delhi-Mumbai,0.1006
2023-02-18,route,Chennai-Delhi,0.0998
2023-02-18,route,Kolkata-Chennai,0.0579
2023-02-18,route,Delhi-Hyderabad,0.0505
2023-02-18,route,Kolkata-Ahmedabad,0.0268
2023-02-18,route,Bangalore-Kolkata,0.023
2023-02-18,route,Mumbai-Hyderabad,-0.0398
2023-02-18,route,Hyderabad-Kolkata,-0.0544
2023-02-18,route,Mumbai-Delhi,-0.0656
2023-02-18,route,Mumbai-Bangalore,-0.0794
2023-02-18,route,Delhi-Chennai,-0.0879
2023-02-18,route,Delhi-Ahmedabad,-0.0979
2023-02-18,route,Ahmedabad-Chennai,-0.19
2023-02-18,route,Ahmedabad-Kolkata,-0.2003
2023-02-18,route,Hyderabad-Ahmedabad,-0.2042
2023-02-18,route,Chennai-Hyderabad,-0.2085
2023-02-18,route,Ahmedabad-Hyderabad,-0.21
2023-02-18,route,Ahmedabad-Mumbai,-0.2123
2023-02-18,route,Mumbai-Ahmedabad,-0.2185
2023-02-18,route,Bangalore-Hyderabad,-0.2274
2023-02-18,route,Hyderabad-Bangalore,-0.2466
2023-02-18,route,Hyderabad-Chennai,-0.3346
2023-02-18,route,Chennai-Bangalore,-0.3609
2023-02-18,route,Ahmedabad-Delhi,-0.3861
2023-02-18,route,Bangalore-Chennai,-0.6298
2023-02-18,route,Ahmedabad-Bangalore,-0.6584
2023-02-19,airline,GO FIRST,0.4848
2023-02-19,airline,AkasaAir,0.384
2023-02-19,airline,AirAsia,0.1854
2023-02-19,airline,Air India,-0.0115
2023-02-19,airline,SpiceJet,-0.0679
2023-02-19,airline,AllianceAir,-0.2013
2023-02-19,airline,Vistara,-1.5053
2023-02-19,airline,Indigo,-1.545
2023-02-19,route,Chennai-Mumbai,1.1496
2023-02-19,route,Mumbai-Chennai,0.5714
2023-02-19,route,Chennai-Ahmedabad,0.4254
2023-02-19,route,Kolkata-Delhi,0.4219
2023-02-19,route,Hyderabad-Mumbai,0.3936
2023-02-19,route,Mumbai-Hyderabad,0.3869
2023-02-19,route,Delhi-Kolkata,0.3711
2023-02-19,route,Mumbai-Kolkata,0.3579
2023-02-19,route,Bangalore-Delhi,0.3461
2023-02-19,route,Kolkata-Mumbai,0.3448
2023-02-19,route,Delhi-Bangalore,0.2874
2023-02-19,route,Delhi-Mumbai,0.2775
2023-02-19,route,Chennai-Kolkata,0.1859
2023-02-19,route,Kolkata-Bangalore,0.1822
2023-02-19,route,Kolkata-Hyderabad,0.1677
2023-02-19,route,Mumbai-Bangalore,0.1165
2023-02-19,route,Chennai-Delhi,0.1149
2023-02-19,route,Kolkata-Chennai,0.0643
2023-02-19,route,Delhi-Ahmedabad,0.0552
2023-02-19,route,Delhi-Hyderabad,0.0533
2023-02-19,route,Bangalore-Mumbai,0.0387
2023-02-19,route,Bangalore-Kolkata,0.0354
2023-02-19,route,Delhi-Chennai,0.009
2023-02-19,route,Bangalore-Hyderabad,-0.0116
2023-02-19,route,Hyderabad-Bangalore,-0.0526
2023-02-19,route,Hyderabad-Chennai,-0.1573
2023-02-19,route,Ahmedabad-Hyderabad,-0.1844
2023-02-19,route,Chennai-Hyderabad,-0.2403
2023-02-19,route,Mumbai-Ahmedabad,-0.2845
2023-02-19,route,Chennai-Bangalore,-0.3119
2023-02-19,route,Ahmedabad-Kolkata,-0.3295
2023-02-19,route,Ahmedabad-Delhi,-0.4712
2023-02-19,route,Ahmedabad-Bangalore,-0.6418
2023-02-19,route,Bangalore-Chennai,-0.8212
2023-02-20,airline,AirAsia,0.2136
2023-02-20,airline,AllianceAir,0.0833
2023-02-20,airline,SpiceJet,0.027
2023-02-20,airline,Air India,-0.0598
2023-02-20,airline,GO FIRST,-0.1047
2023-02-20,airline,AkasaAir,-0.5966
2023-02-20,airline,Indigo,-1.849
2023-02-20,airline,Vistara,-2.2175
2023-02-20,route,Chennai-Mumbai,0.506
2023-02-20,route,Mumbai-Chennai,0.425
2023-02-20,route,Mumbai-Kolkata,0.2356
2023-02-20,route,Bangalore-Mumbai,0.1465
2023-02-20,route,Bangalore-Delhi,0.1432
2023-02-20,route,Delhi-Bangalore,0.1398
2023-02-20,route,Kolkata-Hyderabad,0.129
2023-02-20,route,Delhi-Kolkata,0.1203
2023-02-20,route,Kolkata-Mumbai,0.1073
2023-02-20,route,Kolkata-Delhi,0.0703
2023-02-20,route,Chennai-Delhi,0.027
2023-02-20,route,Delhi-Mumbai,-0.0143
2023-02-20,route,Chennai-Ahmedabad,-0.0225
2023-02-20,route,Delhi-Hyderabad,-0.0248
2023-02-20,route,Chennai-Kolkata,-0.0736
2023-02-20,route,Delhi-Chennai,-0.0828
2023-02-20,route,Ahmedabad-Hyderabad,-0.0857
2023-02-20,route,Hyderabad-Mumbai,-0.1442
2023-02-20,route,Bangalore-Kolkata,-0.1444
2023-02-20,route,Kolkata-Bangalore,-0.1718
2023-02-20,route,Delhi-Ahmedabad,-0.1821
2023-02-20,route,Mumbai-Hyderabad,-0.2005
2023-02-20,route,Ahmedabad-Chennai,-0.2071
2023-02-20,route,Mumbai-Bangalore,-0.213
2023-02-20,route,Kolkata-Chennai,-0.2207
2023-02-20,route,Hyderabad-Bangalore,-0.2256
2023-02-20,route,Hyderabad-Kolkata,-0.2347
2023-02-20,route,Chennai-Hyderabad,-0.2909
2023-02-20,route,Ahmedabad-Kolkata,-0.3603
2023-02-20,route,Bangalore-Hyderabad,-0.3717
2023-02-20,route,Ahmedabad-Delhi,-0.402
2023-02-20,route,Hyderabad-Ahmedabad,-0.4129
2023-02-20,route,Bangalore-Ahmedabad,-0.4142
2023-02-20,route,Mumbai-Ahmedabad,-0.4178
2023-02-20,route,Hyderabad-Chennai,-0.4297
2023-02-20,route,Chennai-Bangalore,-0.5151
2023-02-20,route,Ahmedabad-Bangalore,-0.7071
2023-02-20,route,Bangalore-Chennai,-0.789
2023-02-20,route,Ahmedabad-Mumbai,-1.5691
2023-02-21,airline,StarAir,3.9915
2023-02-21,airline,SpiceJet,0.6402
2023-02-21,airline,AllianceAir,0.5745
2023-02-21,airline,AirAsia,0.3122
2023-02-21,airline,AkasaAir,0.2951
2023-02-21,airline,GO FIRST,0.235
2023-02-21,airline,Air India,0.1029
2023-02-21,airline,Indigo,-1.3722
2023-02-21,airline,Vistara,-1.5708
2023-02-21,route,Chennai-Mumbai,0.6862
2023-02-21,route,Mumbai-Chennai,0.6172
2023-02-21,route,Mumbai-Kolkata,0.3968
2023-02-21,route,Delhi-Kolkata,0.2911
2023-02-21,route,Chennai-Ahmedabad,0.2204
2023-02-21,route,Bangalore-Delhi,0.1944
2023-02-21,route,Delhi-Mumbai,0.1765
2023-02-21,route,Kolkata-Delhi,0.1606
2023-02-21,route,Delhi-Bangalore,0.1474
2023-02-21,route,Delhi-Hyderabad,0.1231
2023-02-21,route,Hyderabad-Mumbai,0.1127
2023-02-21,route,Chennai-Delhi,0.1098
2023-02-21,route,Kolkata-Mumbai,0.0669
2023-02-21,route,Chennai-Kolkata,0.0073
2023-02-21,route,Delhi-Chennai,0.0062
2023-02-21,route,Bangalore-Mumbai,0.0051
2023-02-21,route,Kolkata-Bangalore,0.0046
2023-02-21,route,Delhi-Ahmedabad,-0.0059
2023-02-21,route,Bangalore-Kolkata,-0.0113
2023-02-21,route,Hyderabad-Kolkata,-0.0598
2023-02-21,route,Ahmedabad-Hyderabad,-0.0639
2023-02-21,route,Mumbai-Bangalore,-0.0905
2023-02-21,route,Kolkata-Chennai,-0.092
2023-02-21,route,Kolkata-Ahmedabad,-0.1509
2023-02-21,route,Mumbai-Delhi,-0.1772
2023-02-21,route,Mumbai-Hyderabad,-0.1923
2023-02-21,route,Hyderabad-Bangalore,-0.1966
2023-02-21,route,Ahmedabad-Chennai,-0.2196
2023-02-21,route,Chennai-Hyderabad,-0.2371
2023-02-21,route,Mumbai-Ahmedabad,-0.2489
2023-02-21,route,Hyderabad-Ahmedabad,-0.2501
2023-02-21,route,Bangalore-Hyderabad,-0.2954
2023-02-21,route,Hyderabad-Chennai,-0.3153
2023-02-21,route,Ahmedabad-Delhi,-0.3807
2023-02-21,route,Chennai-Bangalore,-0.3911
2023-02-21,route,Ahmedabad-Mumbai,-0.4443
2023-02-21,route,Ahmedabad-Bangalore,-0.6461
2023-02-21,route,Bangalore-Chennai,-0.7164
2023-02-22,airline,StarAir,12.3276
2023-02-22,airline,AirAsia,0.4694
2023-02-22,airline,SpiceJet,0.0767
2023-02-22,airline,GO FIRST,0.0509
2023-02-22,airline,AllianceAir,0.0293
2023-02-22,airline,AkasaAir,-0.2239
2023-02-22,airline,Air India,-0.2536
2023-02-22,airline,Indigo,-1.4964
2023-02-22,airline,Vistara,-1.8539
2023-02-22,route,Chennai-Mumbai,0.7908
2023-02-22,route,Mumbai-Chennai,0.7031
2023-02-22,route,Delhi-Kolkata,0.5008
2023-02-22,route,Delhi-Bangalore,0.3516
2023-02-22,route,Hyderabad-Delhi,0.3503
2023-02-22,route,Bangalore-Delhi,0.3326
2023-02-22,route,Delhi-Mumbai,0.238
2023-02-22,route,Kolkata-Delhi,0.2373
2023-02-22,route,Delhi-Hyderabad,0.2158
2023-02-22,route,Chennai-Kolkata,0.163
2023-02-22,route,Chennai-Delhi,0.1452
2023-02-22,route,Kolkata-Hyderabad,0.1202
2023-02-22,route,Bangalore-Mumbai,0.0878
2023-02-22,route,Kolkata-Mumbai,0.0671
2023-02-22,route,Delhi-Chennai,0.0582
2023-02-22,route,Kolkata-Bangalore,0.0566
2023-02-22,route,Hyderabad-Mumbai,0.0505
2023-02-22,route,Delhi-Ahmedabad,0.0454
2023-02-22,route,Bangalore-Kolkata,0.0397
2023-02-22,route,Chennai-Ahmedabad,0.0027
2023-02-22,route,Hyderabad-Kolkata,-0.0115
2023-02-22,route,Kolkata-Chennai,-0.0193
2023-02-22,route,Mumbai-Bangalore,-0.0439
2023-02-22,route,Ahmedabad-Hyderabad,-0.0666
2023-02-22,route,Ahmedabad-Chennai,-0.0686
2023-02-22,route,Ahmedabad-Kolkata,-0.1476
2023-02-22,route,Hyderabad-Bangalore,-0.1483
2023-02-22,route,Chennai-Hyderabad,-0.1986
2023-02-22,route,Mumbai-Ahmedabad,-0.2111
2023-02-22,route,Mumbai-Hyderabad,-0.2159
2023-02-22,route,Bangalore-Hyderabad,-0.2601
2023-02-22,route,Chennai-Bangalore,-0.3153
2023-02-22,route,Ahmedabad-Delhi,-0.4004
2023-02-22,route,Ahmedabad-Mumbai,-0.4173
2023-02-22,route,Ahmedabad-Bangalore,-0.4426
2023-02-22,route,Bangalore-Chennai,-0.7521
2023-02-23,airline,StarAir,8.7655
2023-02-23,airline,AkasaAir,-0.5879
2023-02-23,airline,AllianceAir,-0.6674
2023-02-23,airline,AirAsia,-0.7192
2023-02-23,airline,SpiceJet,-0.8461
2023-02-23,airline,Air India,-1.0261
2023-02-23,airline,GO FIRST,-1.1355
2023-02-23,airline,Indigo,-2.4029
2023-02-23,airline,Vistara,-3.1422
2023-02-23,route,Chennai-Mumbai,0.7272
2023-02-23,route,Mumbai-Chennai,0.6441
2023-02-23,route,Delhi-Kolkata,0.4216
2023-02-23,route,Bangalore-Delhi,0.3624
2023-02-23,route,Mumbai-Hyderabad,0.2964
2023-02-23,route,Delhi-Bangalore,0.2799
2023-02-23,route,Chennai-Ahmedabad,0.2473
2023-02-23,route,Chennai-Delhi,0.2356
2023-02-23,route,Kolkata-Delhi,0.2172
2023-02-23,route,Delhi-Hyderabad,0.1824
2023-02-23,route,Kolkata-Mumbai,0.177
2023-02-23,route,Hyderabad-Mumbai,0.1535
2023-02-23,route,Kolkata-Hyderabad,0.1432
2023-02-23,route,Chennai-Kolkata,0.1324
2023-02-23,route,Kolkata-Bangalore,0.061
2023-02-23,route,Ahmedabad-Hyderabad,0.0542
2023-02-23,route,Bangalore-Kolkata,0.0458
2023-02-23,route,Bangalore-Mumbai,0.0449
2023-02-23,route,Ahmedabad-Chennai,0.0408
2023-02-23,route,Delhi-Chennai,0.0331
2023-02-23,route,Mumbai-Delhi,-0.0062
2023-02-23,route,Mumbai-Bangalore,-0.0074
2023-02-23,route,Hyderabad-Kolkata,-0.0329
2023-02-23,route,Bangalore-Ahmedabad,-0.0515
2023-02-23,route,Delhi-Ahmedabad,-0.0576
2023-02-23,route,Kolkata-Ahmedabad,-0.0627
2023-02-23,route,Delhi-Mumbai,-0.0767
2023-02-23,route,Ahmedabad-Kolkata,-0.1361
2023-02-23,route,Chennai-Hyderabad,-0.1497
2023-02-23,route,Ahmedabad-Bangalore,-0.1813
2023-02-23,route,Hyderabad-Chennai,-0.2331
2023-02-23,route,Bangalore-Hyderabad,-0.2685
2023-02-23,route,Mumbai-Ahmedabad,-0.2687
2023-02-23,route,Ahmedabad-Delhi,-0.2887
2023-02-23,route,Hyderabad-Ahmedabad,-0.315
2023-02-23,route,Chennai-Bangalore,-0.3208
2023-02-23,route,Ahmedabad-Mumbai,-0.4174
2023-02-23,route,Bangalore-Chennai,-0.6895
2023-02-24,airline,AkasaAir,-0.4795
2023-02-24,airline,AirAsia,-0.5889
2023-02-24,airline,AllianceAir,-0.6753
2023-02-24,airline,SpiceJet,-0.7316
2023-02-24,airline,GO FIRST,-1.2483
2023-02-24,airline,Air India,-1.5858
2023-02-24,airline,Indigo,-2.5343
2023-02-24,airline,Vistara,-3.044
2023-02-24,route,Chennai-Mumbai,0.6845
2023-02-24,route,Mumbai-Chennai,0.6036
2023-02-24,route,Delhi-Kolkata,0.429
2023-02-24,route,Bangalore-Delhi,0.3383
2023-02-24,route,Hyderabad-Delhi,0.2778
2023-02-24,route,Delhi-Bangalore,0.2487
2023-02-24,route,Chennai-Ahmedabad,0.2169
2023-02-24,route,Delhi-Mumbai,0.1755
2023-02-24,route,Kolkata-Delhi,0.1736
2023-02-24,route,Kolkata-Mumbai,0.1485
2023-02-24,route,Hyderabad-Bangalore,0.1308
2023-02-24,route,Delhi-Hyderabad,0.1143
2023-02-24,route,Chennai-Delhi,0.0964
2023-02-24,route,Kolkata-Hyderabad,0.0655
2023-02-24,route,Kolkata-Bangalore,0.0354
2023-02-24,route,Bangalore-Kolkata,0.0342
2023-02-24,route,Mumbai-Bangalore,0.0114
2023-02-24,route,Hyderabad-Kolkata,0.0103
2023-02-24,route,Chennai-Kolkata,0.0093
2023-02-24,route,Delhi-Chennai,0.0083
2023-02-24,route,Bangalore-Mumbai,0.0071
2023-02-24,route,Delhi-Ahmedabad,-0.0236
2023-02-24,route,Kolkata-Chennai,-0.0422
2023-02-24,route,Bangalore-Hyderabad,-0.0442
2023-02-24,route,Mumbai-Delhi,-0.0826
2023-02-24,route,Kolkata-Ahmedabad,-0.1352
2023-02-24,route,Hyderabad-Mumbai,-0.1445
2023-02-24,route,Chennai-Hyderabad,-0.1698
2023-02-24,route,Ahmedabad-Hyderabad,-0.2043
2023-02-24,route,Hyderabad-Ahmedabad,-0.2133
2023-02-24,route,Bangalore-Ahmedabad,-0.2356
2023-02-24,route,Mumbai-Ahmedabad,-0.2392
2023-02-24,route,Hyderabad-Chennai,-0.2511
2023-02-24,route,Ahmedabad-Chennai,-0.285
2023-02-24,route,Ahmedabad-Delhi,-0.3053
2023-02-24,route,Chennai-Bangalore,-0.4105
2023-02-24,route,Ahmedabad-Mumbai,-0.4307
2023-02-24,route,Ahmedabad-Bangalore,-0.4667
2023-02-24,route,Bangalore-Chennai,-0.6105
2023-02-25,airline,StarAir,10.171
2023-02-25,airline,AirAsia,0.8003
2023-02-25,airline,AllianceAir,0.7381
2023-02-25,airline,SpiceJet,0.6425
2023-02-25,airline,GO FIRST,0.6372
2023-02-25,airline,Air India,0.3794
2023-02-25,airline,AkasaAir,0.0051
2023-02-25,airline,Indigo,-1.1429
2023-02-25,airline,Vistara,-1.496
2023-02-25,route,Mumbai-Chennai,0.649
2023-02-25,route,Delhi-Kolkata,0.4285
2023-02-25,route,Mumbai-Kolkata,0.3567
2023-02-25,route,Bangalore-Delhi,0.329
2023-02-25,route,Hyderabad-Mumbai,0.3282
2023-02-25,route,Kolkata-Hyderabad,0.2798
2023-02-25,route,Delhi-Bangalore,0.275
2023-02-25,route,Kolkata-Delhi,0.2742
2023-02-25,route,Kolkata-Mumbai,0.2309
2023-02-25,route,Chennai-Delhi,0.2295
2023-02-25,route,Delhi-Mumbai,0.1978
2023-02-25,route,Delhi-Hyderabad,0.1749
2023-02-25,route,Kolkata-Bangalore,0.13
2023-02-25,route,Chennai-Kolkata,0.1235
2023-02-25,route,Bangalore-Mumbai,0.1123
2023-02-25,route,Kolkata-Chennai,0.0774
2023-02-25,route,Hyderabad-Kolkata,0.0288
2023-02-25,route,Delhi-Chennai,0.0215
2023-02-25,route,Bangalore-Kolkata,0.0036
2023-02-25,route,Mumbai-Delhi,-0.0466
2023-02-25,route,Delhi-Ahmedabad,-0.0716
2023-02-25,route,Mumbai-Bangalore,-0.0778
2023-02-25,route,Kolkata-Ahmedabad,-0.1119
2023-02-25,route,Chennai-Ahmedabad,-0.1397
2023-02-25,route,Chennai-Hyderabad,-0.1584
2023-02-25,route,Bangalore-Hyderabad,-0.1638
2023-02-25,route,Ahmedabad-Hyderabad,-0.1777
2023-02-25,route,Mumbai-Hyderabad,-0.2372
2023-02-25,route,Mumbai-Ahmedabad,-0.2405
2023-02-25,route,Hyderabad-Chennai,-0.2519
2023-02-25,route,Chennai-Bangalore,-0.2998
2023-02-25,route,Hyderabad-Ahmedabad,-0.3152
2023-02-25,route,Ahmedabad-Delhi,-0.3759
2023-02-25,route,Ahmedabad-Mumbai,-0.4411
2023-02-25,route,Ahmedabad-Chennai,-0.5105
2023-02-25,route,Bangalore-Chennai,-0.646
2023-02-25,route,Ahmedabad-Bangalore,-0.6484
2023-02-26,airline,AkasaAir,-0.0618
2023-02-26,airline,AirAsia,-0.4415
2023-02-26,airline,SpiceJet,-0.7125
2023-02-26,airline,AllianceAir,-0.8684
2023-02-26,airline,Air India,-0.915
2023-02-26,airline,GO FIRST,-1.0381
2023-02-26,airline,Vistara,-2.4763
2023-02-26,airline,Indigo,-2.6703
2023-02-26,route,Chennai-Mumbai,0.6815
2023-02-26,route,Mumbai-Chennai,0.6328
2023-02-26,route,Delhi-Kolkata,0.4582
2023-02-26,route,Bangalore-Delhi,0.4337
2023-02-26,route,Delhi-Bangalore,0.3252
2023-02-26,route,Kolkata-Bangalore,0.2952
2023-02-26,route,Mumbai-Hyderabad,0.294
2023-02-26,route,Kolkata-Hyderabad,0.2924
2023-02-26,route,Mumbai-Kolkata,0.2814
2023-02-26,route,Delhi-Mumbai,0.2636
2023-02-26,route,Kolkata-Mumbai,0.2635
2023-02-26,route,Chennai-Ahmedabad,0.2461
2023-02-26,route,Chennai-Kolkata,0.2438
2023-02-26,route,Hyderabad-Mumbai,0.2058
2023-02-26,route,Kolkata-Chennai,0.1907
2023-02-26,route,Delhi-Hyderabad,0.1829
2023-02-26,route,Hyderabad-Delhi,0.1699
2023-02-26,route,Delhi-Chennai,0.1424
2023-02-26,route,Bangalore-Kolkata,0.0634
2023-02-26,route,Bangalore-Mumbai,0.0607
2023-02-26,route,Hyderabad-Kolkata,0.0358
2023-02-26,route,Mumbai-Bangalore,-0.0537
2023-02-26,route,Chennai-Delhi,-0.0609
2023-02-26,route,Ahmedabad-Hyderabad,-0.0772
2023-02-26,route,Mumbai-Delhi,-0.0971
2023-02-26,route,Hyderabad-Bangalore,-0.1046
2023-02-26,route,Bangalore-Hyderabad,-0.1092
2023-02-26,route,Ahmedabad-Kolkata,-0.1526
2023-02-26,route,Chennai-Hyderabad,-0.1996
2023-02-26,route,Hyderabad-Chennai,-0.2
2023-02-26,route,Bangalore-Ahmedabad,-0.2064
2023-02-26,route,Mumbai-Ahmedabad,-0.21
2023-02-26,route,Ahmedabad-Delhi,-0.2761
2023-02-26,route,Chennai-Bangalore,-0.3074
2023-02-26,route,Ahmedabad-Chennai,-0.3145
2023-02-26,route,Ahmedabad-Mumbai,-0.4015
2023-02-26,route,Ahmedabad-Bangalore,-0.4249
2023-02-26,route,Bangalore-Chennai,-0.4979
2023-02-26,route,Delhi-Ahmedabad,-1.0461
2023-02-27,airline,AllianceAir,0.4918
2023-02-27,airline,AirAsia,0.1968
2023-02-27,airline,SpiceJet,0.0151
2023-02-27,airline,GO FIRST,-0.2555
2023-02-27,airline,Air India,-0.318
2023-02-27,airline,AkasaAir,-0.3198
2023-02-27,airline,Indigo,-1.6615
2023-02-27,airline,Vistara,-1.9432
2023-02-27,route,Mumbai-Chennai,0.6393
2023-02-27,route,Chennai-Mumbai,0.632
2023-02-27,route,Delhi-Bangalore,0.2614
2023-02-27,route,Hyderabad-Delhi,0.242
2023-02-27,route,Kolkata-Delhi,0.1861
2023-02-27,route,Delhi-Kolkata,0.1792
2023-02-27,route,Bangalore-Delhi,0.1765
2023-02-27,route,Delhi-Hyderabad,0.1651
2023-02-27,route,Kolkata-Mumbai,0.1596
2023-02-27,route,Chennai-Delhi,0.1047
2023-02-27,route,Chennai-Ahmedabad,0.0948
2023-02-27,route,Kolkata-Hyderabad,0.0933
2023-02-27,route,Chennai-Kolkata,0.0633
2023-02-27,route,Bangalore-Mumbai,0.0449
2023-02-27,route,Delhi-Chennai,0.0118
2023-02-27,route,Kolkata-Bangalore,0.0102
2023-02-27,route,Bangalore-Kolkata,-0.0062
2023-02-27,route,Delhi-Mumbai,-0.0249
2023-02-27,route,Mumbai-Hyderabad,-0.0767
2023-02-27,route,Delhi-Ahmedabad,-0.0813
2023-02-27,route,Mumbai-Bangalore,-0.0875
2023-02-27,route,Hyderabad-Mumbai,-0.1258
2023-02-27,route,Kolkata-Chennai,-0.1422
2023-02-27,route,Mumbai-Delhi,-0.1492
2023-02-27,route,Hyderabad-Bangalore,-0.1641
2023-02-27,route,Chennai-Hyderabad,-0.1759
2023-02-27,route,Ahmedabad-Hyderabad,-0.1875
2023-02-27,route,Bangalore-Hyderabad,-0.2296
2023-02-27,route,Mumbai-Ahmedabad,-0.2502
2023-02-27,route,Hyderabad-Chennai,-0.2616
2023-02-27,route,Hyderabad-Ahmedabad,-0.3474
2023-02-27,route,Ahmedabad-Delhi,-0.3856
2023-02-27,route,Ahmedabad-Chennai,-0.3911
2023-02-27,route,Chennai-Bangalore,-0.4106
2023-02-27,route,Ahmedabad-Mumbai,-0.5282
2023-02-27,route,Ahmedabad-Bangalore,-0.6967
2023-02-27,route,Bangalore-Chennai,-0.7172
2023-02-28,airline,StarAir,4.2758
2023-02-28,airline,AirAsia,0.9356
2023-02-28,airline,AllianceAir,0.8587
2023-02-28,airline,SpiceJet,0.7143
2023-02-28,airline,GO FIRST,0.1945
2023-02-28,airline,AkasaAir,0.1373
2023-02-28,airline,Air India,0.0495
2023-02-28,airline,Indigo,-1.0835
2023-02-28,airline,Vistara,-1.5841
2023-02-28,route,Mumbai-Chennai,0.7035
2023-02-28,route,Chennai-Mumbai,0.6962
2023-02-28,route,Delhi-Kolkata,0.4935
2023-02-28,route,Hyderabad-Delhi,0.3481
2023-02-28,route,Delhi-Bangalore,0.3295
2023-02-28,route,Kolkata-Delhi,0.3168
2023-02-28,route,Chennai-Ahmedabad,0.2959
2023-02-28,route,Bangalore-Delhi,0.2692
2023-02-28,route,Delhi-Mumbai,0.1785
2023-02-28,route,Chennai-Delhi,0.1689
2023-02-28,route,Kolkata-Hyderabad,0.1363
2023-02-28,route,Bangalore-Kolkata,0.089
2023-02-28,route,Delhi-Chennai,0.076
2023-02-28,route,Bangalore-Mumbai,0.0748
2023-02-28,route,Kolkata-Bangalore,0.0744
2023-02-28,route,Kolkata-Mumbai,0.0428
2023-02-28,route,Delhi-Ahmedabad,-0.0172
2023-02-28,route,Mumbai-Bangalore,-0.0363
2023-02-28,route,Kolkata-Chennai,-0.0869
2023-02-28,route,Hyderabad-Mumbai,-0.0908
2023-02-28,route,Kolkata-Ahmedabad,-0.0917
2023-02-28,route,Chennai-Hyderabad,-0.1117
2023-02-28,route,Mumbai-Delhi,-0.1123
2023-02-28,route,Mumbai-Hyderabad,-0.129
2023-02-28,route,Hyderabad-Bangalore,-0.1323
2023-02-28,route,Mumbai-Ahmedabad,-0.186
2023-02-28,route,Ahmedabad-Hyderabad,-0.1891
2023-02-28,route,Bangalore-Hyderabad,-0.2337
2023-02-28,route,Hyderabad-Chennai,-0.2813
2023-02-28,route,Hyderabad-Ahmedabad,-0.2849
2023-02-28,route,Ahmedabad-Kolkata,-0.3327
2023-02-28,route,Ahmedabad-Delhi,-0.3703
2023-02-28,route,Ahmedabad-Chennai,-0.4561
2023-02-28,route,Ahmedabad-Mumbai,-0.5259
2023-02-28,route,Ahmedabad-Bangalore,-0.5939
2023-02-28,route,Bangalore-Chennai,-0.7124
2023-02-28,route,Chennai-Bangalore,-1.233
2023-03-01,airline,StarAir,12.4686
2023-03-01,airline,AirAsia,0.5815
2023-03-01,airline,AllianceAir,0.359
2023-03-01,airline,SpiceJet,0.2372
2023-03-01,airline,Air India,0.1975
2023-03-01,airline,AkasaAir,0.0536
2023-03-01,airline,GO FIRST,0.0195
2023-03-01,airline,Indigo,-0.9255
2023-03-01,airline,Vistara,-2.0709
2023-03-01,route,Chennai-Mumbai,0.7405
2023-03-01,route,Mumbai-Chennai,0.6653
2023-03-01,route,Delhi-Kolkata,0.4789
2023-03-01,route,Mumbai-Kolkata,0.4213
2023-03-01,route,Delhi-Bangalore,0.4168
2023-03-01,route,Bangalore-Delhi,0.3985
2023-03-01,route,Hyderabad-Delhi,0.3629
2023-03-01,route,Kolkata-Bangalore,0.3503
2023-03-01,route,Kolkata-Delhi,0.3046
2023-03-01,route,Kolkata-Mumbai,0.2849
2023-03-01,route,Delhi-Mumbai,0.2666
2023-03-01,route,Hyderabad-Mumbai,0.2525
2023-03-01,route,Mumbai-Hyderabad,0.2478
2023-03-01,route,Delhi-Hyderabad,0.2476
2023-03-01,route,Chennai-Kolkata,0.2302
2023-03-01,route,Bangalore-Kolkata,0.2208
2023-03-01,route,Kolkata-Hyderabad,0.217
2023-03-01,route,Hyderabad-Kolkata,0.2069
2023-03-01,route,Kolkata-Chennai,0.1778
2023-03-01,route,Chennai-Delhi,0.1556
2023-03-01,route,Delhi-Chennai,0.1125
2023-03-01,route,Bangalore-Mumbai,0.1115
2023-03-01,route,Chennai-Ahmedabad,0.0649
2023-03-01,route,Mumbai-Bangalore,0.0408
2023-03-01,route,Delhi-Ahmedabad,0.0305
2023-03-01,route,Kolkata-Ahmedabad,-0.0404
2023-03-01,route,Mumbai-Delhi,-0.0414
2023-03-01,route,Chennai-Hyderabad,-0.0529
2023-03-01,route,Hyderabad-Bangalore,-0.071
2023-03-01,route,Ahmedabad-Hyderabad,-0.1073
2023-03-01,route,Bangalore-Ahmedabad,-0.1139
2023-03-01,route,Hyderabad-Ahmedabad,-0.1194
2023-03-01,route,Bangalore-Hyderabad,-0.1603
2023-03-01,route,Mumbai-Ahmedabad,-0.1605
2023-03-01,route,Hyderabad-Chennai,-0.1679
2023-03-01,route,Ahmedabad-Kolkata,-0.2197
2023-03-01,route,Ahmedabad-Delhi,-0.2806
2023-03-01,route,Ahmedabad-Mumbai,-0.2977
2023-03-01,route,Ahmedabad-Bangalore,-0.3168
2023-03-01,route,Chennai-Bangalore,-0.3234
2023-03-01,route,Ahmedabad-Chennai,-0.4147
2023-03-01,route,Bangalore-Chennai,-0.583
2023-03-02,airline,StarAir,2.5626
2023-03-02,airline,AirAsia,-0.7704
2023-03-02,airline,SpiceJet,-0.8302
2023-03-02,airline,AllianceAir,-0.8544
2023-03-02,airline,Air India,-0.8813
2023-03-02,airline,AkasaAir,-1.15
2023-03-02,airline,GO FIRST,-1.1939
2023-03-02,airline,Indigo,-2.6447
2023-03-02,airline,Vistara,-3.2006
2023-03-02,route,Chennai-Mumbai,0.6891
2023-03-02,route,Mumbai-Chennai,0.6102
2023-03-02,route,Delhi-Kolkata,0.5052
2023-03-02,route,Mumbai-Kolkata,0.4479
2023-03-02,route,Bangalore-Delhi,0.3907
2023-03-02,route,Hyderabad-Delhi,0.2926
2023-03-02,route,Delhi-Bangalore,0.2847
2023-03-02,route,Kolkata-Bangalore,0.2794
2023-03-02,route,Bangalore-Kolkata,0.272
2023-03-02,route,Delhi-Hyderabad,0.1716
2023-03-02,route,Kolkata-Delhi,0.1646
2023-03-02,route,Kolkata-Mumbai,0.1481
2023-03-02,route,Hyderabad-Kolkata,0.1368
2023-03-02,route,Delhi-Mumbai,0.1248
2023-03-02,route,Kolkata-Chennai,0.0982
2023-03-02,route,Hyderabad-Bangalore,0.0798
2023-03-02,route,Chennai-Delhi,0.075
2023-03-02,route,Mumbai-Hyderabad,0.0357
2023-03-02,route,Bangalore-Mumbai,0.0348
2023-03-02,route,Delhi-Chennai,0.0297
2023-03-02,route,Hyderabad-Mumbai,0.0256
2023-03-02,route,Chennai-Kolkata,0.0106
2023-03-02,route,Chennai-Ahmedabad,-0.0202
2023-03-02,route,Bangalore-Hyderabad,-0.0214
2023-03-02,route,Delhi-Ahmedabad,-0.0564
2023-03-02,route,Mumbai-Bangalore,-0.0621
2023-03-02,route,Mumbai-Delhi,-0.1318
2023-03-02,route,Chennai-Hyderabad,-0.1439
2023-03-02,route,Ahmedabad-Chennai,-0.1829
2023-03-02,route,Ahmedabad-Hyderabad,-0.1921
2023-03-02,route,Bangalore-Ahmedabad,-0.2054
2023-03-02,route,Hyderabad-Ahmedabad,-0.2138
2023-03-02,route,Hyderabad-Chennai,-0.2231
2023-03-02,route,Mumbai-Ahmedabad,-0.257
2023-03-02,route,Ahmedabad-Kolkata,-0.2608
2023-03-02,route,Chennai-Bangalore,-0.3064
2023-03-02,route,Ahmedabad-Delhi,-0.383
2023-03-02,route,Ahmedabad-Mumbai,-0.5699
2023-03-02,route,Ahmedabad-Bangalore,-0.5899
2023-03-02,route,Bangalore-Chennai,-0.6995
2023-03-03,airline,AirAsia,0.7617
2023-03-03,airline,Air India,0.3489
2023-03-03,airline,GO FIRST,0.1904
2023-03-03,airline,SpiceJet,0.1864
2023-03-03,airline,AllianceAir,0.1591
2023-03-03,airline,AkasaAir,-0.3361
2023-03-03,airline,Indigo,-0.414
2023-03-03,airline,Vistara,-2.0328
2023-03-03,route,Chennai-Mumbai,0.7152
2023-03-03,route,Mumbai-Chennai,0.6321
2023-03-03,route,Hyderabad-Mumbai,0.5207
2023-03-03,route,Delhi-Kolkata,0.4721
2023-03-03,route,Mumbai-Kolkata,0.4613
2023-03-03,route,Bangalore-Kolkata,0.4343
2023-03-03,route,Bangalore-Delhi,0.4305
2023-03-03,route,Delhi-Bangalore,0.3574
2023-03-03,route,Chennai-Kolkata,0.3472
2023-03-03,route,Kolkata-Hyderabad,0.3283
2023-03-03,route,Kolkata-Mumbai,0.3193
2023-03-03,route,Kolkata-Bangalore,0.2857
2023-03-03,route,Delhi-Hyderabad,0.2851
2023-03-03,route,Chennai-Ahmedabad,0.278
2023-03-03,route,Mumbai-Hyderabad,0.2018
2023-03-03,route,Delhi-Mumbai,0.1928
2023-03-03,route,Hyderabad-Kolkata,0.1899
2023-03-03,route,Kolkata-Delhi,0.163
2023-03-03,route,Chennai-Delhi,0.1536
2023-03-03,route,Bangalore-Mumbai,0.1508
2023-03-03,route,Kolkata-Chennai,0.0932
2023-03-03,route,Delhi-Chennai,0.0884
2023-03-03,route,Hyderabad-Bangalore,0.0738
2023-03-03,route,Mumbai-Bangalore,0.0041
2023-03-03,route,Delhi-Ahmedabad,-0.0063
2023-03-03,route,Mumbai-Delhi,-0.0182
2023-03-03,route,Ahmedabad-Hyderabad,-0.0257
2023-03-03,route,Hyderabad-Ahmedabad,-0.0314
2023-03-03,route,Bangalore-Hyderabad,-0.0327
2023-03-03,route,Chennai-Hyderabad,-0.1617
2023-03-03,route,Ahmedabad-Kolkata,-0.1739
2023-03-03,route,Hyderabad-Chennai,-0.1859
2023-03-03,route,Chennai-Bangalore,-0.3328
2023-03-03,route,Ahmedabad-Delhi,-0.3388
2023-03-03,route,Ahmedabad-Chennai,-0.3578
2023-03-03,route,Ahmedabad-Mumbai,-0.4353
2023-03-03,route,Ahmedabad-Bangalore,-0.565
2023-03-03,route,Bangalore-Chennai,-0.6439
2023-03-04,airline,StarAir,3.6848
2023-03-04,airline,AirAsia,0.6115
2023-03-04,airline,Air India,0.4364
2023-03-04,airline,GO FIRST,0.2955
2023-03-04,airline,AllianceAir,0.0791
2023-03-04,airline,AkasaAir,0.0079
2023-03-04,airline,SpiceJet,-0.0742
2023-03-04,airline,Indigo,-0.3882
2023-03-04,airline,Vistara,-1.8377
2023-03-04,route,Chennai-Mumbai,1.0771
2023-03-04,route,Mumbai-Chennai,0.5757
2023-03-04,route,Delhi-Kolkata,0.5593
2023-03-04,route,Hyderabad-Mumbai,0.5501
2023-03-04,route,Chennai-Ahmedabad,0.4404
2023-03-04,route,Bangalore-Delhi,0.4216
2023-03-04,route,Bangalore-Kolkata,0.361
2023-03-04,route,Delhi-Bangalore,0.2774
2023-03-04,route,Kolkata-Hyderabad,0.2458
2023-03-04,route,Chennai-Kolkata,0.2313
2023-03-04,route,Hyderabad-Delhi,0.2128
2023-03-04,route,Kolkata-Bangalore,0.1996
2023-03-04,route,Delhi-Mumbai,0.0988
2023-03-04,route,Delhi-Hyderabad,0.0745
2023-03-04,route,Kolkata-Mumbai,0.05
2023-03-04,route,Bangalore-Mumbai,0.032
2023-03-04,route,Ahmedabad-Hyderabad,0.0144
2023-03-04,route,Chennai-Delhi,0.0106
2023-03-04,route,Kolkata-Chennai,-0.0093
2023-03-04,route,Hyderabad-Bangalore,-0.0304
2023-03-04,route,Ahmedabad-Chennai,-0.0489
2023-03-04,route,Delhi-Chennai,-0.0876
2023-03-04,route,Delhi-Ahmedabad,-0.1008
2023-03-04,route,Bangalore-Ahmedabad,-0.102
2023-03-04,route,Mumbai-Delhi,-0.1303
2023-03-04,route,Hyderabad-Ahmedabad,-0.1303
2023-03-04,route,Mumbai-Bangalore,-0.1656
2023-03-04,route,Mumbai-Hyderabad,-0.2499
2023-03-04,route,Bangalore-Hyderabad,-0.2508
2023-03-04,route,Chennai-Hyderabad,-0.2861
2023-03-04,route,Mumbai-Ahmedabad,-0.3646
2023-03-04,route,Chennai-Bangalore,-0.4718
2023-03-04,route,Ahmedabad-Delhi,-0.5594
2023-03-04,route,Ahmedabad-Mumbai,-0.5767
2023-03-04,route,Bangalore-Chennai,-0.8409
2023-03-05,airline,AirAsia,0.672
2023-03-05,airline,SpiceJet,0.2087
2023-03-05,airline,GO FIRST,-0.0194
2023-03-05,airline,Air India,-0.0809
2023-03-05,airline,AkasaAir,-0.2443
2023-03-05,airline,AllianceAir,-0.2629
2023-03-05,airline,Indigo,-0.7825
2023-03-05,airline,Vistara,-1.9977
2023-03-05,route,Chennai-Mumbai,0.6366
2023-03-05,route,Mumbai-Chennai,0.5464
2023-03-05,route,Mumbai-Kolkata,0.5001
2023-03-05,route,Bangalore-Kolkata,0.4918
2023-03-05,route,Delhi-Kolkata,0.4264
2023-03-05,route,Hyderabad-Mumbai,0.3945
2023-03-05,route,Delhi-Bangalore,0.3435
2023-03-05,route,Bangalore-Delhi,0.3275
2023-03-05,route,Delhi-Hyderabad,0.2693
2023-03-05,route,Chennai-Ahmedabad,0.2377
2023-03-05,route,Chennai-Kolkata,0.1933
2023-03-05,route,Kolkata-Bangalore,0.1703
2023-03-05,route,Delhi-Mumbai,0.0973
2023-03-05,route,Kolkata-Delhi,0.0725
2023-03-05,route,Hyderabad-Kolkata,0.0663
2023-03-05,route,Kolkata-Mumbai,0.0183
2023-03-05,route,Chennai-Delhi,-0.0187
2023-03-05,route,Kolkata-Chennai,-0.0261
2023-03-05,route,Ahmedabad-Hyderabad,-0.0498
2023-03-05,route,Hyderabad-Bangalore,-0.0597
2023-03-05,route,Bangalore-Mumbai,-0.0765
2023-03-05,route,Bangalore-Ahmedabad,-0.1003
2023-03-05,route,Delhi-Chennai,-0.117
2023-03-05,route,Ahmedabad-Chennai,-0.1395
2023-03-05,route,Mumbai-Delhi,-0.1597
2023-03-05,route,Bangalore-Hyderabad,-0.1754
2023-03-05,route,Mumbai-Bangalore,-0.1775
2023-03-05,route,Delhi-Ahmedabad,-0.1782
2023-03-05,route,Hyderabad-Ahmedabad,-0.2063
2023-03-05,route,Mumbai-Hyderabad,-0.2953
2023-03-05,route,Chennai-Hyderabad,-0.3154
2023-03-05,route,Hyderabad-Chennai,-0.406
2023-03-05,route,Chennai-Bangalore,-0.5483
2023-03-05,route,Ahmedabad-Mumbai,-0.6061
2023-03-05,route,Bangalore-Chennai,-0.76
2023-03-06,airline,AirAsia,0.6494
2023-03-06,airline,Air India,0.4525
2023-03-06,airline,SpiceJet,0.2998
2023-03-06,airline,GO FIRST,0.2799
2023-03-06,airline,AllianceAir,0.2627
2023-03-06,airline,AkasaAir,-0.2344
2023-03-06,airline,Indigo,-0.3116
2023-03-06,airline,Vistara,-2.4855
2023-03-06,route,Chennai-Mumbai,0.5476
2023-03-06,route,Mumbai-Chennai,0.4687
2023-03-06,route,Mumbai-Kolkata,0.3015
2023-03-06,route,Bangalore-Delhi,0.2772
2023-03-06,route,Delhi-Kolkata,0.2667
2023-03-06,route,Mumbai-Hyderabad,0.2251
2023-03-06,route,Chennai-Ahmedabad,0.2216
2023-03-06,route,Delhi-Bangalore,0.2077
2023-03-06,route,Hyderabad-Mumbai,0.2029
2023-03-06,route,Kolkata-Hyderabad,0.18
2023-03-06,route,Kolkata-Bangalore,0.1396
2023-03-06,route,Bangalore-Kolkata,0.1305
2023-03-06,route,Chennai-Kolkata,0.0934
2023-03-06,route,Kolkata-Delhi,0.0561
2023-03-06,route,Bangalore-Mumbai,0.0547
2023-03-06,route,Delhi-Mumbai,0.0513
2023-03-06,route,Hyderabad-Kolkata,0.0486
2023-03-06,route,Delhi-Hyderabad,0.0301
2023-03-06,route,Kolkata-Mumbai,0.0066
2023-03-06,route,Kolkata-Chennai,-0.0433
2023-03-06,route,Chennai-Delhi,-0.0665
2023-03-06,route,Delhi-Chennai,-0.1117
2023-03-06,route,Ahmedabad-Hyderabad,-0.1562
2023-03-06,route,Mumbai-Delhi,-0.164
2023-03-06,route,Mumbai-Bangalore,-0.18
2023-03-06,route,Delhi-Ahmedabad,-0.1979
2023-03-06,route,Hyderabad-Bangalore,-0.2467
2023-03-06,route,Kolkata-Ahmedabad,-0.261
2023-03-06,route,Chennai-Hyderabad,-0.2854
2023-03-06,route,Ahmedabad-Chennai,-0.3035
2023-03-06,route,Hyderabad-Ahmedabad,-0.3045
2023-03-06,route,Bangalore-Hyderabad,-0.335
2023-03-06,route,Ahmedabad-Kolkata,-0.3379
2023-03-06,route,Hyderabad-Chennai,-0.3646
2023-03-06,route,Mumbai-Ahmedabad,-0.3985
2023-03-06,route,Ahmedabad-Bangalore,-0.4572
2023-03-06,route,Ahmedabad-Delhi,-0.4793
2023-03-06,route,Chennai-Bangalore,-0.5694
2023-03-06,route,Bangalore-Chennai,-0.8136
2023-03-06,route,Ahmedabad-Mumbai,-1.4585
