index_date,route_id,source_city,destination_city,index_value,percentage_change
2023-01-16,1,Delhi,Mumbai,119.9,
2023-01-17,1,Delhi,Mumbai,100.0,-16.59
2023-01-18,1,Delhi,Mumbai,97.17,-2.83
2023-01-19,1,Delhi,Mumbai,97.12,-0.04
2023-01-20,1,Delhi,Mumbai,80.3,-17.32
2023-01-21,1,Delhi,Mumbai,102.9,28.14
2023-01-22,1,Delhi,Mumbai,102.44,-0.44
2023-01-23,1,Delhi,Mumbai,88.77,-13.35
2023-01-24,1,Delhi,Mumbai,84.11,-5.25
2023-01-25,1,Delhi,Mumbai,104.8,24.59
2023-01-26,1,Delhi,Mumbai,94.27,-10.04
2023-01-27,1,Delhi,Mumbai,83.26,-11.68
2023-01-28,1,Delhi,Mumbai,97.49,17.09
2023-01-29,1,Delhi,Mumbai,123.88,27.07
2023-01-30,1,Delhi,Mumbai,80.0,-35.42
2023-01-31,1,Delhi,Mumbai,75.25,-5.93
2023-02-01,1,Delhi,Mumbai,77.44,2.9
2023-02-02,1,Delhi,Mumbai,77.0,-0.56
2023-02-03,1,Delhi,Mumbai,79.72,3.53
2023-02-04,1,Delhi,Mumbai,82.77,3.83
2023-02-05,1,Delhi,Mumbai,84.25,1.79
2023-02-06,1,Delhi,Mumbai,74.6,-11.46
2023-02-07,1,Delhi,Mumbai,74.7,0.14
2023-02-08,1,Delhi,Mumbai,74.7,0.0
2023-02-09,1,Delhi,Mumbai,77.0,3.07
2023-02-10,1,Delhi,Mumbai,79.86,3.72
2023-02-11,1,Delhi,Mumbai,80.73,1.09
2023-02-12,1,Delhi,Mumbai,87.2,8.01
2023-02-13,1,Delhi,Mumbai,73.82,-15.34
2023-02-14,1,Delhi,Mumbai,77.65,5.19
2023-02-15,1,Delhi,Mumbai,77.37,-0.36
2023-02-16,1,Delhi,Mumbai,74.7,-3.45
2023-02-17,1,Delhi,Mumbai,80.0,7.09
2023-02-18,1,Delhi,Mumbai,75.91,-5.11
2023-02-19,1,Delhi,Mumbai,81.41,7.24
2023-02-20,1,Delhi,Mumbai,74.26,-8.78
2023-02-21,1,Delhi,Mumbai,74.65,0.52
2023-02-22,1,Delhi,Mumbai,74.65,0.0
2023-02-23,1,Delhi,Mumbai,64.01,-14.26
2023-02-24,1,Delhi,Mumbai,74.7,16.71
2023-02-25,1,Delhi,Mumbai,74.7,0.0
2023-02-26,1,Delhi,Mumbai,77.0,3.07
2023-02-27,1,Delhi,Mumbai,66.82,-13.22
2023-02-28,1,Delhi,Mumbai,71.97,7.71
2023-03-01,1,Delhi,Mumbai,74.65,3.72
2023-03-02,1,Delhi,Mumbai,71.98,-3.57
2023-03-03,1,Delhi,Mumbai,74.7,3.78
2023-03-04,1,Delhi,Mumbai,74.7,0.0
2023-03-05,1,Delhi,Mumbai,75.68,1.31
2023-03-06,1,Delhi,Mumbai,74.7,-1.29
2023-01-16,2,Delhi,Bangalore,116.11,
2023-01-17,2,Delhi,Bangalore,100.0,-13.88
2023-01-18,2,Delhi,Bangalore,94.7,-5.3
2023-01-19,2,Delhi,Bangalore,96.07,1.45
2023-01-20,2,Delhi,Bangalore,105.79,10.12
2023-01-21,2,Delhi,Bangalore,99.81,-5.66
2023-01-22,2,Delhi,Bangalore,117.65,17.88
2023-01-23,2,Delhi,Bangalore,90.77,-22.85
2023-01-24,2,Delhi,Bangalore,91.46,0.77
2023-01-25,2,Delhi,Bangalore,102.57,12.14
2023-01-26,2,Delhi,Bangalore,99.88,-2.63
2023-01-27,2,Delhi,Bangalore,91.99,-7.89
2023-01-28,2,Delhi,Bangalore,98.54,7.11
2023-01-29,2,Delhi,Bangalore,129.01,30.93
2023-01-30,2,Delhi,Bangalore,84.3,-34.66
2023-01-31,2,Delhi,Bangalore,83.22,-1.28
2023-02-01,2,Delhi,Bangalore,83.22,0.0
2023-02-02,2,Delhi,Bangalore,80.96,-2.72
2023-02-03,2,Delhi,Bangalore,84.22,4.03
2023-02-04,2,Delhi,Bangalore,85.9,2.0
2023-02-05,2,Delhi,Bangalore,80.62,-6.15
2023-02-06,2,Delhi,Bangalore,80.96,0.42
2023-02-07,2,Delhi,Bangalore,80.62,-0.42
2023-02-08,2,Delhi,Bangalore,83.22,3.23
2023-02-09,2,Delhi,Bangalore,80.62,-3.12
2023-02-10,2,Delhi,Bangalore,85.9,6.55
2023-02-11,2,Delhi,Bangalore,83.22,-3.12
2023-02-12,2,Delhi,Bangalore,88.6,6.46
2023-02-13,2,Delhi,Bangalore,80.62,-9.0
2023-02-14,2,Delhi,Bangalore,77.84,-3.45
2023-02-15,2,Delhi,Bangalore,80.96,4.01
2023-02-16,2,Delhi,Bangalore,77.42,-4.38
2023-02-17,2,Delhi,Bangalore,78.56,1.48
2023-02-18,2,Delhi,Bangalore,79.92,1.73
2023-02-19,2,Delhi,Bangalore,81.74,2.27
2023-02-20,2,Delhi,Bangalore,80.27,-1.8
2023-02-21,2,Delhi,Bangalore,73.55,-8.38
2023-02-22,2,Delhi,Bangalore,78.74,7.06
2023-02-23,2,Delhi,Bangalore,77.56,-1.5
2023-02-24,2,Delhi,Bangalore,77.56,0.0
2023-02-25,2,Delhi,Bangalore,77.56,0.0
2023-02-26,2,Delhi,Bangalore,79.4,2.38
2023-02-27,2,Delhi,Bangalore,77.42,-2.5
2023-02-28,2,Delhi,Bangalore,77.56,0.19
2023-03-01,2,Delhi,Bangalore,80.96,4.38
2023-03-02,2,Delhi,Bangalore,78.38,-3.19
2023-03-03,2,Delhi,Bangalore,80.96,3.29
2023-03-04,2,Delhi,Bangalore,80.96,0.0
2023-03-05,2,Delhi,Bangalore,84.3,4.12
2023-03-06,2,Delhi,Bangalore,80.96,-3.96
2023-01-16,3,Delhi,Hyderabad,123.41,
2023-01-17,3,Delhi,Hyderabad,104.37,-15.43
2023-01-18,3,Delhi,Hyderabad,93.65,-10.27
2023-01-19,3,Delhi,Hyderabad,93.72,0.08
2023-01-20,3,Delhi,Hyderabad,96.52,2.99
2023-01-21,3,Delhi,Hyderabad,100.0,3.6
2023-01-22,3,Delhi,Hyderabad,100.0,0.0
2023-01-23,3,Delhi,Hyderabad,94.86,-5.14
2023-01-24,3,Delhi,Hyderabad,89.55,-5.6
2023-01-25,3,Delhi,Hyderabad,94.33,5.34
2023-01-26,3,Delhi,Hyderabad,93.03,-1.37
2023-01-27,3,Delhi,Hyderabad,90.87,-2.33
2023-01-28,3,Delhi,Hyderabad,85.62,-5.77
2023-01-29,3,Delhi,Hyderabad,99.57,16.29
2023-01-30,3,Delhi,Hyderabad,79.7,-19.95
2023-01-31,3,Delhi,Hyderabad,73.85,-7.33
2023-02-01,3,Delhi,Hyderabad,73.85,0.0
2023-02-02,3,Delhi,Hyderabad,73.85,0.0
2023-02-03,3,Delhi,Hyderabad,75.43,2.14
2023-02-04,3,Delhi,Hyderabad,78.65,4.27
2023-02-05,3,Delhi,Hyderabad,82.56,4.98
2023-02-06,3,Delhi,Hyderabad,74.9,-9.29
2023-02-07,3,Delhi,Hyderabad,72.11,-3.72
2023-02-08,3,Delhi,Hyderabad,73.85,2.42
2023-02-09,3,Delhi,Hyderabad,73.85,0.0
2023-02-10,3,Delhi,Hyderabad,73.85,0.0
2023-02-11,3,Delhi,Hyderabad,73.85,0.0
2023-02-12,3,Delhi,Hyderabad,78.21,5.9
2023-02-13,3,Delhi,Hyderabad,73.85,-5.57
2023-02-14,3,Delhi,Hyderabad,73.85,0.0
2023-02-15,3,Delhi,Hyderabad,73.85,0.0
2023-02-16,3,Delhi,Hyderabad,73.85,0.0
2023-02-17,3,Delhi,Hyderabad,73.85,0.0
2023-02-18,3,Delhi,Hyderabad,73.85,0.0
2023-02-19,3,Delhi,Hyderabad,73.78,-0.1
2023-02-20,3,Delhi,Hyderabad,73.85,0.1
2023-02-21,3,Delhi,Hyderabad,72.62,-1.67
2023-02-22,3,Delhi,Hyderabad,73.85,1.7
2023-02-23,3,Delhi,Hyderabad,73.85,0.0
2023-02-24,3,Delhi,Hyderabad,72.32,-2.08
2023-02-25,3,Delhi,Hyderabad,73.85,2.12
2023-02-26,3,Delhi,Hyderabad,73.85,0.0
2023-02-27,3,Delhi,Hyderabad,73.85,0.0
2023-03-01,3,Delhi,Hyderabad,73.85,0.0
2023-03-02,3,Delhi,Hyderabad,73.85,0.0
2023-03-03,3,Delhi,Hyderabad,78.21,5.9
2023-03-04,3,Delhi,Hyderabad,73.85,-5.57
2023-03-05,3,Delhi,Hyderabad,81.7,10.62
2023-03-06,3,Delhi,Hyderabad,73.85,-9.6
2023-01-16,4,Delhi,Kolkata,103.43,
2023-01-17,4,Delhi,Kolkata,94.01,-9.11
2023-01-18,4,Delhi,Kolkata,99.04,5.35
2023-01-19,4,Delhi,Kolkata,97.99,-1.06
2023-01-20,4,Delhi,Kolkata,100.96,3.02
2023-01-22,4,Delhi,Kolkata,102.71,1.74
2023-01-23,4,Delhi,Kolkata,94.01,-8.47
2023-01-24,4,Delhi,Kolkata,94.68,0.71
2023-01-25,4,Delhi,Kolkata,103.43,9.24
2023-01-26,4,Delhi,Kolkata,94.01,-9.11
2023-01-27,4,Delhi,Kolkata,94.01,0.0
2023-01-28,4,Delhi,Kolkata,90.51,-3.73
2023-01-30,4,Delhi,Kolkata,84.59,-6.54
2023-01-31,4,Delhi,Kolkata,79.2,-6.37
2023-02-04,4,Delhi,Kolkata,83.5,5.43
2023-02-05,4,Delhi,Kolkata,84.59,1.31
2023-02-06,4,Delhi,Kolkata,84.59,0.0
2023-02-07,4,Delhi,Kolkata,83.64,-1.13
2023-02-08,4,Delhi,Kolkata,84.59,1.14
2023-02-09,4,Delhi,Kolkata,83.14,-1.71
2023-02-10,4,Delhi,Kolkata,84.59,1.74
2023-02-11,4,Delhi,Kolkata,83.39,-1.42
2023-02-12,4,Delhi,Kolkata,84.59,1.44
2023-02-13,4,Delhi,Kolkata,84.59,0.0
2023-02-14,4,Delhi,Kolkata,83.64,-1.13
2023-02-15,4,Delhi,Kolkata,83.12,-0.62
2023-02-16,4,Delhi,Kolkata,84.59,1.77
2023-02-17,4,Delhi,Kolkata,78.99,-6.62
2023-02-18,4,Delhi,Kolkata,84.59,7.09
2023-02-19,4,Delhi,Kolkata,84.59,0.0
2023-02-20,4,Delhi,Kolkata,79.51,-6.0
2023-02-21,4,Delhi,Kolkata,79.01,-0.64
2023-02-22,4,Delhi,Kolkata,84.11,6.47
2023-02-23,4,Delhi,Kolkata,82.94,-1.39
2023-02-24,4,Delhi,Kolkata,84.59,1.98
2023-02-25,4,Delhi,Kolkata,83.24,-1.6
2023-02-26,4,Delhi,Kolkata,84.59,1.63
2023-02-27,4,Delhi,Kolkata,74.37,-12.08
2023-02-28,4,Delhi,Kolkata,83.63,12.44
2023-03-01,4,Delhi,Kolkata,83.57,-0.07
2023-03-02,4,Delhi,Kolkata,87.2,4.34
2023-03-03,4,Delhi,Kolkata,85.32,-2.16
2023-03-04,4,Delhi,Kolkata,90.82,6.45
2023-03-05,4,Delhi,Kolkata,87.2,-3.99
2023-03-06,4,Delhi,Kolkata,83.32,-4.45
2023-01-16,5,Delhi,Chennai,113.33,
2023-01-17,5,Delhi,Chennai,122.28,7.9
2023-01-18,5,Delhi,Chennai,101.45,-17.03
2023-01-19,5,Delhi,Chennai,100.0,-1.43
2023-01-20,5,Delhi,Chennai,95.48,-4.52
2023-01-21,5,Delhi,Chennai,99.33,4.03
2023-01-22,5,Delhi,Chennai,95.48,-3.87
2023-01-23,5,Delhi,Chennai,85.71,-10.24
2023-01-24,5,Delhi,Chennai,88.66,3.44
2023-01-25,5,Delhi,Chennai,98.04,10.59
2023-01-26,5,Delhi,Chennai,88.66,-9.57
2023-01-27,5,Delhi,Chennai,85.02,-4.11
2023-01-28,5,Delhi,Chennai,84.3,-0.84
2023-01-29,5,Delhi,Chennai,98.47,16.8
2023-01-30,5,Delhi,Chennai,77.14,-21.66
2023-01-31,5,Delhi,Chennai,74.36,-3.6
2023-02-01,5,Delhi,Chennai,72.84,-2.05
2023-02-02,5,Delhi,Chennai,72.84,0.0
2023-02-03,5,Delhi,Chennai,77.57,6.49
2023-02-04,5,Delhi,Chennai,72.45,-6.6
2023-02-05,5,Delhi,Chennai,76.54,5.65
2023-02-06,5,Delhi,Chennai,72.28,-5.57
2023-02-07,5,Delhi,Chennai,72.28,0.0
2023-02-08,5,Delhi,Chennai,72.28,0.0
2023-02-09,5,Delhi,Chennai,72.28,0.0
2023-02-10,5,Delhi,Chennai,80.98,12.04
2023-02-11,5,Delhi,Chennai,72.28,-10.75
2023-02-12,5,Delhi,Chennai,79.39,9.85
2023-02-13,5,Delhi,Chennai,72.28,-8.97
2023-02-14,5,Delhi,Chennai,70.74,-2.13
2023-02-15,5,Delhi,Chennai,68.18,-3.61
2023-02-16,5,Delhi,Chennai,72.28,6.01
2023-02-17,5,Delhi,Chennai,72.28,0.0
2023-02-18,5,Delhi,Chennai,68.18,-5.67
2023-02-19,5,Delhi,Chennai,72.28,6.01
2023-02-20,5,Delhi,Chennai,71.59,-0.94
2023-02-21,5,Delhi,Chennai,68.18,-4.77
2023-02-22,5,Delhi,Chennai,68.18,0.0
2023-02-23,5,Delhi,Chennai,68.18,0.0
2023-02-24,5,Delhi,Chennai,68.18,0.0
2023-02-25,5,Delhi,Chennai,68.18,0.0
2023-02-26,5,Delhi,Chennai,72.28,6.01
2023-02-27,5,Delhi,Chennai,68.18,-5.67
2023-02-28,5,Delhi,Chennai,68.18,0.0
2023-03-01,5,Delhi,Chennai,68.18,0.0
2023-03-02,5,Delhi,Chennai,68.18,0.0
2023-03-03,5,Delhi,Chennai,70.74,3.75
2023-03-04,5,Delhi,Chennai,68.18,-3.61
2023-03-05,5,Delhi,Chennai,68.18,0.0
2023-03-06,5,Delhi,Chennai,68.18,0.0
2023-01-16,6,Delhi,Ahmedabad,109.89,
2023-01-17,6,Delhi,Ahmedabad,99.06,-9.86
2023-01-18,6,Delhi,Ahmedabad,109.43,10.46
2023-01-19,6,Delhi,Ahmedabad,96.47,-11.84
2023-01-20,6,Delhi,Ahmedabad,99.06,2.69
2023-01-21,6,Delhi,Ahmedabad,100.0,0.95
2023-01-22,6,Delhi,Ahmedabad,104.0,4.0
2023-01-23,6,Delhi,Ahmedabad,92.15,-11.39
2023-01-24,6,Delhi,Ahmedabad,99.06,7.5
2023-01-25,6,Delhi,Ahmedabad,109.43,10.46
2023-01-26,6,Delhi,Ahmedabad,92.15,-15.78
2023-01-27,6,Delhi,Ahmedabad,94.74,2.81
2023-01-28,6,Delhi,Ahmedabad,78.18,-17.49
2023-01-29,6,Delhi,Ahmedabad,96.47,23.4
2023-01-30,6,Delhi,Ahmedabad,73.15,-24.18
2023-01-31,6,Delhi,Ahmedabad,68.52,-6.33
2023-02-01,6,Delhi,Ahmedabad,73.85,7.78
2023-02-02,6,Delhi,Ahmedabad,73.85,0.0
2023-02-03,6,Delhi,Ahmedabad,73.85,0.0
2023-02-04,6,Delhi,Ahmedabad,72.08,-2.39
2023-02-05,6,Delhi,Ahmedabad,84.44,17.14
2023-02-06,6,Delhi,Ahmedabad,73.85,-12.54
2023-02-07,6,Delhi,Ahmedabad,73.85,0.0
2023-02-08,6,Delhi,Ahmedabad,73.85,0.0
2023-02-09,6,Delhi,Ahmedabad,69.96,-5.26
2023-02-10,6,Delhi,Ahmedabad,73.42,4.94
2023-02-11,6,Delhi,Ahmedabad,72.36,-1.44
2023-02-12,6,Delhi,Ahmedabad,72.19,-0.23
2023-02-13,6,Delhi,Ahmedabad,67.72,-6.2
2023-02-14,6,Delhi,Ahmedabad,71.7,5.87
2023-02-15,6,Delhi,Ahmedabad,69.75,-2.71
2023-02-16,6,Delhi,Ahmedabad,67.72,-2.91
2023-02-17,6,Delhi,Ahmedabad,67.72,0.0
2023-02-18,6,Delhi,Ahmedabad,67.77,0.07
2023-02-19,6,Delhi,Ahmedabad,73.85,8.97
2023-02-20,6,Delhi,Ahmedabad,67.72,-8.3
2023-02-21,6,Delhi,Ahmedabad,67.72,0.0
2023-02-22,6,Delhi,Ahmedabad,67.72,0.0
2023-02-23,6,Delhi,Ahmedabad,64.73,-4.41
2023-02-24,6,Delhi,Ahmedabad,66.94,3.4
2023-02-25,6,Delhi,Ahmedabad,64.73,-3.29
2023-02-26,6,Delhi,Ahmedabad,25.92,-59.95
2023-02-27,6,Delhi,Ahmedabad,64.73,149.71
2023-02-28,6,Delhi,Ahmedabad,64.73,0.0
2023-03-01,6,Delhi,Ahmedabad,64.73,0.0
2023-03-02,6,Delhi,Ahmedabad,64.73,0.0
2023-03-03,6,Delhi,Ahmedabad,67.14,3.72
2023-03-04,6,Delhi,Ahmedabad,67.72,0.86
2023-03-05,6,Delhi,Ahmedabad,66.04,-2.48
2023-03-06,6,Delhi,Ahmedabad,64.73,-1.97
2023-01-16,7,Mumbai,Delhi,112.48,
2023-01-17,7,Mumbai,Delhi,91.38,-18.76
2023-01-18,7,Mumbai,Delhi,83.84,-8.25
2023-01-19,7,Mumbai,Delhi,94.15,12.3
2023-01-20,7,Mumbai,Delhi,108.05,14.76
2023-01-21,7,Mumbai,Delhi,103.59,-4.13
2023-01-22,7,Mumbai,Delhi,100.0,-3.46
2023-01-23,7,Mumbai,Delhi,87.13,-12.87
2023-01-24,7,Mumbai,Delhi,86.87,-0.3
2023-01-25,7,Mumbai,Delhi,110.1,26.74
2023-01-26,7,Mumbai,Delhi,98.21,-10.8
2023-01-27,7,Mumbai,Delhi,81.21,-17.31
2023-01-28,7,Mumbai,Delhi,82.42,1.49
2023-01-29,7,Mumbai,Delhi,100.4,21.81
2023-01-30,7,Mumbai,Delhi,82.76,-17.58
2023-01-31,7,Mumbai,Delhi,73.86,-10.75
2023-02-01,7,Mumbai,Delhi,74.0,0.18
2023-02-02,7,Mumbai,Delhi,73.74,-0.35
2023-02-03,7,Mumbai,Delhi,79.26,7.5
2023-02-04,7,Mumbai,Delhi,78.79,-0.6
2023-02-05,7,Mumbai,Delhi,74.0,-6.08
2023-02-06,7,Mumbai,Delhi,69.09,-6.63
2023-02-08,7,Mumbai,Delhi,67.37,-2.49
2023-02-10,7,Mumbai,Delhi,72.93,8.25
2023-02-11,7,Mumbai,Delhi,73.93,1.37
2023-02-12,7,Mumbai,Delhi,71.25,-3.63
2023-02-13,7,Mumbai,Delhi,68.68,-3.61
2023-02-14,7,Mumbai,Delhi,63.7,-7.24
2023-02-15,7,Mumbai,Delhi,67.59,6.11
2023-02-16,7,Mumbai,Delhi,66.69,-1.34
2023-02-18,7,Mumbai,Delhi,69.1,3.61
2023-02-21,7,Mumbai,Delhi,61.21,-11.41
2023-02-23,7,Mumbai,Delhi,66.69,8.94
2023-02-24,7,Mumbai,Delhi,64.64,-3.07
2023-02-25,7,Mumbai,Delhi,65.66,1.59
2023-02-26,7,Mumbai,Delhi,62.93,-4.15
2023-02-27,7,Mumbai,Delhi,62.22,-1.13
2023-02-28,7,Mumbai,Delhi,61.21,-1.62
2023-03-01,7,Mumbai,Delhi,61.72,0.83
2023-03-02,7,Mumbai,Delhi,61.72,0.0
2023-03-03,7,Mumbai,Delhi,66.69,8.05
2023-03-04,7,Mumbai,Delhi,66.69,0.0
2023-03-05,7,Mumbai,Delhi,66.69,0.0
2023-03-06,7,Mumbai,Delhi,66.09,-0.89
2023-01-16,8,Mumbai,Bangalore,114.89,
2023-01-17,8,Mumbai,Bangalore,114.89,0.0
2023-01-18,8,Mumbai,Bangalore,100.0,-12.96
2023-01-19,8,Mumbai,Bangalore,89.89,-10.11
2023-01-20,8,Mumbai,Bangalore,111.26,23.78
2023-01-21,8,Mumbai,Bangalore,88.64,-20.33
2023-01-22,8,Mumbai,Bangalore,95.2,7.4
2023-01-23,8,Mumbai,Bangalore,85.79,-9.88
2023-01-24,8,Mumbai,Bangalore,82.5,-3.84
2023-01-25,8,Mumbai,Bangalore,112.05,35.82
2023-01-26,8,Mumbai,Bangalore,95.11,-15.12
2023-01-27,8,Mumbai,Bangalore,85.8,-9.79
2023-01-28,8,Mumbai,Bangalore,89.59,4.42
2023-01-29,8,Mumbai,Bangalore,118.68,32.47
2023-01-30,8,Mumbai,Bangalore,95.11,-19.86
2023-01-31,8,Mumbai,Bangalore,64.5,-32.18
2023-02-01,8,Mumbai,Bangalore,83.21,29.0
2023-02-02,8,Mumbai,Bangalore,81.08,-2.56
2023-02-03,8,Mumbai,Bangalore,71.62,-11.66
2023-02-04,8,Mumbai,Bangalore,68.28,-4.67
2023-02-05,8,Mumbai,Bangalore,80.5,17.89
2023-02-06,8,Mumbai,Bangalore,68.3,-15.15
2023-02-07,8,Mumbai,Bangalore,64.06,-6.21
2023-02-08,8,Mumbai,Bangalore,70.07,9.39
2023-02-09,8,Mumbai,Bangalore,69.48,-0.84
2023-02-10,8,Mumbai,Bangalore,92.45,33.06
2023-02-11,8,Mumbai,Bangalore,74.12,-19.83
2023-02-12,8,Mumbai,Bangalore,88.25,19.06
2023-02-13,8,Mumbai,Bangalore,65.03,-26.31
2023-02-14,8,Mumbai,Bangalore,64.27,-1.18
2023-02-15,8,Mumbai,Bangalore,68.3,6.28
2023-02-16,8,Mumbai,Bangalore,67.51,-1.16
2023-02-17,8,Mumbai,Bangalore,88.87,31.63
2023-02-18,8,Mumbai,Bangalore,68.53,-22.89
2023-02-19,8,Mumbai,Bangalore,75.93,10.81
2023-02-20,8,Mumbai,Bangalore,66.52,-12.4
2023-02-21,8,Mumbai,Bangalore,64.5,-3.02
2023-02-22,8,Mumbai,Bangalore,64.5,0.0
2023-02-23,8,Mumbai,Bangalore,66.64,3.31
2023-02-24,8,Mumbai,Bangalore,68.3,2.49
2023-02-25,8,Mumbai,Bangalore,64.5,-5.56
2023-02-26,8,Mumbai,Bangalore,64.63,0.19
2023-02-27,8,Mumbai,Bangalore,64.5,-0.19
2023-02-28,8,Mumbai,Bangalore,64.03,-0.74
2023-03-01,8,Mumbai,Bangalore,65.17,1.78
2023-03-02,8,Mumbai,Bangalore,64.5,-1.02
2023-03-03,8,Mumbai,Bangalore,67.54,4.7
2023-03-04,8,Mumbai,Bangalore,65.45,-3.09
2023-03-05,8,Mumbai,Bangalore,66.06,0.93
2023-03-06,8,Mumbai,Bangalore,65.45,-0.92
2023-01-16,9,Mumbai,Hyderabad,106.37,
2023-01-17,9,Mumbai,Hyderabad,94.74,-10.93
2023-01-18,9,Mumbai,Hyderabad,88.72,-6.36
2023-01-19,9,Mumbai,Hyderabad,100.0,12.71
2023-01-20,9,Mumbai,Hyderabad,100.0,0.0
2023-01-21,9,Mumbai,Hyderabad,104.97,4.97
2023-01-22,9,Mumbai,Hyderabad,92.32,-12.06
2023-01-23,9,Mumbai,Hyderabad,94.71,2.6
2023-01-24,9,Mumbai,Hyderabad,96.53,1.92
2023-01-25,9,Mumbai,Hyderabad,103.69,7.41
2023-01-26,9,Mumbai,Hyderabad,75.52,-27.16
2023-01-27,9,Mumbai,Hyderabad,77.16,2.17
2023-01-28,9,Mumbai,Hyderabad,96.53,25.1
2023-01-29,9,Mumbai,Hyderabad,106.37,10.2
2023-01-30,9,Mumbai,Hyderabad,89.59,-15.78
2023-01-31,9,Mumbai,Hyderabad,85.25,-4.84
2023-02-01,9,Mumbai,Hyderabad,73.4,-13.9
2023-02-02,9,Mumbai,Hyderabad,73.72,0.43
2023-02-03,9,Mumbai,Hyderabad,85.25,15.65
2023-02-04,9,Mumbai,Hyderabad,85.25,0.0
2023-02-05,9,Mumbai,Hyderabad,85.25,0.0
2023-02-06,9,Mumbai,Hyderabad,61.42,-27.95
2023-02-07,9,Mumbai,Hyderabad,60.92,-0.81
2023-02-08,9,Mumbai,Hyderabad,83.55,37.14
2023-02-09,9,Mumbai,Hyderabad,85.25,2.04
2023-02-10,9,Mumbai,Hyderabad,85.25,0.0
2023-02-11,9,Mumbai,Hyderabad,85.25,0.0
2023-02-12,9,Mumbai,Hyderabad,85.25,0.0
2023-02-13,9,Mumbai,Hyderabad,80.67,-5.37
2023-02-14,9,Mumbai,Hyderabad,65.28,-19.08
2023-02-15,9,Mumbai,Hyderabad,68.23,4.52
2023-02-16,9,Mumbai,Hyderabad,85.25,24.95
2023-02-17,9,Mumbai,Hyderabad,81.66,-4.22
2023-02-18,9,Mumbai,Hyderabad,70.15,-14.09
2023-02-19,9,Mumbai,Hyderabad,85.13,21.34
2023-02-20,9,Mumbai,Hyderabad,67.0,-21.29
2023-02-21,9,Mumbai,Hyderabad,60.64,-9.5
2023-02-22,9,Mumbai,Hyderabad,58.31,-3.84
2023-02-23,9,Mumbai,Hyderabad,78.19,34.08
2023-02-25,9,Mumbai,Hyderabad,58.61,-25.04
2023-02-26,9,Mumbai,Hyderabad,78.19,33.41
2023-02-27,9,Mumbai,Hyderabad,64.91,-16.98
2023-02-28,9,Mumbai,Hyderabad,60.6,-6.64
2023-03-01,9,Mumbai,Hyderabad,73.86,21.89
2023-03-02,9,Mumbai,Hyderabad,68.42,-7.37
2023-03-03,9,Mumbai,Hyderabad,75.05,9.69
2023-03-04,9,Mumbai,Hyderabad,62.5,-16.71
2023-03-05,9,Mumbai,Hyderabad,61.94,-0.9
2023-03-06,9,Mumbai,Hyderabad,81.66,31.83
2023-01-16,10,Mumbai,Kolkata,102.73,
2023-01-17,10,Mumbai,Kolkata,98.03,-4.57
2023-01-18,10,Mumbai,Kolkata,98.03,0.0
2023-01-19,10,Mumbai,Kolkata,98.03,0.0
2023-01-20,10,Mumbai,Kolkata,104.94,7.04
2023-01-21,10,Mumbai,Kolkata,107.79,2.72
2023-01-22,10,Mumbai,Kolkata,100.0,-7.23
2023-01-23,10,Mumbai,Kolkata,99.64,-0.36
2023-01-24,10,Mumbai,Kolkata,98.59,-1.05
2023-01-25,10,Mumbai,Kolkata,112.3,13.9
2023-01-26,10,Mumbai,Kolkata,107.79,-4.01
2023-01-27,10,Mumbai,Kolkata,104.79,-2.79
2023-01-28,10,Mumbai,Kolkata,99.58,-4.97
2023-01-29,10,Mumbai,Kolkata,100.22,0.64
2023-01-30,10,Mumbai,Kolkata,89.78,-10.42
2023-01-31,10,Mumbai,Kolkata,89.78,0.0
2023-02-01,10,Mumbai,Kolkata,89.78,0.0
2023-02-02,10,Mumbai,Kolkata,89.78,0.0
2023-02-03,10,Mumbai,Kolkata,89.78,0.0
2023-02-04,10,Mumbai,Kolkata,90.72,1.05
2023-02-05,10,Mumbai,Kolkata,89.78,-1.04
2023-02-06,10,Mumbai,Kolkata,87.91,-2.08
2023-02-07,10,Mumbai,Kolkata,83.17,-5.39
2023-02-08,10,Mumbai,Kolkata,89.26,7.31
2023-02-09,10,Mumbai,Kolkata,84.52,-5.3
2023-02-10,10,Mumbai,Kolkata,86.12,1.89
2023-02-11,10,Mumbai,Kolkata,89.78,4.25
2023-02-12,10,Mumbai,Kolkata,88.37,-1.57
2023-02-13,10,Mumbai,Kolkata,78.9,-10.71
2023-02-14,10,Mumbai,Kolkata,86.37,9.46
2023-02-15,10,Mumbai,Kolkata,77.7,-10.04
2023-02-16,10,Mumbai,Kolkata,86.88,11.82
2023-02-17,10,Mumbai,Kolkata,82.08,-5.52
2023-02-18,10,Mumbai,Kolkata,84.91,3.44
2023-02-19,10,Mumbai,Kolkata,84.14,-0.91
2023-02-20,10,Mumbai,Kolkata,84.01,-0.15
2023-02-21,10,Mumbai,Kolkata,83.02,-1.18
2023-02-25,10,Mumbai,Kolkata,80.58,-2.94
2023-02-26,10,Mumbai,Kolkata,77.7,-3.58
2023-03-01,10,Mumbai,Kolkata,81.15,4.44
2023-03-02,10,Mumbai,Kolkata,84.91,4.63
2023-03-03,10,Mumbai,Kolkata,84.91,0.0
2023-03-05,10,Mumbai,Kolkata,89.78,5.73
2023-03-06,10,Mumbai,Kolkata,84.71,-5.64
2023-01-16,11,Mumbai,Chennai,107.49,
2023-01-19,11,Mumbai,Chennai,96.71,-10.03
2023-01-20,11,Mumbai,Chennai,103.29,6.81
2023-01-21,11,Mumbai,Chennai,96.71,-6.38
2023-01-23,11,Mumbai,Chennai,98.08,1.42
2023-01-24,11,Mumbai,Chennai,93.76,-4.4
2023-01-25,11,Mumbai,Chennai,106.91,14.02
2023-01-26,11,Mumbai,Chennai,102.18,-4.43
2023-01-27,11,Mumbai,Chennai,102.18,0.0
2023-01-28,11,Mumbai,Chennai,99.45,-2.67
2023-01-29,11,Mumbai,Chennai,102.18,2.75
2023-01-31,11,Mumbai,Chennai,91.4,-10.55
2023-02-01,11,Mumbai,Chennai,91.4,0.0
2023-02-03,11,Mumbai,Chennai,91.4,0.0
2023-02-05,11,Mumbai,Chennai,91.4,0.0
2023-02-06,11,Mumbai,Chennai,91.4,0.0
2023-02-07,11,Mumbai,Chennai,91.4,0.0
2023-02-08,11,Mumbai,Chennai,91.4,0.0
2023-02-09,11,Mumbai,Chennai,91.4,0.0
2023-02-10,11,Mumbai,Chennai,91.4,0.0
2023-02-11,11,Mumbai,Chennai,91.4,0.0
2023-02-12,11,Mumbai,Chennai,91.4,0.0
2023-02-13,11,Mumbai,Chennai,91.4,0.0
2023-02-14,11,Mumbai,Chennai,91.4,0.0
2023-02-15,11,Mumbai,Chennai,91.4,0.0
2023-02-16,11,Mumbai,Chennai,91.4,0.0
2023-02-17,11,Mumbai,Chennai,91.4,0.0
2023-02-18,11,Mumbai,Chennai,91.4,0.0
2023-02-19,11,Mumbai,Chennai,91.4,0.0
2023-02-20,11,Mumbai,Chennai,91.4,0.0
2023-02-21,11,Mumbai,Chennai,91.4,0.0
2023-02-22,11,Mumbai,Chennai,91.4,0.0
2023-02-23,11,Mumbai,Chennai,91.4,0.0
2023-02-24,11,Mumbai,Chennai,91.4,0.0
2023-02-25,11,Mumbai,Chennai,91.4,0.0
2023-02-26,11,Mumbai,Chennai,91.4,0.0
2023-02-27,11,Mumbai,Chennai,91.4,0.0
2023-02-28,11,Mumbai,Chennai,91.4,0.0
2023-03-01,11,Mumbai,Chennai,91.4,0.0
2023-03-02,11,Mumbai,Chennai,91.4,0.0
2023-03-03,11,Mumbai,Chennai,91.4,0.0
2023-03-04,11,Mumbai,Chennai,91.4,0.0
2023-03-05,11,Mumbai,Chennai,91.4,0.0
2023-03-06,11,Mumbai,Chennai,91.4,0.0
2023-01-16,12,Mumbai,Ahmedabad,122.87,
2023-01-17,12,Mumbai,Ahmedabad,101.34,-17.52
2023-01-18,12,Mumbai,Ahmedabad,95.48,-5.79
2023-01-19,12,Mumbai,Ahmedabad,93.21,-2.37
2023-01-20,12,Mumbai,Ahmedabad,100.0,7.28
2023-01-21,12,Mumbai,Ahmedabad,113.06,13.06
2023-01-22,12,Mumbai,Ahmedabad,92.11,-18.54
2023-01-24,12,Mumbai,Ahmedabad,82.17,-10.78
2023-01-25,12,Mumbai,Ahmedabad,99.58,21.19
2023-01-26,12,Mumbai,Ahmedabad,79.22,-20.45
2023-01-27,12,Mumbai,Ahmedabad,79.22,0.0
2023-01-28,12,Mumbai,Ahmedabad,80.84,2.05
2023-01-29,12,Mumbai,Ahmedabad,80.35,-0.61
2023-01-30,12,Mumbai,Ahmedabad,75.45,-6.1
2023-01-31,12,Mumbai,Ahmedabad,70.55,-6.49
2023-02-01,12,Mumbai,Ahmedabad,69.42,-1.61
2023-02-02,12,Mumbai,Ahmedabad,69.42,0.0
2023-02-03,12,Mumbai,Ahmedabad,72.43,4.35
2023-02-04,12,Mumbai,Ahmedabad,86.2,19.01
2023-02-05,12,Mumbai,Ahmedabad,69.42,-19.47
2023-02-06,12,Mumbai,Ahmedabad,63.57,-8.42
2023-02-07,12,Mumbai,Ahmedabad,61.12,-3.86
2023-02-08,12,Mumbai,Ahmedabad,63.57,4.01
2023-02-09,12,Mumbai,Ahmedabad,61.12,-3.86
2023-02-10,12,Mumbai,Ahmedabad,61.12,0.0
2023-02-11,12,Mumbai,Ahmedabad,67.28,10.07
2023-02-12,12,Mumbai,Ahmedabad,67.16,-0.18
2023-02-13,12,Mumbai,Ahmedabad,61.12,-8.98
2023-02-14,12,Mumbai,Ahmedabad,61.12,0.0
2023-02-15,12,Mumbai,Ahmedabad,58.53,-4.24
2023-02-16,12,Mumbai,Ahmedabad,58.49,-0.07
2023-02-17,12,Mumbai,Ahmedabad,60.56,3.55
2023-02-18,12,Mumbai,Ahmedabad,62.82,3.74
2023-02-19,12,Mumbai,Ahmedabad,62.3,-0.83
2023-02-20,12,Mumbai,Ahmedabad,58.53,-6.05
2023-02-21,12,Mumbai,Ahmedabad,58.49,-0.07
2023-02-22,12,Mumbai,Ahmedabad,58.49,0.0
2023-02-23,12,Mumbai,Ahmedabad,56.71,-3.03
2023-02-24,12,Mumbai,Ahmedabad,58.53,3.2
2023-02-25,12,Mumbai,Ahmedabad,58.49,-0.07
2023-02-26,12,Mumbai,Ahmedabad,58.53,0.07
2023-02-27,12,Mumbai,Ahmedabad,58.49,-0.07
2023-02-28,12,Mumbai,Ahmedabad,58.49,0.0
2023-03-01,12,Mumbai,Ahmedabad,56.71,-3.03
2023-03-02,12,Mumbai,Ahmedabad,56.71,0.0
2023-03-04,12,Mumbai,Ahmedabad,58.49,3.13
2023-03-06,12,Mumbai,Ahmedabad,56.71,-3.03
2023-01-16,13,Bangalore,Delhi,93.57,
2023-01-17,13,Bangalore,Delhi,91.36,-2.36
2023-01-18,13,Bangalore,Delhi,87.08,-4.69
2023-01-19,13,Bangalore,Delhi,100.0,14.84
2023-01-20,13,Bangalore,Delhi,125.62,25.62
2023-01-21,13,Bangalore,Delhi,146.09,16.3
2023-01-22,13,Bangalore,Delhi,122.18,-16.37
2023-01-23,13,Bangalore,Delhi,100.0,-18.15
2023-01-24,13,Bangalore,Delhi,100.0,0.0
2023-01-25,13,Bangalore,Delhi,120.77,20.77
2023-01-26,13,Bangalore,Delhi,118.86,-1.59
2023-01-27,13,Bangalore,Delhi,96.04,-19.19
2023-01-28,13,Bangalore,Delhi,101.52,5.7
2023-01-29,13,Bangalore,Delhi,112.31,10.63
2023-01-30,13,Bangalore,Delhi,91.39,-18.63
2023-01-31,13,Bangalore,Delhi,83.74,-8.37
2023-02-01,13,Bangalore,Delhi,83.77,0.04
2023-02-02,13,Bangalore,Delhi,80.84,-3.51
2023-02-03,13,Bangalore,Delhi,86.0,6.39
2023-02-04,13,Bangalore,Delhi,86.54,0.62
2023-02-05,13,Bangalore,Delhi,86.0,-0.62
2023-02-06,13,Bangalore,Delhi,78.42,-8.82
2023-02-07,13,Bangalore,Delhi,80.83,3.07
2023-02-08,13,Bangalore,Delhi,80.83,0.01
2023-02-09,13,Bangalore,Delhi,81.09,0.32
2023-02-10,13,Bangalore,Delhi,86.65,6.85
2023-02-11,13,Bangalore,Delhi,83.69,-3.42
2023-02-12,13,Bangalore,Delhi,86.0,2.77
2023-02-13,13,Bangalore,Delhi,80.83,-6.02
2023-02-14,13,Bangalore,Delhi,79.21,-2.0
2023-02-15,13,Bangalore,Delhi,78.42,-1.0
2023-02-16,13,Bangalore,Delhi,78.06,-0.46
2023-02-17,13,Bangalore,Delhi,83.74,7.28
2023-02-18,13,Bangalore,Delhi,83.69,-0.06
2023-02-19,13,Bangalore,Delhi,83.74,0.06
2023-02-20,13,Bangalore,Delhi,80.41,-3.98
2023-02-21,13,Bangalore,Delhi,75.33,-6.31
2023-02-22,13,Bangalore,Delhi,78.06,3.62
2023-02-23,13,Bangalore,Delhi,80.69,3.38
2023-02-24,13,Bangalore,Delhi,81.05,0.44
2023-02-25,13,Bangalore,Delhi,79.56,-1.85
2023-02-26,13,Bangalore,Delhi,83.64,5.13
2023-02-27,13,Bangalore,Delhi,74.27,-11.19
2023-02-28,13,Bangalore,Delhi,75.33,1.42
2023-03-01,13,Bangalore,Delhi,80.19,6.45
2023-03-02,13,Bangalore,Delhi,82.62,3.03
2023-03-03,13,Bangalore,Delhi,83.74,1.35
2023-03-04,13,Bangalore,Delhi,86.0,2.71
2023-03-05,13,Bangalore,Delhi,83.74,-2.63
2023-03-06,13,Bangalore,Delhi,83.74,0.0
2023-01-16,14,Bangalore,Mumbai,100.0,
2023-01-17,14,Bangalore,Mumbai,100.0,0.0
2023-01-18,14,Bangalore,Mumbai,93.8,-6.2
2023-01-19,14,Bangalore,Mumbai,94.65,0.91
2023-01-20,14,Bangalore,Mumbai,129.63,36.97
2023-01-21,14,Bangalore,Mumbai,126.56,-2.37
2023-01-22,14,Bangalore,Mumbai,110.46,-12.72
2023-01-23,14,Bangalore,Mumbai,86.1,-22.05
2023-01-24,14,Bangalore,Mumbai,88.53,2.81
2023-01-25,14,Bangalore,Mumbai,101.15,14.26
2023-01-26,14,Bangalore,Mumbai,111.55,10.28
2023-01-27,14,Bangalore,Mumbai,89.25,-19.99
2023-01-28,14,Bangalore,Mumbai,102.03,14.32
2023-01-29,14,Bangalore,Mumbai,120.28,17.88
2023-01-30,14,Bangalore,Mumbai,80.38,-33.17
2023-01-31,14,Bangalore,Mumbai,68.14,-15.23
2023-02-01,14,Bangalore,Mumbai,68.14,0.0
2023-02-02,14,Bangalore,Mumbai,73.96,8.55
2023-02-03,14,Bangalore,Mumbai,73.96,0.0
2023-02-04,14,Bangalore,Mumbai,102.31,38.33
2023-02-05,14,Bangalore,Mumbai,95.32,-6.83
2023-02-06,14,Bangalore,Mumbai,68.14,-28.52
2023-02-07,14,Bangalore,Mumbai,68.14,0.0
2023-02-08,14,Bangalore,Mumbai,68.14,0.0
2023-02-09,14,Bangalore,Mumbai,73.63,8.07
2023-02-10,14,Bangalore,Mumbai,81.88,11.19
2023-02-11,14,Bangalore,Mumbai,80.54,-1.64
2023-02-12,14,Bangalore,Mumbai,78.82,-2.14
2023-02-13,14,Bangalore,Mumbai,41.1,-47.86
2023-02-14,14,Bangalore,Mumbai,68.14,65.8
2023-02-15,14,Bangalore,Mumbai,68.63,0.72
2023-02-16,14,Bangalore,Mumbai,69.4,1.13
2023-02-17,14,Bangalore,Mumbai,69.4,0.0
2023-02-18,14,Bangalore,Mumbai,80.08,15.39
2023-02-19,14,Bangalore,Mumbai,73.29,-8.49
2023-02-20,14,Bangalore,Mumbai,80.54,9.89
2023-02-21,14,Bangalore,Mumbai,68.14,-15.4
2023-02-22,14,Bangalore,Mumbai,69.25,1.63
2023-02-23,14,Bangalore,Mumbai,68.63,-0.89
2023-02-24,14,Bangalore,Mumbai,68.14,-0.71
2023-02-25,14,Bangalore,Mumbai,71.54,4.99
2023-02-26,14,Bangalore,Mumbai,69.09,-3.43
2023-02-27,14,Bangalore,Mumbai,69.4,0.46
2023-02-28,14,Bangalore,Mumbai,68.14,-1.83
2023-03-01,14,Bangalore,Mumbai,68.14,0.0
2023-03-02,14,Bangalore,Mumbai,68.38,0.36
2023-03-03,14,Bangalore,Mumbai,73.11,6.91
2023-03-04,14,Bangalore,Mumbai,72.37,-1.01
2023-03-05,14,Bangalore,Mumbai,69.6,-3.83
2023-03-06,14,Bangalore,Mumbai,74.84,7.53
2023-01-16,15,Bangalore,Hyderabad,107.08,
2023-01-18,15,Bangalore,Hyderabad,100.27,-6.36
2023-01-19,15,Bangalore,Hyderabad,99.73,-0.54
2023-01-20,15,Bangalore,Hyderabad,103.79,4.07
2023-01-21,15,Bangalore,Hyderabad,95.08,-8.39
2023-01-22,15,Bangalore,Hyderabad,90.47,-4.85
2023-01-23,15,Bangalore,Hyderabad,84.38,-6.74
2023-01-24,15,Bangalore,Hyderabad,79.57,-5.7
2023-01-26,15,Bangalore,Hyderabad,101.23,27.22
2023-01-27,15,Bangalore,Hyderabad,78.94,-22.02
2023-01-28,15,Bangalore,Hyderabad,74.87,-5.15
2023-01-29,15,Bangalore,Hyderabad,81.76,9.2
2023-01-30,15,Bangalore,Hyderabad,76.16,-6.85
2023-01-31,15,Bangalore,Hyderabad,66.14,-13.16
2023-02-01,15,Bangalore,Hyderabad,63.38,-4.17
2023-02-02,15,Bangalore,Hyderabad,59.79,-5.67
2023-02-03,15,Bangalore,Hyderabad,77.56,29.72
2023-02-04,15,Bangalore,Hyderabad,70.27,-9.39
2023-02-05,15,Bangalore,Hyderabad,69.49,-1.12
2023-02-06,15,Bangalore,Hyderabad,62.46,-10.11
2023-02-07,15,Bangalore,Hyderabad,62.46,0.0
2023-02-08,15,Bangalore,Hyderabad,62.46,0.0
2023-02-09,15,Bangalore,Hyderabad,62.46,0.0
2023-02-10,15,Bangalore,Hyderabad,79.27,26.92
2023-02-11,15,Bangalore,Hyderabad,66.38,-16.26
2023-02-12,15,Bangalore,Hyderabad,73.9,11.32
2023-02-13,15,Bangalore,Hyderabad,62.46,-15.48
2023-02-14,15,Bangalore,Hyderabad,59.25,-5.14
2023-02-15,15,Bangalore,Hyderabad,62.46,5.42
2023-02-16,15,Bangalore,Hyderabad,57.98,-7.17
2023-02-17,15,Bangalore,Hyderabad,74.87,29.12
2023-02-18,15,Bangalore,Hyderabad,62.46,-16.57
2023-02-19,15,Bangalore,Hyderabad,71.58,14.6
2023-02-20,15,Bangalore,Hyderabad,60.33,-15.72
2023-02-21,15,Bangalore,Hyderabad,56.72,-5.98
2023-02-22,15,Bangalore,Hyderabad,56.72,0.0
2023-02-23,15,Bangalore,Hyderabad,56.72,0.0
2023-02-24,15,Bangalore,Hyderabad,66.14,16.6
2023-02-25,15,Bangalore,Hyderabad,61.32,-7.28
2023-02-26,15,Bangalore,Hyderabad,62.46,1.86
2023-02-27,15,Bangalore,Hyderabad,59.25,-5.14
2023-02-28,15,Bangalore,Hyderabad,56.72,-4.27
2023-03-01,15,Bangalore,Hyderabad,56.72,0.0
2023-03-02,15,Bangalore,Hyderabad,66.14,16.6
2023-03-03,15,Bangalore,Hyderabad,66.14,0.0
2023-03-04,15,Bangalore,Hyderabad,62.47,-5.54
2023-03-05,15,Bangalore,Hyderabad,66.14,5.87
2023-03-06,15,Bangalore,Hyderabad,59.25,-10.41
2023-01-16,16,Bangalore,Kolkata,98.49,
2023-01-17,16,Bangalore,Kolkata,100.0,1.53
2023-01-18,16,Bangalore,Kolkata,89.1,-10.9
2023-01-19,16,Bangalore,Kolkata,94.86,6.46
2023-01-20,16,Bangalore,Kolkata,124.94,31.71
2023-01-21,16,Bangalore,Kolkata,119.9,-4.03
2023-01-22,16,Bangalore,Kolkata,100.2,-16.43
2023-01-23,16,Bangalore,Kolkata,91.41,-8.78
2023-01-24,16,Bangalore,Kolkata,93.08,1.83
2023-01-25,16,Bangalore,Kolkata,116.18,24.81
2023-01-26,16,Bangalore,Kolkata,99.74,-14.15
2023-01-27,16,Bangalore,Kolkata,91.2,-8.56
2023-01-28,16,Bangalore,Kolkata,91.41,0.22
2023-01-29,16,Bangalore,Kolkata,99.12,8.44
2023-01-30,16,Bangalore,Kolkata,77.8,-21.51
2023-01-31,16,Bangalore,Kolkata,70.78,-9.02
2023-02-01,16,Bangalore,Kolkata,77.8,9.91
2023-02-02,16,Bangalore,Kolkata,72.73,-6.52
2023-02-03,16,Bangalore,Kolkata,79.54,9.38
2023-02-04,16,Bangalore,Kolkata,55.09,-30.74
2023-02-05,16,Bangalore,Kolkata,77.8,41.22
2023-02-06,16,Bangalore,Kolkata,69.19,-11.06
2023-02-07,16,Bangalore,Kolkata,69.19,0.0
2023-02-08,16,Bangalore,Kolkata,54.76,-20.85
2023-02-09,16,Bangalore,Kolkata,69.19,26.35
2023-02-10,16,Bangalore,Kolkata,76.54,10.62
2023-02-11,16,Bangalore,Kolkata,73.69,-3.72
2023-02-12,16,Bangalore,Kolkata,73.17,-0.7
2023-02-13,16,Bangalore,Kolkata,68.66,-6.17
2023-02-14,16,Bangalore,Kolkata,68.66,0.0
2023-02-15,16,Bangalore,Kolkata,68.66,0.0
2023-02-16,16,Bangalore,Kolkata,68.66,0.0
2023-02-17,16,Bangalore,Kolkata,76.54,11.47
2023-02-18,16,Bangalore,Kolkata,72.73,-4.98
2023-02-19,16,Bangalore,Kolkata,73.17,0.62
2023-02-20,16,Bangalore,Kolkata,69.19,-5.44
2023-02-21,16,Bangalore,Kolkata,67.52,-2.42
2023-02-22,16,Bangalore,Kolkata,67.52,0.0
2023-02-23,16,Bangalore,Kolkata,68.66,1.7
2023-02-24,16,Bangalore,Kolkata,69.19,0.77
2023-02-25,16,Bangalore,Kolkata,67.52,-2.42
2023-02-26,16,Bangalore,Kolkata,69.19,2.48
2023-02-27,16,Bangalore,Kolkata,67.52,-2.42
2023-02-28,16,Bangalore,Kolkata,68.66,1.7
2023-03-01,16,Bangalore,Kolkata,72.73,5.92
2023-03-02,16,Bangalore,Kolkata,77.87,7.07
2023-03-03,16,Bangalore,Kolkata,83.88,7.72
2023-03-04,16,Bangalore,Kolkata,83.88,0.0
2023-03-05,16,Bangalore,Kolkata,89.49,6.68
2023-03-06,16,Bangalore,Kolkata,77.87,-12.98
2023-01-16,17,Bangalore,Chennai,100.0,
2023-01-17,17,Bangalore,Chennai,104.02,4.02
2023-01-18,17,Bangalore,Chennai,85.88,-17.44
2023-01-19,17,Bangalore,Chennai,86.74,1.0
2023-01-20,17,Bangalore,Chennai,114.54,32.06
2023-01-21,17,Bangalore,Chennai,106.9,-6.67
2023-01-22,17,Bangalore,Chennai,88.04,-17.64
2023-01-23,17,Bangalore,Chennai,69.18,-21.43
2023-01-24,17,Bangalore,Chennai,79.42,14.81
2023-01-25,17,Bangalore,Chennai,109.34,37.67
2023-01-26,17,Bangalore,Chennai,86.16,-21.2
2023-01-27,17,Bangalore,Chennai,64.3,-25.38
2023-01-28,17,Bangalore,Chennai,70.48,9.61
2023-01-29,17,Bangalore,Chennai,74.87,6.23
2023-01-30,17,Bangalore,Chennai,59.5,-20.53
2023-01-31,17,Bangalore,Chennai,59.5,0.0
2023-02-01,17,Bangalore,Chennai,56.66,-4.78
2023-02-02,17,Bangalore,Chennai,52.99,-6.46
2023-02-03,17,Bangalore,Chennai,64.79,22.25
2023-02-04,17,Bangalore,Chennai,52.99,-18.2
2023-02-05,17,Bangalore,Chennai,49.18,-7.2
2023-02-06,17,Bangalore,Chennai,44.62,-9.26
2023-02-07,17,Bangalore,Chennai,46.06,3.22
2023-02-08,17,Bangalore,Chennai,45.96,-0.21
2023-02-09,17,Bangalore,Chennai,47.95,4.33
2023-02-10,17,Bangalore,Chennai,62.75,30.86
2023-02-11,17,Bangalore,Chennai,51.33,-18.2
2023-02-12,17,Bangalore,Chennai,59.21,15.36
2023-02-13,17,Bangalore,Chennai,44.05,-25.61
2023-02-14,17,Bangalore,Chennai,43.77,-0.64
2023-02-15,17,Bangalore,Chennai,42.87,-2.04
2023-02-16,17,Bangalore,Chennai,42.91,0.09
2023-02-17,17,Bangalore,Chennai,49.66,15.73
2023-02-18,17,Bangalore,Chennai,45.96,-7.45
2023-02-19,17,Bangalore,Chennai,44.05,-4.16
2023-02-20,17,Bangalore,Chennai,44.05,0.0
2023-02-21,17,Bangalore,Chennai,40.72,-7.56
2023-02-22,17,Bangalore,Chennai,39.01,-4.2
2023-02-23,17,Bangalore,Chennai,40.72,4.39
2023-02-24,17,Bangalore,Chennai,44.05,8.18
2023-02-25,17,Bangalore,Chennai,43.48,-1.29
2023-02-26,17,Bangalore,Chennai,47.3,8.79
2023-02-27,17,Bangalore,Chennai,41.21,-12.88
2023-02-28,17,Bangalore,Chennai,39.01,-5.34
2023-03-01,17,Bangalore,Chennai,38.97,-0.1
2023-03-02,17,Bangalore,Chennai,39.01,0.1
2023-03-03,17,Bangalore,Chennai,42.91,10.0
2023-03-04,17,Bangalore,Chennai,41.82,-2.55
2023-03-05,17,Bangalore,Chennai,45.68,9.23
2023-03-06,17,Bangalore,Chennai,40.11,-12.19
2023-01-16,18,Bangalore,Ahmedabad,92.83,
2023-01-17,18,Bangalore,Ahmedabad,95.56,2.93
2023-01-19,18,Bangalore,Ahmedabad,100.0,4.65
2023-01-20,18,Bangalore,Ahmedabad,130.69,30.69
2023-01-21,18,Bangalore,Ahmedabad,115.89,-11.33
2023-01-24,18,Bangalore,Ahmedabad,96.74,-16.52
2023-01-25,18,Bangalore,Ahmedabad,137.99,42.64
2023-01-26,18,Bangalore,Ahmedabad,101.35,-26.55
2023-01-27,18,Bangalore,Ahmedabad,77.95,-23.08
2023-01-28,18,Bangalore,Ahmedabad,80.0,2.62
2023-01-29,18,Bangalore,Ahmedabad,96.9,21.13
2023-01-31,18,Bangalore,Ahmedabad,73.07,-24.59
2023-02-02,18,Bangalore,Ahmedabad,68.89,-5.72
2023-02-04,18,Bangalore,Ahmedabad,81.97,19.0
2023-02-09,18,Bangalore,Ahmedabad,66.16,-19.29
2023-02-11,18,Bangalore,Ahmedabad,65.14,-1.54
2023-02-12,18,Bangalore,Ahmedabad,72.1,10.68
2023-02-13,18,Bangalore,Ahmedabad,61.66,-14.47
2023-02-14,18,Bangalore,Ahmedabad,58.67,-4.85
2023-02-15,18,Bangalore,Ahmedabad,60.69,3.44
2023-02-16,18,Bangalore,Ahmedabad,58.67,-3.33
2023-02-17,18,Bangalore,Ahmedabad,64.97,10.73
2023-02-20,18,Bangalore,Ahmedabad,58.67,-9.69
2023-02-23,18,Bangalore,Ahmedabad,64.97,10.73
2023-02-24,18,Bangalore,Ahmedabad,58.67,-9.69
2023-02-26,18,Bangalore,Ahmedabad,58.67,0.0
2023-03-01,18,Bangalore,Ahmedabad,58.67,0.0
2023-03-02,18,Bangalore,Ahmedabad,58.77,0.18
2023-03-04,18,Bangalore,Ahmedabad,67.68,15.15
2023-03-05,18,Bangalore,Ahmedabad,68.76,1.6
2023-01-16,19,Hyderabad,Delhi,93.19,
2023-01-17,19,Hyderabad,Delhi,98.95,6.18
2023-01-18,19,Hyderabad,Delhi,94.41,-4.59
2023-01-19,19,Hyderabad,Delhi,100.0,5.92
2023-01-20,19,Hyderabad,Delhi,115.9,15.9
2023-01-21,19,Hyderabad,Delhi,111.34,-3.94
2023-01-22,19,Hyderabad,Delhi,107.54,-3.41
2023-01-23,19,Hyderabad,Delhi,101.51,-5.61
2023-01-24,19,Hyderabad,Delhi,105.32,3.75
2023-01-25,19,Hyderabad,Delhi,108.29,2.82
2023-01-26,19,Hyderabad,Delhi,102.46,-5.38
2023-01-27,19,Hyderabad,Delhi,97.8,-4.54
2023-01-28,19,Hyderabad,Delhi,95.56,-2.29
2023-01-29,19,Hyderabad,Delhi,101.51,6.23
2023-01-30,19,Hyderabad,Delhi,85.17,-16.1
2023-01-31,19,Hyderabad,Delhi,78.69,-7.6
2023-02-01,19,Hyderabad,Delhi,78.69,0.0
2023-02-02,19,Hyderabad,Delhi,78.69,0.0
2023-02-03,19,Hyderabad,Delhi,84.02,6.77
2023-02-04,19,Hyderabad,Delhi,85.53,1.8
2023-02-05,19,Hyderabad,Delhi,78.69,-8.0
2023-02-06,19,Hyderabad,Delhi,78.69,0.0
2023-02-08,19,Hyderabad,Delhi,78.69,0.0
2023-02-09,19,Hyderabad,Delhi,76.92,-2.26
2023-02-10,19,Hyderabad,Delhi,78.69,2.31
2023-02-12,19,Hyderabad,Delhi,86.44,9.84
2023-02-13,19,Hyderabad,Delhi,78.69,-8.96
2023-02-14,19,Hyderabad,Delhi,78.69,0.0
2023-02-15,19,Hyderabad,Delhi,78.69,0.0
2023-02-16,19,Hyderabad,Delhi,78.69,0.0
2023-02-17,19,Hyderabad,Delhi,78.69,0.0
2023-02-18,19,Hyderabad,Delhi,78.69,0.0
2023-02-22,19,Hyderabad,Delhi,78.69,0.0
2023-02-24,19,Hyderabad,Delhi,78.69,0.0
2023-02-26,19,Hyderabad,Delhi,73.35,-6.8
2023-02-27,19,Hyderabad,Delhi,76.7,4.57
2023-02-28,19,Hyderabad,Delhi,78.25,2.02
2023-03-01,19,Hyderabad,Delhi,78.69,0.57
2023-03-02,19,Hyderabad,Delhi,78.69,0.0
2023-03-04,19,Hyderabad,Delhi,78.69,0.0
2023-01-16,20,Hyderabad,Mumbai,88.69,
2023-01-17,20,Hyderabad,Mumbai,97.95,10.44
2023-01-18,20,Hyderabad,Mumbai,103.41,5.58
2023-01-19,20,Hyderabad,Mumbai,100.46,-2.85
2023-01-20,20,Hyderabad,Mumbai,105.66,5.17
2023-01-21,20,Hyderabad,Mumbai,99.54,-5.8
2023-01-23,20,Hyderabad,Mumbai,88.69,-10.9
2023-01-24,20,Hyderabad,Mumbai,85.35,-3.76
2023-01-25,20,Hyderabad,Mumbai,110.93,29.96
2023-01-26,20,Hyderabad,Mumbai,94.06,-15.21
2023-01-27,20,Hyderabad,Mumbai,93.94,-0.13
2023-01-28,20,Hyderabad,Mumbai,71.29,-24.11
2023-01-29,20,Hyderabad,Mumbai,105.66,48.22
2023-01-30,20,Hyderabad,Mumbai,85.35,-19.22
2023-01-31,20,Hyderabad,Mumbai,69.78,-18.24
2023-02-01,20,Hyderabad,Mumbai,70.18,0.58
2023-02-02,20,Hyderabad,Mumbai,75.81,8.02
2023-02-03,20,Hyderabad,Mumbai,82.11,8.31
2023-02-04,20,Hyderabad,Mumbai,85.36,3.96
2023-02-05,20,Hyderabad,Mumbai,74.85,-12.31
2023-02-06,20,Hyderabad,Mumbai,79.53,6.25
2023-02-07,20,Hyderabad,Mumbai,69.38,-12.76
2023-02-08,20,Hyderabad,Mumbai,85.35,23.02
2023-02-09,20,Hyderabad,Mumbai,80.1,-6.15
2023-02-11,20,Hyderabad,Mumbai,85.35,6.56
2023-02-12,20,Hyderabad,Mumbai,85.35,0.0
2023-02-13,20,Hyderabad,Mumbai,63.26,-25.88
2023-02-14,20,Hyderabad,Mumbai,64.51,1.98
2023-02-15,20,Hyderabad,Mumbai,71.49,10.83
2023-02-16,20,Hyderabad,Mumbai,80.34,12.37
2023-02-17,20,Hyderabad,Mumbai,72.69,-9.52
2023-02-18,20,Hyderabad,Mumbai,85.35,17.42
2023-02-19,20,Hyderabad,Mumbai,85.35,0.0
2023-02-20,20,Hyderabad,Mumbai,69.2,-18.93
2023-02-21,20,Hyderabad,Mumbai,72.23,4.37
2023-02-22,20,Hyderabad,Mumbai,67.9,-5.98
2023-02-23,20,Hyderabad,Mumbai,72.75,7.14
2023-02-24,20,Hyderabad,Mumbai,62.22,-14.48
2023-02-25,20,Hyderabad,Mumbai,79.53,27.81
2023-02-26,20,Hyderabad,Mumbai,74.74,-6.01
2023-02-27,20,Hyderabad,Mumbai,63.09,-15.59
2023-02-28,20,Hyderabad,Mumbai,62.01,-1.71
2023-03-01,20,Hyderabad,Mumbai,74.06,19.44
2023-03-02,20,Hyderabad,Mumbai,68.01,-8.16
2023-03-03,20,Hyderabad,Mumbai,87.16,28.15
2023-03-04,20,Hyderabad,Mumbai,90.5,3.83
2023-03-05,20,Hyderabad,Mumbai,86.08,-4.88
2023-03-06,20,Hyderabad,Mumbai,80.77,-6.18
2023-01-16,21,Hyderabad,Bangalore,99.89,
2023-01-17,21,Hyderabad,Bangalore,101.8,1.91
2023-01-19,21,Hyderabad,Bangalore,94.39,-7.27
2023-01-20,21,Hyderabad,Bangalore,109.2,15.68
2023-01-21,21,Hyderabad,Bangalore,97.54,-10.68
2023-01-22,21,Hyderabad,Bangalore,100.11,2.63
2023-01-23,21,Hyderabad,Bangalore,89.26,-10.84
2023-01-24,21,Hyderabad,Bangalore,85.11,-4.64
2023-01-25,21,Hyderabad,Bangalore,103.58,21.69
2023-01-26,21,Hyderabad,Bangalore,79.44,-23.3
2023-01-27,21,Hyderabad,Bangalore,82.21,3.49
2023-01-28,21,Hyderabad,Bangalore,78.61,-4.38
2023-01-29,21,Hyderabad,Bangalore,109.2,38.91
2023-01-30,21,Hyderabad,Bangalore,86.07,-21.18
2023-01-31,21,Hyderabad,Bangalore,66.02,-23.29
2023-02-01,21,Hyderabad,Bangalore,67.68,2.51
2023-02-02,21,Hyderabad,Bangalore,64.63,-4.51
2023-02-03,21,Hyderabad,Bangalore,73.18,13.23
2023-02-04,21,Hyderabad,Bangalore,67.4,-7.89
2023-02-05,21,Hyderabad,Bangalore,80.09,18.83
2023-02-06,21,Hyderabad,Bangalore,63.97,-20.13
2023-02-07,21,Hyderabad,Bangalore,66.3,3.64
2023-02-08,21,Hyderabad,Bangalore,65.16,-1.71
2023-02-09,21,Hyderabad,Bangalore,62.78,-3.65
2023-02-10,21,Hyderabad,Bangalore,75.28,19.9
2023-02-12,21,Hyderabad,Bangalore,77.13,2.46
2023-02-13,21,Hyderabad,Bangalore,66.02,-14.4
2023-02-14,21,Hyderabad,Bangalore,60.47,-8.41
2023-02-15,21,Hyderabad,Bangalore,60.47,0.0
2023-02-17,21,Hyderabad,Bangalore,67.41,11.47
2023-02-18,21,Hyderabad,Bangalore,61.67,-8.51
2023-02-19,21,Hyderabad,Bangalore,70.18,13.8
2023-02-20,21,Hyderabad,Bangalore,66.02,-5.93
2023-02-21,21,Hyderabad,Bangalore,60.47,-8.41
2023-02-22,21,Hyderabad,Bangalore,60.75,0.45
2023-02-24,21,Hyderabad,Bangalore,72.96,20.11
2023-02-26,21,Hyderabad,Bangalore,62.64,-14.14
2023-02-27,21,Hyderabad,Bangalore,61.67,-1.55
2023-02-28,21,Hyderabad,Bangalore,60.47,-1.94
2023-03-01,21,Hyderabad,Bangalore,60.47,0.0
2023-03-02,21,Hyderabad,Bangalore,70.18,16.06
2023-03-03,21,Hyderabad,Bangalore,70.18,0.0
2023-03-04,21,Hyderabad,Bangalore,70.18,0.0
2023-03-05,21,Hyderabad,Bangalore,70.18,0.0
2023-03-06,21,Hyderabad,Bangalore,62.78,-10.55
2023-01-16,22,Hyderabad,Kolkata,90.73,
2023-01-17,22,Hyderabad,Kolkata,97.82,7.82
2023-01-18,22,Hyderabad,Kolkata,98.63,0.82
2023-01-20,22,Hyderabad,Kolkata,101.71,3.13
2023-01-21,22,Hyderabad,Kolkata,101.37,-0.33
2023-01-22,22,Hyderabad,Kolkata,101.37,0.0
2023-01-23,22,Hyderabad,Kolkata,93.13,-8.13
2023-01-25,22,Hyderabad,Kolkata,101.37,8.85
2023-01-26,22,Hyderabad,Kolkata,92.24,-9.01
2023-01-27,22,Hyderabad,Kolkata,86.03,-6.73
2023-01-29,22,Hyderabad,Kolkata,92.98,8.08
2023-01-30,22,Hyderabad,Kolkata,72.88,-21.62
2023-01-31,22,Hyderabad,Kolkata,69.55,-4.56
2023-02-01,22,Hyderabad,Kolkata,74.58,7.22
2023-02-02,22,Hyderabad,Kolkata,66.81,-10.42
2023-02-03,22,Hyderabad,Kolkata,72.59,8.65
2023-02-04,22,Hyderabad,Kolkata,74.56,2.72
2023-02-05,22,Hyderabad,Kolkata,73.74,-1.11
2023-02-09,22,Hyderabad,Kolkata,68.91,-6.55
2023-02-10,22,Hyderabad,Kolkata,71.15,3.25
2023-02-11,22,Hyderabad,Kolkata,70.77,-0.53
2023-02-12,22,Hyderabad,Kolkata,72.7,2.73
2023-02-14,22,Hyderabad,Kolkata,65.67,-9.67
2023-02-15,22,Hyderabad,Kolkata,65.67,0.0
2023-02-16,22,Hyderabad,Kolkata,64.66,-1.53
2023-02-18,22,Hyderabad,Kolkata,69.55,7.56
2023-02-20,22,Hyderabad,Kolkata,65.67,-5.58
2023-02-21,22,Hyderabad,Kolkata,65.67,0.0
2023-02-22,22,Hyderabad,Kolkata,65.67,0.0
2023-02-23,22,Hyderabad,Kolkata,65.67,0.0
2023-02-24,22,Hyderabad,Kolkata,68.26,3.94
2023-02-25,22,Hyderabad,Kolkata,68.45,0.28
2023-02-26,22,Hyderabad,Kolkata,68.12,-0.49
2023-03-01,22,Hyderabad,Kolkata,72.14,5.91
2023-03-02,22,Hyderabad,Kolkata,72.46,0.44
2023-03-03,22,Hyderabad,Kolkata,74.6,2.94
2023-03-05,22,Hyderabad,Kolkata,74.6,0.0
2023-03-06,22,Hyderabad,Kolkata,74.6,0.0
2023-01-16,23,Hyderabad,Chennai,104.51,
2023-01-17,23,Hyderabad,Chennai,129.78,24.18
2023-01-18,23,Hyderabad,Chennai,116.95,-9.89
2023-01-19,23,Hyderabad,Chennai,95.4,-18.42
2023-01-20,23,Hyderabad,Chennai,96.97,1.64
2023-01-21,23,Hyderabad,Chennai,96.97,0.0
2023-01-22,23,Hyderabad,Chennai,100.0,3.13
2023-01-24,23,Hyderabad,Chennai,88.07,-11.93
2023-01-25,23,Hyderabad,Chennai,92.43,4.95
2023-01-26,23,Hyderabad,Chennai,82.88,-10.33
2023-01-27,23,Hyderabad,Chennai,74.33,-10.33
2023-01-28,23,Hyderabad,Chennai,76.04,2.3
2023-01-29,23,Hyderabad,Chennai,93.15,22.51
2023-01-30,23,Hyderabad,Chennai,71.33,-23.42
2023-01-31,23,Hyderabad,Chennai,59.78,-16.2
2023-02-01,23,Hyderabad,Chennai,74.33,24.34
2023-02-02,23,Hyderabad,Chennai,67.48,-9.21
2023-02-03,23,Hyderabad,Chennai,67.48,0.0
2023-02-04,23,Hyderabad,Chennai,62.17,-7.86
2023-02-05,23,Hyderabad,Chennai,66.62,7.16
2023-02-06,23,Hyderabad,Chennai,58.07,-12.85
2023-02-07,23,Hyderabad,Chennai,58.23,0.28
2023-02-08,23,Hyderabad,Chennai,62.05,6.56
2023-02-09,23,Hyderabad,Chennai,66.07,6.48
2023-02-10,23,Hyderabad,Chennai,74.33,12.5
2023-02-11,23,Hyderabad,Chennai,62.17,-16.35
2023-02-12,23,Hyderabad,Chennai,77.52,24.69
2023-02-13,23,Hyderabad,Chennai,58.07,-25.1
2023-02-14,23,Hyderabad,Chennai,59.78,2.95
2023-02-15,23,Hyderabad,Chennai,58.07,-2.86
2023-02-16,23,Hyderabad,Chennai,62.17,7.07
2023-02-17,23,Hyderabad,Chennai,63.28,1.78
2023-02-18,23,Hyderabad,Chennai,58.07,-8.24
2023-02-19,23,Hyderabad,Chennai,66.62,14.74
2023-02-20,23,Hyderabad,Chennai,58.07,-12.85
2023-02-21,23,Hyderabad,Chennai,55.96,-3.62
2023-02-23,23,Hyderabad,Chennai,58.07,3.76
2023-02-24,23,Hyderabad,Chennai,58.07,0.0
2023-02-25,23,Hyderabad,Chennai,58.07,0.0
2023-02-26,23,Hyderabad,Chennai,58.92,1.47
2023-02-27,23,Hyderabad,Chennai,58.07,-1.45
2023-02-28,23,Hyderabad,Chennai,54.96,-5.35
2023-03-01,23,Hyderabad,Chennai,56.4,2.62
2023-03-02,23,Hyderabad,Chennai,58.07,2.95
2023-03-03,23,Hyderabad,Chennai,60.31,3.87
2023-03-05,23,Hyderabad,Chennai,58.07,-3.73
2023-03-06,23,Hyderabad,Chennai,58.07,0.0
2023-01-18,24,Hyderabad,Ahmedabad,99.29,
2023-01-19,24,Hyderabad,Ahmedabad,92.48,-6.86
2023-01-20,24,Hyderabad,Ahmedabad,110.41,19.39
2023-01-21,24,Hyderabad,Ahmedabad,100.71,-8.79
2023-01-23,24,Hyderabad,Ahmedabad,91.8,-8.85
2023-01-24,24,Hyderabad,Ahmedabad,78.94,-14.01
2023-01-26,24,Hyderabad,Ahmedabad,88.89,12.61
2023-01-28,24,Hyderabad,Ahmedabad,76.88,-13.52
2023-01-29,24,Hyderabad,Ahmedabad,92.37,20.16
2023-01-30,24,Hyderabad,Ahmedabad,65.18,-29.44
2023-01-31,24,Hyderabad,Ahmedabad,63.21,-3.03
2023-02-01,24,Hyderabad,Ahmedabad,69.33,9.68
2023-02-02,24,Hyderabad,Ahmedabad,65.2,-5.95
2023-02-03,24,Hyderabad,Ahmedabad,72.48,11.16
2023-02-05,24,Hyderabad,Ahmedabad,72.48,0.0
2023-02-07,24,Hyderabad,Ahmedabad,63.61,-12.23
2023-02-08,24,Hyderabad,Ahmedabad,65.26,2.59
2023-02-09,24,Hyderabad,Ahmedabad,63.21,-3.14
2023-02-10,24,Hyderabad,Ahmedabad,65.06,2.92
2023-02-11,24,Hyderabad,Ahmedabad,63.61,-2.22
2023-02-12,24,Hyderabad,Ahmedabad,67.32,5.82
2023-02-14,24,Hyderabad,Ahmedabad,63.13,-6.22
2023-02-16,24,Hyderabad,Ahmedabad,58.44,-7.43
2023-02-17,24,Hyderabad,Ahmedabad,62.95,7.72
2023-02-18,24,Hyderabad,Ahmedabad,63.41,0.73
2023-02-20,24,Hyderabad,Ahmedabad,58.72,-7.4
2023-02-21,24,Hyderabad,Ahmedabad,58.44,-0.48
2023-02-23,24,Hyderabad,Ahmedabad,54.95,-5.97
2023-02-24,24,Hyderabad,Ahmedabad,59.54,8.35
2023-02-25,24,Hyderabad,Ahmedabad,55.72,-6.41
2023-02-27,24,Hyderabad,Ahmedabad,54.89,-1.5
2023-02-28,24,Hyderabad,Ahmedabad,54.83,-0.11
2023-03-01,24,Hyderabad,Ahmedabad,58.44,6.59
2023-03-02,24,Hyderabad,Ahmedabad,58.44,0.0
2023-03-03,24,Hyderabad,Ahmedabad,66.19,13.25
2023-03-04,24,Hyderabad,Ahmedabad,66.69,0.76
2023-03-05,24,Hyderabad,Ahmedabad,65.06,-2.45
2023-03-06,24,Hyderabad,Ahmedabad,60.47,-7.05
2023-01-16,25,Kolkata,Delhi,97.53,
2023-01-17,25,Kolkata,Delhi,92.34,-5.32
2023-01-18,25,Kolkata,Delhi,97.48,5.56
2023-01-19,25,Kolkata,Delhi,100.0,2.59
2023-01-20,25,Kolkata,Delhi,105.84,5.84
2023-01-21,25,Kolkata,Delhi,106.93,1.02
2023-01-22,25,Kolkata,Delhi,111.6,4.37
2023-01-23,25,Kolkata,Delhi,88.56,-20.65
2023-01-24,25,Kolkata,Delhi,97.2,9.76
2023-01-25,25,Kolkata,Delhi,99.22,2.07
2023-01-26,25,Kolkata,Delhi,97.2,-2.03
2023-01-27,25,Kolkata,Delhi,97.2,0.0
2023-01-28,25,Kolkata,Delhi,97.2,0.0
2023-01-29,25,Kolkata,Delhi,108.37,11.49
2023-01-30,25,Kolkata,Delhi,87.84,-18.94
2023-01-31,25,Kolkata,Delhi,87.24,-0.68
2023-02-01,25,Kolkata,Delhi,94.31,8.1
2023-02-02,25,Kolkata,Delhi,83.99,-10.94
2023-02-03,25,Kolkata,Delhi,84.49,0.59
2023-02-04,25,Kolkata,Delhi,90.72,7.38
2023-02-05,25,Kolkata,Delhi,94.24,3.87
2023-02-06,25,Kolkata,Delhi,78.23,-16.98
2023-02-07,25,Kolkata,Delhi,83.16,6.3
2023-02-08,25,Kolkata,Delhi,78.23,-5.93
2023-02-09,25,Kolkata,Delhi,81.54,4.23
2023-02-10,25,Kolkata,Delhi,81.0,-0.66
2023-02-11,25,Kolkata,Delhi,87.84,8.44
2023-02-12,25,Kolkata,Delhi,92.16,4.92
2023-02-13,25,Kolkata,Delhi,82.8,-10.16
2023-02-14,25,Kolkata,Delhi,75.31,-9.05
2023-02-15,25,Kolkata,Delhi,74.63,-0.9
2023-02-16,25,Kolkata,Delhi,74.63,0.0
2023-02-17,25,Kolkata,Delhi,76.98,3.15
2023-02-18,25,Kolkata,Delhi,76.63,-0.46
2023-02-19,25,Kolkata,Delhi,86.32,12.65
2023-02-20,25,Kolkata,Delhi,77.56,-10.14
2023-02-21,25,Kolkata,Delhi,74.05,-4.53
2023-02-22,25,Kolkata,Delhi,74.63,0.79
2023-02-23,25,Kolkata,Delhi,75.17,0.73
2023-02-24,25,Kolkata,Delhi,74.63,-0.73
2023-02-25,25,Kolkata,Delhi,77.53,3.89
2023-02-27,25,Kolkata,Delhi,74.63,-3.74
2023-02-28,25,Kolkata,Delhi,77.09,3.29
2023-03-01,25,Kolkata,Delhi,76.25,-1.09
2023-03-02,25,Kolkata,Delhi,73.57,-3.51
2023-03-03,25,Kolkata,Delhi,73.57,0.0
2023-03-05,25,Kolkata,Delhi,74.81,1.68
2023-03-06,25,Kolkata,Delhi,74.89,0.11
2023-01-16,26,Kolkata,Mumbai,105.12,
2023-01-17,26,Kolkata,Mumbai,91.06,-13.38
2023-01-18,26,Kolkata,Mumbai,94.22,3.47
2023-01-19,26,Kolkata,Mumbai,91.06,-3.36
2023-01-20,26,Kolkata,Mumbai,105.79,16.18
2023-01-21,26,Kolkata,Mumbai,101.36,-4.2
2023-01-22,26,Kolkata,Mumbai,100.0,-1.34
2023-01-23,26,Kolkata,Mumbai,91.06,-8.94
2023-01-24,26,Kolkata,Mumbai,88.38,-2.94
2023-01-25,26,Kolkata,Mumbai,99.77,12.88
2023-01-26,26,Kolkata,Mumbai,84.68,-15.12
2023-01-27,26,Kolkata,Mumbai,93.02,9.84
2023-01-28,26,Kolkata,Mumbai,96.08,3.29
2023-01-29,26,Kolkata,Mumbai,109.19,13.64
2023-01-30,26,Kolkata,Mumbai,87.04,-20.29
2023-01-31,26,Kolkata,Mumbai,83.69,-3.85
2023-02-01,26,Kolkata,Mumbai,85.37,2.0
2023-02-02,26,Kolkata,Mumbai,83.69,-1.96
2023-02-03,26,Kolkata,Mumbai,85.37,2.0
2023-02-04,26,Kolkata,Mumbai,83.69,-1.96
2023-02-05,26,Kolkata,Mumbai,86.77,3.67
2023-02-06,26,Kolkata,Mumbai,79.01,-8.95
2023-02-07,26,Kolkata,Mumbai,79.01,0.0
2023-02-08,26,Kolkata,Mumbai,77.67,-1.7
2023-02-09,26,Kolkata,Mumbai,79.0,1.72
2023-02-11,26,Kolkata,Mumbai,83.69,5.94
2023-02-12,26,Kolkata,Mumbai,83.69,0.0
2023-02-13,26,Kolkata,Mumbai,79.01,-5.6
2023-02-14,26,Kolkata,Mumbai,77.67,-1.7
2023-02-15,26,Kolkata,Mumbai,78.3,0.82
2023-02-16,26,Kolkata,Mumbai,77.16,-1.46
2023-02-17,26,Kolkata,Mumbai,83.69,8.47
2023-02-18,26,Kolkata,Mumbai,83.69,0.0
2023-02-19,26,Kolkata,Mumbai,83.69,0.0
2023-02-20,26,Kolkata,Mumbai,79.01,-5.6
2023-02-21,26,Kolkata,Mumbai,70.49,-10.79
2023-02-22,26,Kolkata,Mumbai,68.5,-2.81
2023-02-23,26,Kolkata,Mumbai,73.65,7.51
2023-02-24,26,Kolkata,Mumbai,73.65,0.0
2023-02-25,26,Kolkata,Mumbai,75.93,3.09
2023-02-26,26,Kolkata,Mumbai,77.0,1.41
2023-02-27,26,Kolkata,Mumbai,73.65,-4.35
2023-02-28,26,Kolkata,Mumbai,66.95,-9.09
2023-03-01,26,Kolkata,Mumbai,75.42,12.65
2023-03-02,26,Kolkata,Mumbai,72.92,-3.32
2023-03-03,26,Kolkata,Mumbai,79.51,9.04
2023-03-04,26,Kolkata,Mumbai,73.0,-8.19
2023-03-05,26,Kolkata,Mumbai,72.92,-0.11
2023-03-06,26,Kolkata,Mumbai,72.92,0.0
2023-01-16,27,Kolkata,Bangalore,99.85,
2023-01-17,27,Kolkata,Bangalore,100.0,0.15
2023-01-18,27,Kolkata,Bangalore,98.99,-1.01
2023-01-19,27,Kolkata,Bangalore,100.0,1.01
2023-01-20,27,Kolkata,Bangalore,114.88,14.88
2023-01-21,27,Kolkata,Bangalore,100.05,-12.9
2023-01-22,27,Kolkata,Bangalore,104.41,4.36
2023-01-23,27,Kolkata,Bangalore,92.89,-11.04
2023-01-24,27,Kolkata,Bangalore,91.92,-1.04
2023-01-25,27,Kolkata,Bangalore,97.27,5.82
2023-01-26,27,Kolkata,Bangalore,84.11,-13.53
2023-01-27,27,Kolkata,Bangalore,91.46,8.74
2023-01-28,27,Kolkata,Bangalore,91.46,0.0
2023-01-29,27,Kolkata,Bangalore,126.59,38.41
2023-01-30,27,Kolkata,Bangalore,91.54,-27.69
2023-01-31,27,Kolkata,Bangalore,77.07,-15.8
2023-02-01,27,Kolkata,Bangalore,79.87,3.63
2023-02-02,27,Kolkata,Bangalore,70.83,-11.32
2023-02-03,27,Kolkata,Bangalore,78.17,10.36
2023-02-04,27,Kolkata,Bangalore,83.76,7.16
2023-02-05,27,Kolkata,Bangalore,83.99,0.27
2023-02-06,27,Kolkata,Bangalore,73.21,-12.83
2023-02-07,27,Kolkata,Bangalore,73.21,0.0
2023-02-08,27,Kolkata,Bangalore,69.68,-4.83
2023-02-09,27,Kolkata,Bangalore,73.21,5.07
2023-02-10,27,Kolkata,Bangalore,78.17,6.77
2023-02-12,27,Kolkata,Bangalore,82.44,5.47
2023-02-13,27,Kolkata,Bangalore,73.21,-11.2
2023-02-14,27,Kolkata,Bangalore,68.12,-6.95
2023-02-15,27,Kolkata,Bangalore,68.12,0.0
2023-02-16,27,Kolkata,Bangalore,69.24,1.64
2023-02-17,27,Kolkata,Bangalore,73.65,6.37
2023-02-18,27,Kolkata,Bangalore,78.23,6.23
2023-02-19,27,Kolkata,Bangalore,78.17,-0.09
2023-02-20,27,Kolkata,Bangalore,68.12,-12.85
2023-02-21,27,Kolkata,Bangalore,68.12,0.0
2023-02-22,27,Kolkata,Bangalore,68.12,0.0
2023-02-23,27,Kolkata,Bangalore,69.24,1.64
2023-02-24,27,Kolkata,Bangalore,69.24,0.0
2023-02-25,27,Kolkata,Bangalore,72.19,4.26
2023-02-26,27,Kolkata,Bangalore,78.23,8.37
2023-02-27,27,Kolkata,Bangalore,68.12,-12.93
2023-02-28,27,Kolkata,Bangalore,68.12,0.0
2023-03-01,27,Kolkata,Bangalore,78.17,14.75
2023-03-02,27,Kolkata,Bangalore,78.17,0.0
2023-03-03,27,Kolkata,Bangalore,78.23,0.09
2023-03-04,27,Kolkata,Bangalore,78.23,0.0
2023-03-05,27,Kolkata,Bangalore,78.23,0.0
2023-03-06,27,Kolkata,Bangalore,78.23,0.0
2023-01-16,28,Kolkata,Hyderabad,114.71,
2023-01-18,28,Kolkata,Hyderabad,93.4,-18.57
2023-01-19,28,Kolkata,Hyderabad,100.18,7.26
2023-01-20,28,Kolkata,Hyderabad,109.68,9.49
2023-01-21,28,Kolkata,Hyderabad,93.4,-14.85
2023-01-22,28,Kolkata,Hyderabad,99.82,6.88
2023-01-23,28,Kolkata,Hyderabad,94.85,-4.98
2023-01-24,28,Kolkata,Hyderabad,88.57,-6.63
2023-01-25,28,Kolkata,Hyderabad,90.49,2.18
2023-01-26,28,Kolkata,Hyderabad,85.81,-5.17
2023-01-27,28,Kolkata,Hyderabad,90.49,5.46
2023-01-28,28,Kolkata,Hyderabad,90.49,0.0
2023-01-29,28,Kolkata,Hyderabad,114.71,26.75
2023-01-30,28,Kolkata,Hyderabad,87.59,-23.64
2023-01-31,28,Kolkata,Hyderabad,79.85,-8.83
2023-02-01,28,Kolkata,Hyderabad,77.67,-2.73
2023-02-02,28,Kolkata,Hyderabad,73.03,-5.98
2023-02-03,28,Kolkata,Hyderabad,78.04,6.87
2023-02-04,28,Kolkata,Hyderabad,78.95,1.16
2023-02-05,28,Kolkata,Hyderabad,83.0,5.13
2023-02-06,28,Kolkata,Hyderabad,77.55,-6.56
2023-02-07,28,Kolkata,Hyderabad,77.55,0.0
2023-02-08,28,Kolkata,Hyderabad,74.78,-3.58
2023-02-09,28,Kolkata,Hyderabad,73.15,-2.18
2023-02-10,28,Kolkata,Hyderabad,74.8,2.26
2023-02-11,28,Kolkata,Hyderabad,79.81,6.69
2023-02-12,28,Kolkata,Hyderabad,79.85,0.05
2023-02-13,28,Kolkata,Hyderabad,74.48,-6.73
2023-02-14,28,Kolkata,Hyderabad,70.41,-5.46
2023-02-15,28,Kolkata,Hyderabad,70.78,0.52
2023-02-16,28,Kolkata,Hyderabad,70.41,-0.52
2023-02-17,28,Kolkata,Hyderabad,78.04,10.83
2023-02-18,28,Kolkata,Hyderabad,79.85,2.32
2023-02-19,28,Kolkata,Hyderabad,77.67,-2.73
2023-02-20,28,Kolkata,Hyderabad,79.85,2.8
2023-02-22,28,Kolkata,Hyderabad,70.41,-11.82
2023-02-23,28,Kolkata,Hyderabad,72.36,2.77
2023-02-24,28,Kolkata,Hyderabad,70.41,-2.69
2023-02-25,28,Kolkata,Hyderabad,77.74,10.4
2023-02-26,28,Kolkata,Hyderabad,78.12,0.5
2023-02-27,28,Kolkata,Hyderabad,71.2,-8.87
2023-02-28,28,Kolkata,Hyderabad,70.41,-1.1
2023-03-01,28,Kolkata,Hyderabad,72.57,3.06
2023-03-03,28,Kolkata,Hyderabad,79.85,10.03
2023-03-04,28,Kolkata,Hyderabad,79.85,0.0
2023-03-06,28,Kolkata,Hyderabad,79.85,0.0
2023-01-16,29,Kolkata,Chennai,98.12,
2023-01-17,29,Kolkata,Chennai,113.27,15.44
2023-01-18,29,Kolkata,Chennai,105.18,-7.14
2023-01-19,29,Kolkata,Chennai,95.84,-8.88
2023-01-20,29,Kolkata,Chennai,101.47,5.87
2023-01-21,29,Kolkata,Chennai,99.01,-2.43
2023-01-22,29,Kolkata,Chennai,100.0,1.0
2023-01-24,29,Kolkata,Chennai,87.82,-12.18
2023-01-26,29,Kolkata,Chennai,81.92,-6.72
2023-01-27,29,Kolkata,Chennai,80.23,-2.06
2023-01-28,29,Kolkata,Chennai,87.82,9.46
2023-01-29,29,Kolkata,Chennai,104.5,19.0
2023-01-30,29,Kolkata,Chennai,79.22,-24.19
2023-02-03,29,Kolkata,Chennai,76.18,-3.83
2023-02-06,29,Kolkata,Chennai,73.11,-4.03
2023-02-07,29,Kolkata,Chennai,72.06,-1.44
2023-02-08,29,Kolkata,Chennai,74.16,2.91
2023-02-09,29,Kolkata,Chennai,74.16,0.0
2023-02-10,29,Kolkata,Chennai,78.34,5.64
2023-02-11,29,Kolkata,Chennai,77.33,-1.29
2023-02-13,29,Kolkata,Chennai,72.06,-6.81
2023-02-14,29,Kolkata,Chennai,66.21,-8.11
2023-02-15,29,Kolkata,Chennai,65.39,-1.24
2023-02-16,29,Kolkata,Chennai,70.41,7.68
2023-02-18,29,Kolkata,Chennai,74.16,5.32
2023-02-19,29,Kolkata,Chennai,74.16,0.0
2023-02-20,29,Kolkata,Chennai,66.21,-10.71
2023-02-21,29,Kolkata,Chennai,64.45,-2.67
2023-02-22,29,Kolkata,Chennai,65.39,1.46
2023-02-24,29,Kolkata,Chennai,66.21,1.26
2023-02-25,29,Kolkata,Chennai,70.25,6.09
2023-02-26,29,Kolkata,Chennai,74.16,5.57
2023-02-27,29,Kolkata,Chennai,62.48,-15.74
2023-02-28,29,Kolkata,Chennai,62.15,-0.52
2023-03-01,29,Kolkata,Chennai,70.92,14.1
2023-03-02,29,Kolkata,Chennai,70.92,0.0
2023-03-03,29,Kolkata,Chennai,70.92,0.0
2023-03-04,29,Kolkata,Chennai,70.92,0.0
2023-03-05,29,Kolkata,Chennai,71.36,0.62
2023-03-06,29,Kolkata,Chennai,70.92,-0.62
2023-01-16,30,Kolkata,Ahmedabad,120.63,
2023-01-18,30,Kolkata,Ahmedabad,89.39,-25.9
2023-01-19,30,Kolkata,Ahmedabad,95.16,6.46
2023-01-20,30,Kolkata,Ahmedabad,99.97,5.05
2023-01-21,30,Kolkata,Ahmedabad,100.03,0.06
2023-01-22,30,Kolkata,Ahmedabad,101.52,1.49
2023-01-25,30,Kolkata,Ahmedabad,103.04,1.49
2023-01-27,30,Kolkata,Ahmedabad,81.66,-20.74
2023-01-29,30,Kolkata,Ahmedabad,97.37,19.23
2023-01-30,30,Kolkata,Ahmedabad,79.09,-18.77
2023-01-31,30,Kolkata,Ahmedabad,77.27,-2.3
2023-02-01,30,Kolkata,Ahmedabad,79.85,3.34
2023-02-03,30,Kolkata,Ahmedabad,77.27,-3.24
2023-02-05,30,Kolkata,Ahmedabad,80.91,4.71
2023-02-06,30,Kolkata,Ahmedabad,72.34,-10.59
2023-02-07,30,Kolkata,Ahmedabad,71.79,-0.75
2023-02-08,30,Kolkata,Ahmedabad,68.07,-5.19
2023-02-09,30,Kolkata,Ahmedabad,69.99,2.83
2023-02-10,30,Kolkata,Ahmedabad,72.07,2.97
2023-02-13,30,Kolkata,Ahmedabad,66.31,-7.99
2023-02-17,30,Kolkata,Ahmedabad,70.26,5.95
2023-02-18,30,Kolkata,Ahmedabad,72.88,3.73
2023-02-21,30,Kolkata,Ahmedabad,62.21,-14.65
2023-02-23,30,Kolkata,Ahmedabad,64.54,3.75
2023-02-24,30,Kolkata,Ahmedabad,62.58,-3.03
2023-02-25,30,Kolkata,Ahmedabad,63.25,1.06
2023-02-28,30,Kolkata,Ahmedabad,61.98,-2.0
2023-03-01,30,Kolkata,Ahmedabad,61.76,-0.35
2023-03-06,30,Kolkata,Ahmedabad,62.21,0.73
2023-01-16,31,Chennai,Delhi,90.24,
2023-01-17,31,Chennai,Delhi,84.01,-6.9
2023-01-18,31,Chennai,Delhi,88.47,5.31
2023-01-19,31,Chennai,Delhi,100.0,13.03
2023-01-20,31,Chennai,Delhi,109.76,9.76
2023-01-21,31,Chennai,Delhi,100.0,-8.89
2023-01-22,31,Chennai,Delhi,108.12,8.12
2023-01-23,31,Chennai,Delhi,92.9,-14.07
2023-01-24,31,Chennai,Delhi,87.41,-5.92
2023-01-25,31,Chennai,Delhi,101.47,16.09
2023-01-26,31,Chennai,Delhi,100.0,-1.45
2023-01-27,31,Chennai,Delhi,92.9,-7.1
2023-01-28,31,Chennai,Delhi,98.23,5.73
2023-01-29,31,Chennai,Delhi,111.09,13.09
2023-01-30,31,Chennai,Delhi,89.63,-19.32
2023-01-31,31,Chennai,Delhi,75.88,-15.34
2023-02-01,31,Chennai,Delhi,81.38,7.25
2023-02-02,31,Chennai,Delhi,82.53,1.42
2023-02-03,31,Chennai,Delhi,82.81,0.34
2023-02-04,31,Chennai,Delhi,81.38,-1.73
2023-02-05,31,Chennai,Delhi,82.89,1.86
2023-02-06,31,Chennai,Delhi,75.88,-8.46
2023-02-07,31,Chennai,Delhi,81.38,7.25
2023-02-08,31,Chennai,Delhi,75.88,-6.76
2023-02-09,31,Chennai,Delhi,75.88,0.0
2023-02-10,31,Chennai,Delhi,81.38,7.25
2023-02-11,31,Chennai,Delhi,77.59,-4.65
2023-02-12,31,Chennai,Delhi,83.05,7.04
2023-02-13,31,Chennai,Delhi,75.88,-8.64
2023-02-14,31,Chennai,Delhi,72.65,-4.25
2023-02-15,31,Chennai,Delhi,75.88,4.44
2023-02-16,31,Chennai,Delhi,76.2,0.42
2023-02-17,31,Chennai,Delhi,78.41,2.9
2023-02-18,31,Chennai,Delhi,75.88,-3.23
2023-02-19,31,Chennai,Delhi,75.88,0.0
2023-02-20,31,Chennai,Delhi,75.88,0.0
2023-02-21,31,Chennai,Delhi,72.12,-4.95
2023-02-22,31,Chennai,Delhi,71.31,-1.12
2023-02-23,31,Chennai,Delhi,75.88,6.4
2023-02-24,31,Chennai,Delhi,71.62,-5.61
2023-02-25,31,Chennai,Delhi,75.88,5.94
2023-02-26,31,Chennai,Delhi,64.35,-15.2
2023-02-27,31,Chennai,Delhi,71.62,11.3
2023-02-28,31,Chennai,Delhi,71.62,0.0
2023-03-01,31,Chennai,Delhi,69.99,-2.28
2023-03-02,31,Chennai,Delhi,69.99,0.0
2023-03-03,31,Chennai,Delhi,73.22,4.61
2023-03-04,31,Chennai,Delhi,71.62,-2.18
2023-03-05,31,Chennai,Delhi,71.62,0.0
2023-03-06,31,Chennai,Delhi,69.99,-2.28
2023-01-16,32,Chennai,Mumbai,100.0,
2023-01-17,32,Chennai,Mumbai,100.0,0.0
2023-01-18,32,Chennai,Mumbai,100.0,0.0
2023-01-19,32,Chennai,Mumbai,100.0,0.0
2023-01-20,32,Chennai,Mumbai,111.06,11.06
2023-01-21,32,Chennai,Mumbai,107.26,-3.42
2023-01-22,32,Chennai,Mumbai,111.06,3.54
2023-01-23,32,Chennai,Mumbai,100.0,-9.96
2023-01-24,32,Chennai,Mumbai,91.11,-8.89
2023-01-25,32,Chennai,Mumbai,106.42,16.81
2023-01-26,32,Chennai,Mumbai,105.61,-0.76
2023-01-27,32,Chennai,Mumbai,102.39,-3.06
2023-01-28,32,Chennai,Mumbai,105.61,3.15
2023-01-29,32,Chennai,Mumbai,110.54,4.66
2023-01-30,32,Chennai,Mumbai,94.56,-14.46
2023-01-31,32,Chennai,Mumbai,94.56,0.0
2023-02-01,32,Chennai,Mumbai,111.06,17.45
2023-02-03,32,Chennai,Mumbai,115.31,3.83
2023-02-04,32,Chennai,Mumbai,113.19,-1.84
2023-02-05,32,Chennai,Mumbai,113.19,0.0
2023-02-06,32,Chennai,Mumbai,102.06,-9.83
2023-02-07,32,Chennai,Mumbai,105.89,3.75
2023-02-08,32,Chennai,Mumbai,111.06,4.88
2023-02-09,32,Chennai,Mumbai,104.25,-6.13
2023-02-10,32,Chennai,Mumbai,100.0,-4.08
2023-02-11,32,Chennai,Mumbai,96.68,-3.32
2023-02-12,32,Chennai,Mumbai,104.25,7.83
2023-02-13,32,Chennai,Mumbai,102.06,-2.11
2023-02-14,32,Chennai,Mumbai,94.56,-7.35
2023-02-15,32,Chennai,Mumbai,104.25,10.26
2023-02-16,32,Chennai,Mumbai,94.56,-9.3
2023-02-17,32,Chennai,Mumbai,103.51,9.47
2023-02-18,32,Chennai,Mumbai,111.06,7.29
2023-02-19,32,Chennai,Mumbai,111.06,0.0
2023-02-20,32,Chennai,Mumbai,94.56,-14.86
2023-02-21,32,Chennai,Mumbai,94.02,-0.57
2023-02-22,32,Chennai,Mumbai,94.56,0.57
2023-02-23,32,Chennai,Mumbai,94.56,0.0
2023-02-24,32,Chennai,Mumbai,94.56,0.0
2023-02-26,32,Chennai,Mumbai,93.3,-1.33
2023-02-27,32,Chennai,Mumbai,91.13,-2.33
2023-02-28,32,Chennai,Mumbai,91.13,0.0
2023-03-01,32,Chennai,Mumbai,94.56,3.76
2023-03-02,32,Chennai,Mumbai,94.56,0.0
2023-03-03,32,Chennai,Mumbai,94.56,0.0
2023-03-04,32,Chennai,Mumbai,108.94,15.22
2023-03-05,32,Chennai,Mumbai,94.56,-13.21
2023-03-06,32,Chennai,Mumbai,94.56,0.0
2023-01-16,33,Chennai,Bangalore,104.81,
2023-01-17,33,Chennai,Bangalore,81.6,-22.15
2023-01-18,33,Chennai,Bangalore,93.37,14.42
2023-01-19,33,Chennai,Bangalore,102.78,10.09
2023-01-20,33,Chennai,Bangalore,113.74,10.66
2023-01-21,33,Chennai,Bangalore,84.18,-25.99
2023-01-22,33,Chennai,Bangalore,100.0,18.79
2023-01-23,33,Chennai,Bangalore,84.18,-15.82
2023-01-24,33,Chennai,Bangalore,77.26,-8.22
2023-01-25,33,Chennai,Bangalore,98.67,27.7
2023-01-26,33,Chennai,Bangalore,77.06,-21.9
2023-01-27,33,Chennai,Bangalore,71.77,-6.86
2023-01-28,33,Chennai,Bangalore,102.78,43.21
2023-01-29,33,Chennai,Bangalore,134.88,31.23
2023-01-31,33,Chennai,Bangalore,62.34,-53.79
2023-02-01,33,Chennai,Bangalore,68.02,9.12
2023-02-02,33,Chennai,Bangalore,62.34,-8.36
2023-02-03,33,Chennai,Bangalore,71.77,15.14
2023-02-04,33,Chennai,Bangalore,67.69,-5.69
2023-02-05,33,Chennai,Bangalore,76.58,13.14
2023-02-06,33,Chennai,Bangalore,57.36,-25.1
2023-02-07,33,Chennai,Bangalore,61.37,6.98
2023-02-08,33,Chennai,Bangalore,62.34,1.58
2023-02-09,33,Chennai,Bangalore,61.19,-1.84
2023-02-10,33,Chennai,Bangalore,68.97,12.72
2023-02-11,33,Chennai,Bangalore,67.69,-1.86
2023-02-12,33,Chennai,Bangalore,77.06,13.84
2023-02-13,33,Chennai,Bangalore,57.36,-25.56
2023-02-14,33,Chennai,Bangalore,54.73,-4.58
2023-02-15,33,Chennai,Bangalore,54.73,0.0
2023-02-16,33,Chennai,Bangalore,57.36,4.8
2023-02-17,33,Chennai,Bangalore,63.78,11.19
2023-02-18,33,Chennai,Bangalore,56.99,-10.66
2023-02-19,33,Chennai,Bangalore,61.37,7.69
2023-02-20,33,Chennai,Bangalore,54.73,-10.81
2023-02-21,33,Chennai,Bangalore,53.08,-3.02
2023-02-22,33,Chennai,Bangalore,54.73,3.11
2023-02-23,33,Chennai,Bangalore,54.73,0.0
2023-02-24,33,Chennai,Bangalore,51.85,-5.27
2023-02-25,33,Chennai,Bangalore,56.29,8.57
2023-02-26,33,Chennai,Bangalore,54.73,-2.77
2023-02-27,33,Chennai,Bangalore,52.55,-3.98
2023-02-28,33,Chennai,Bangalore,19.75,-62.42
2023-03-01,33,Chennai,Bangalore,49.87,152.53
2023-03-02,33,Chennai,Bangalore,54.73,9.75
2023-03-03,33,Chennai,Bangalore,54.73,0.0
2023-03-04,33,Chennai,Bangalore,54.73,0.0
2023-03-05,33,Chennai,Bangalore,53.08,-3.02
2023-03-06,33,Chennai,Bangalore,49.87,-6.05
2023-01-16,34,Chennai,Hyderabad,107.44,
2023-01-17,34,Chennai,Hyderabad,107.27,-0.16
2023-01-18,34,Chennai,Hyderabad,99.42,-7.32
2023-01-19,34,Chennai,Hyderabad,98.84,-0.58
2023-01-20,34,Chennai,Hyderabad,100.0,1.17
2023-01-21,34,Chennai,Hyderabad,85.04,-14.96
2023-01-22,34,Chennai,Hyderabad,101.96,19.89
2023-01-23,34,Chennai,Hyderabad,81.52,-20.05
2023-01-24,34,Chennai,Hyderabad,78.01,-4.3
2023-01-25,34,Chennai,Hyderabad,92.22,18.22
2023-01-26,34,Chennai,Hyderabad,83.11,-9.88
2023-01-27,34,Chennai,Hyderabad,81.52,-1.92
2023-01-28,34,Chennai,Hyderabad,86.1,5.62
2023-01-29,34,Chennai,Hyderabad,100.01,16.16
2023-01-31,34,Chennai,Hyderabad,66.1,-33.9
2023-02-02,34,Chennai,Hyderabad,65.46,-0.97
2023-02-03,34,Chennai,Hyderabad,72.76,11.14
2023-02-04,34,Chennai,Hyderabad,71.59,-1.61
2023-02-05,34,Chennai,Hyderabad,75.31,5.19
2023-02-06,34,Chennai,Hyderabad,66.87,-11.2
2023-02-07,34,Chennai,Hyderabad,66.18,-1.03
2023-02-08,34,Chennai,Hyderabad,65.9,-0.43
2023-02-09,34,Chennai,Hyderabad,68.05,3.26
2023-02-12,34,Chennai,Hyderabad,68.05,0.0
2023-02-13,34,Chennai,Hyderabad,64.15,-5.72
2023-02-14,34,Chennai,Hyderabad,60.09,-6.34
2023-02-15,34,Chennai,Hyderabad,61.23,1.91
2023-02-16,34,Chennai,Hyderabad,64.15,4.77
2023-02-17,34,Chennai,Hyderabad,65.85,2.64
2023-02-18,34,Chennai,Hyderabad,63.24,-3.97
2023-02-19,34,Chennai,Hyderabad,63.8,0.89
2023-02-20,34,Chennai,Hyderabad,63.48,-0.51
2023-02-21,34,Chennai,Hyderabad,58.94,-7.16
2023-02-22,34,Chennai,Hyderabad,58.94,0.0
2023-02-23,34,Chennai,Hyderabad,61.23,3.9
2023-02-24,34,Chennai,Hyderabad,61.23,0.0
2023-02-25,34,Chennai,Hyderabad,61.52,0.47
2023-02-26,34,Chennai,Hyderabad,58.94,-4.2
2023-02-27,34,Chennai,Hyderabad,61.23,3.9
2023-02-28,34,Chennai,Hyderabad,61.23,0.0
2023-03-01,34,Chennai,Hyderabad,61.23,0.0
2023-03-02,34,Chennai,Hyderabad,61.23,0.0
2023-03-03,34,Chennai,Hyderabad,61.23,0.0
2023-03-04,34,Chennai,Hyderabad,61.23,0.0
2023-03-05,34,Chennai,Hyderabad,61.23,0.0
2023-03-06,34,Chennai,Hyderabad,61.23,0.0
2023-01-16,35,Chennai,Kolkata,96.21,
2023-01-17,35,Chennai,Kolkata,97.81,1.66
2023-01-18,35,Chennai,Kolkata,99.14,1.36
2023-01-19,35,Chennai,Kolkata,100.12,0.99
2023-01-20,35,Chennai,Kolkata,109.27,9.14
2023-01-21,35,Chennai,Kolkata,100.0,-8.48
2023-01-22,35,Chennai,Kolkata,108.88,8.88
2023-01-23,35,Chennai,Kolkata,97.81,-10.17
2023-01-24,35,Chennai,Kolkata,97.81,0.0
2023-01-25,35,Chennai,Kolkata,107.56,9.97
2023-01-26,35,Chennai,Kolkata,97.81,-9.07
2023-01-27,35,Chennai,Kolkata,91.54,-6.4
2023-01-28,35,Chennai,Kolkata,102.43,11.89
2023-01-29,35,Chennai,Kolkata,108.22,5.66
2023-01-30,35,Chennai,Kolkata,94.19,-12.97
2023-01-31,35,Chennai,Kolkata,82.06,-12.88
2023-02-01,35,Chennai,Kolkata,87.89,7.11
2023-02-02,35,Chennai,Kolkata,86.88,-1.15
2023-02-03,35,Chennai,Kolkata,87.89,1.17
2023-02-05,35,Chennai,Kolkata,87.89,0.0
2023-02-06,35,Chennai,Kolkata,74.84,-14.86
2023-02-07,35,Chennai,Kolkata,82.06,9.65
2023-02-08,35,Chennai,Kolkata,82.06,0.0
2023-02-09,35,Chennai,Kolkata,82.06,0.0
2023-02-11,35,Chennai,Kolkata,82.45,0.47
2023-02-12,35,Chennai,Kolkata,87.89,6.61
2023-02-13,35,Chennai,Kolkata,76.77,-12.65
2023-02-14,35,Chennai,Kolkata,72.9,-5.04
2023-02-15,35,Chennai,Kolkata,71.95,-1.3
2023-02-16,35,Chennai,Kolkata,79.64,10.68
2023-02-17,35,Chennai,Kolkata,82.06,3.04
2023-02-18,35,Chennai,Kolkata,79.64,-2.95
2023-02-19,35,Chennai,Kolkata,78.29,-1.69
2023-02-20,35,Chennai,Kolkata,71.95,-8.1
2023-02-21,35,Chennai,Kolkata,68.22,-5.19
2023-02-22,35,Chennai,Kolkata,71.95,5.47
2023-02-23,35,Chennai,Kolkata,71.95,0.0
2023-02-24,35,Chennai,Kolkata,68.22,-5.19
2023-02-25,35,Chennai,Kolkata,71.95,5.47
2023-02-26,35,Chennai,Kolkata,76.23,5.94
2023-02-27,35,Chennai,Kolkata,70.09,-8.06
2023-03-01,35,Chennai,Kolkata,73.12,4.33
2023-03-02,35,Chennai,Kolkata,67.41,-7.81
2023-03-03,35,Chennai,Kolkata,80.57,19.52
2023-03-04,35,Chennai,Kolkata,79.34,-1.53
2023-03-05,35,Chennai,Kolkata,79.04,-0.38
2023-03-06,35,Chennai,Kolkata,76.39,-3.35
2023-01-16,36,Chennai,Ahmedabad,94.58,
2023-01-17,36,Chennai,Ahmedabad,102.65,8.53
2023-01-18,36,Chennai,Ahmedabad,97.35,-5.16
2023-01-21,36,Chennai,Ahmedabad,113.45,16.54
2023-01-23,36,Chennai,Ahmedabad,95.77,-15.59
2023-01-26,36,Chennai,Ahmedabad,97.77,2.1
2023-01-27,36,Chennai,Ahmedabad,84.54,-13.53
2023-01-28,36,Chennai,Ahmedabad,97.0,14.74
2023-01-29,36,Chennai,Ahmedabad,109.03,12.4
2023-01-31,36,Chennai,Ahmedabad,80.59,-26.08
2023-02-01,36,Chennai,Ahmedabad,85.78,6.44
2023-02-02,36,Chennai,Ahmedabad,87.71,2.24
2023-02-03,36,Chennai,Ahmedabad,89.85,2.44
2023-02-04,36,Chennai,Ahmedabad,89.72,-0.15
2023-02-05,36,Chennai,Ahmedabad,96.06,7.07
2023-02-07,36,Chennai,Ahmedabad,83.52,-13.06
2023-02-09,36,Chennai,Ahmedabad,84.39,1.05
2023-02-10,36,Chennai,Ahmedabad,83.99,-0.47
2023-02-11,36,Chennai,Ahmedabad,84.54,0.65
2023-02-12,36,Chennai,Ahmedabad,87.09,3.02
2023-02-13,36,Chennai,Ahmedabad,71.85,-17.5
2023-02-14,36,Chennai,Ahmedabad,62.93,-12.42
2023-02-15,36,Chennai,Ahmedabad,63.68,1.19
2023-02-16,36,Chennai,Ahmedabad,67.4,5.85
2023-02-17,36,Chennai,Ahmedabad,76.32,13.23
2023-02-18,36,Chennai,Ahmedabad,85.22,11.66
2023-02-19,36,Chennai,Ahmedabad,86.44,1.43
2023-02-20,36,Chennai,Ahmedabad,73.95,-14.45
2023-02-21,36,Chennai,Ahmedabad,76.32,3.21
2023-02-22,36,Chennai,Ahmedabad,66.18,-13.28
2023-02-23,36,Chennai,Ahmedabad,76.32,15.32
2023-02-24,36,Chennai,Ahmedabad,76.32,0.0
2023-02-25,36,Chennai,Ahmedabad,62.22,-18.48
2023-02-26,36,Chennai,Ahmedabad,76.32,22.67
2023-02-27,36,Chennai,Ahmedabad,71.25,-6.64
2023-02-28,36,Chennai,Ahmedabad,76.32,7.11
2023-03-01,36,Chennai,Ahmedabad,66.18,-13.28
2023-03-02,36,Chennai,Ahmedabad,66.18,0.0
2023-03-03,36,Chennai,Ahmedabad,77.94,17.77
2023-03-04,36,Chennai,Ahmedabad,86.66,11.19
2023-03-05,36,Chennai,Ahmedabad,80.59,-7.0
2023-03-06,36,Chennai,Ahmedabad,81.51,1.14
2023-01-16,37,Ahmedabad,Delhi,133.99,
2023-01-17,37,Ahmedabad,Delhi,105.15,-21.52
2023-01-18,37,Ahmedabad,Delhi,116.99,11.26
2023-01-19,37,Ahmedabad,Delhi,96.46,-17.55
2023-01-20,37,Ahmedabad,Delhi,100.0,3.67
2023-01-21,37,Ahmedabad,Delhi,89.61,-10.39
2023-01-22,37,Ahmedabad,Delhi,73.3,-18.2
2023-01-23,37,Ahmedabad,Delhi,71.1,-3.0
2023-01-24,37,Ahmedabad,Delhi,69.54,-2.19
2023-01-25,37,Ahmedabad,Delhi,88.17,26.78
2023-01-26,37,Ahmedabad,Delhi,80.88,-8.27
2023-01-27,37,Ahmedabad,Delhi,69.06,-14.62
2023-01-28,37,Ahmedabad,Delhi,71.67,3.79
2023-01-29,37,Ahmedabad,Delhi,107.08,49.4
2023-01-30,37,Ahmedabad,Delhi,69.9,-34.72
2023-01-31,37,Ahmedabad,Delhi,63.0,-9.87
2023-02-01,37,Ahmedabad,Delhi,64.28,2.04
2023-02-02,37,Ahmedabad,Delhi,61.97,-3.59
2023-02-03,37,Ahmedabad,Delhi,63.67,2.74
2023-02-04,37,Ahmedabad,Delhi,59.99,-5.79
2023-02-05,37,Ahmedabad,Delhi,59.14,-1.41
2023-02-06,37,Ahmedabad,Delhi,59.14,0.0
2023-02-07,37,Ahmedabad,Delhi,59.14,0.0
2023-02-08,37,Ahmedabad,Delhi,66.51,12.45
2023-02-09,37,Ahmedabad,Delhi,56.97,-14.33
2023-02-10,37,Ahmedabad,Delhi,55.95,-1.79
2023-02-11,37,Ahmedabad,Delhi,69.55,24.3
2023-02-12,37,Ahmedabad,Delhi,61.62,-11.4
2023-02-13,37,Ahmedabad,Delhi,55.95,-9.19
2023-02-14,37,Ahmedabad,Delhi,55.95,0.0
2023-02-15,37,Ahmedabad,Delhi,55.95,0.0
2023-02-16,37,Ahmedabad,Delhi,69.55,24.3
2023-02-17,37,Ahmedabad,Delhi,57.73,-17.0
2023-02-18,37,Ahmedabad,Delhi,55.95,-3.07
2023-02-19,37,Ahmedabad,Delhi,55.95,0.0
2023-02-20,37,Ahmedabad,Delhi,59.14,5.7
2023-02-21,37,Ahmedabad,Delhi,53.48,-9.58
2023-02-22,37,Ahmedabad,Delhi,51.67,-3.38
2023-02-23,37,Ahmedabad,Delhi,55.95,8.29
2023-02-24,37,Ahmedabad,Delhi,55.95,0.0
2023-02-25,37,Ahmedabad,Delhi,53.48,-4.42
2023-02-26,37,Ahmedabad,Delhi,55.95,4.63
2023-02-27,37,Ahmedabad,Delhi,53.48,-4.42
2023-02-28,37,Ahmedabad,Delhi,51.67,-3.38
2023-03-01,37,Ahmedabad,Delhi,51.67,0.0
2023-03-02,37,Ahmedabad,Delhi,51.67,0.0
2023-03-03,37,Ahmedabad,Delhi,54.5,5.48
2023-03-04,37,Ahmedabad,Delhi,51.67,-5.2
2023-03-06,37,Ahmedabad,Delhi,53.48,3.5
2023-01-16,38,Ahmedabad,Mumbai,140.54,
2023-01-19,38,Ahmedabad,Mumbai,102.0,-27.42
2023-01-20,38,Ahmedabad,Mumbai,82.54,-19.08
2023-01-22,38,Ahmedabad,Mumbai,98.0,18.72
2023-01-23,38,Ahmedabad,Mumbai,90.03,-8.13
2023-01-24,38,Ahmedabad,Mumbai,94.94,5.46
2023-01-25,38,Ahmedabad,Mumbai,94.75,-0.2
2023-01-26,38,Ahmedabad,Mumbai,102.0,7.66
2023-01-27,38,Ahmedabad,Mumbai,94.75,-7.11
2023-01-28,38,Ahmedabad,Mumbai,94.75,0.0
2023-01-29,38,Ahmedabad,Mumbai,103.24,8.96
2023-01-31,38,Ahmedabad,Mumbai,94.56,-8.41
2023-02-01,38,Ahmedabad,Mumbai,85.59,-9.49
2023-02-02,38,Ahmedabad,Mumbai,73.1,-14.59
2023-02-03,38,Ahmedabad,Mumbai,76.82,5.09
2023-02-04,38,Ahmedabad,Mumbai,85.59,11.42
2023-02-05,38,Ahmedabad,Mumbai,66.95,-21.78
2023-02-06,38,Ahmedabad,Mumbai,54.5,-18.6
2023-02-07,38,Ahmedabad,Mumbai,63.08,15.75
2023-02-09,38,Ahmedabad,Mumbai,52.92,-16.1
2023-02-10,38,Ahmedabad,Mumbai,53.92,1.89
2023-02-13,38,Ahmedabad,Mumbai,63.08,16.98
2023-02-17,38,Ahmedabad,Mumbai,53.35,-15.43
2023-02-18,38,Ahmedabad,Mumbai,63.08,18.24
2023-02-20,38,Ahmedabad,Mumbai,13.63,-78.4
2023-02-21,38,Ahmedabad,Mumbai,51.06,274.75
2023-02-22,38,Ahmedabad,Mumbai,51.06,0.0
2023-02-23,38,Ahmedabad,Mumbai,51.06,0.0
2023-02-24,38,Ahmedabad,Mumbai,51.06,0.0
2023-02-25,38,Ahmedabad,Mumbai,51.06,0.0
2023-02-26,38,Ahmedabad,Mumbai,51.06,0.0
2023-02-27,38,Ahmedabad,Mumbai,48.2,-5.6
2023-02-28,38,Ahmedabad,Mumbai,45.91,-4.75
2023-03-01,38,Ahmedabad,Mumbai,50.95,10.98
2023-03-02,38,Ahmedabad,Mumbai,44.19,-13.26
2023-03-03,38,Ahmedabad,Mumbai,50.84,15.04
2023-03-04,38,Ahmedabad,Mumbai,51.06,0.44
2023-03-05,38,Ahmedabad,Mumbai,51.06,0.0
2023-03-06,38,Ahmedabad,Mumbai,14.31,-71.98
2023-01-16,39,Ahmedabad,Bangalore,128.47,
2023-01-17,39,Ahmedabad,Bangalore,112.48,-12.45
2023-01-18,39,Ahmedabad,Bangalore,116.21,3.32
2023-01-19,39,Ahmedabad,Bangalore,100.0,-13.95
2023-01-20,39,Ahmedabad,Bangalore,97.0,-3.0
2023-01-21,39,Ahmedabad,Bangalore,78.07,-19.51
2023-01-22,39,Ahmedabad,Bangalore,83.01,6.33
2023-01-23,39,Ahmedabad,Bangalore,66.52,-19.86
2023-01-24,39,Ahmedabad,Bangalore,67.65,1.7
2023-01-25,39,Ahmedabad,Bangalore,109.27,61.51
2023-01-26,39,Ahmedabad,Bangalore,63.36,-42.01
2023-01-28,39,Ahmedabad,Bangalore,81.78,29.07
2023-01-29,39,Ahmedabad,Bangalore,121.44,48.5
2023-01-30,39,Ahmedabad,Bangalore,88.06,-27.49
2023-01-31,39,Ahmedabad,Bangalore,60.87,-30.88
2023-02-01,39,Ahmedabad,Bangalore,61.31,0.73
2023-02-02,39,Ahmedabad,Bangalore,50.89,-16.99
2023-02-03,39,Ahmedabad,Bangalore,60.5,18.88
2023-02-04,39,Ahmedabad,Bangalore,50.15,-17.11
2023-02-05,39,Ahmedabad,Bangalore,63.41,26.44
2023-02-06,39,Ahmedabad,Bangalore,50.15,-20.91
2023-02-07,39,Ahmedabad,Bangalore,47.54,-5.21
2023-02-08,39,Ahmedabad,Bangalore,63.0,32.53
2023-02-09,39,Ahmedabad,Bangalore,43.39,-31.13
2023-02-10,39,Ahmedabad,Bangalore,59.61,37.37
2023-02-11,39,Ahmedabad,Bangalore,67.76,13.68
2023-02-12,39,Ahmedabad,Bangalore,65.72,-3.01
2023-02-14,39,Ahmedabad,Bangalore,50.15,-23.69
2023-02-15,39,Ahmedabad,Bangalore,49.5,-1.3
2023-02-16,39,Ahmedabad,Bangalore,63.33,27.94
2023-02-17,39,Ahmedabad,Bangalore,50.62,-20.07
2023-02-18,39,Ahmedabad,Bangalore,44.79,-11.52
2023-02-19,39,Ahmedabad,Bangalore,50.15,11.97
2023-02-20,39,Ahmedabad,Bangalore,47.25,-5.79
2023-02-21,39,Ahmedabad,Bangalore,43.39,-8.16
2023-02-22,39,Ahmedabad,Bangalore,50.15,15.57
2023-02-23,39,Ahmedabad,Bangalore,60.03,19.71
2023-02-24,39,Ahmedabad,Bangalore,49.66,-17.28
2023-02-25,39,Ahmedabad,Bangalore,43.39,-12.62
2023-02-26,39,Ahmedabad,Bangalore,50.15,15.57
2023-02-27,39,Ahmedabad,Bangalore,41.97,-16.32
2023-02-28,39,Ahmedabad,Bangalore,43.39,3.4
2023-03-01,39,Ahmedabad,Bangalore,50.15,15.57
2023-03-02,39,Ahmedabad,Bangalore,43.39,-13.48
2023-03-03,39,Ahmedabad,Bangalore,45.91,5.8
2023-03-06,39,Ahmedabad,Bangalore,54.36,18.42
2023-01-16,40,Ahmedabad,Hyderabad,175.37,
2023-01-19,40,Ahmedabad,Hyderabad,108.17,-38.32
2023-01-21,40,Ahmedabad,Hyderabad,89.23,-17.51
2023-01-22,40,Ahmedabad,Hyderabad,91.83,2.91
2023-01-23,40,Ahmedabad,Hyderabad,78.81,-14.17
2023-01-24,40,Ahmedabad,Hyderabad,80.25,1.82
2023-01-25,40,Ahmedabad,Hyderabad,102.58,27.83
2023-01-26,40,Ahmedabad,Hyderabad,86.83,-15.36
2023-01-27,40,Ahmedabad,Hyderabad,78.04,-10.12
2023-01-28,40,Ahmedabad,Hyderabad,91.9,17.76
2023-01-29,40,Ahmedabad,Hyderabad,119.71,30.27
2023-01-30,40,Ahmedabad,Hyderabad,89.19,-25.5
2023-01-31,40,Ahmedabad,Hyderabad,77.03,-13.64
2023-02-02,40,Ahmedabad,Hyderabad,70.96,-7.87
2023-02-04,40,Ahmedabad,Hyderabad,70.82,-0.2
2023-02-05,40,Ahmedabad,Hyderabad,70.1,-1.02
2023-02-06,40,Ahmedabad,Hyderabad,71.63,2.17
2023-02-07,40,Ahmedabad,Hyderabad,72.13,0.7
2023-02-08,40,Ahmedabad,Hyderabad,68.15,-5.51
2023-02-10,40,Ahmedabad,Hyderabad,66.52,-2.4
2023-02-11,40,Ahmedabad,Hyderabad,76.6,15.16
2023-02-12,40,Ahmedabad,Hyderabad,73.54,-3.99
2023-02-13,40,Ahmedabad,Hyderabad,41.43,-43.67
2023-02-14,40,Ahmedabad,Hyderabad,62.48,50.81
2023-02-15,40,Ahmedabad,Hyderabad,61.27,-1.93
2023-02-16,40,Ahmedabad,Hyderabad,72.85,18.9
2023-02-17,40,Ahmedabad,Hyderabad,64.51,-11.45
2023-02-18,40,Ahmedabad,Hyderabad,63.17,-2.07
2023-02-19,40,Ahmedabad,Hyderabad,65.7,4.0
2023-02-20,40,Ahmedabad,Hyderabad,71.48,8.8
2023-02-21,40,Ahmedabad,Hyderabad,65.52,-8.34
2023-02-22,40,Ahmedabad,Hyderabad,63.69,-2.79
2023-02-23,40,Ahmedabad,Hyderabad,68.98,8.31
2023-02-24,40,Ahmedabad,Hyderabad,59.89,-13.18
2023-02-25,40,Ahmedabad,Hyderabad,60.81,1.53
2023-02-26,40,Ahmedabad,Hyderabad,63.71,4.78
2023-02-27,40,Ahmedabad,Hyderabad,60.81,-4.56
2023-02-28,40,Ahmedabad,Hyderabad,58.37,-4.01
2023-03-01,40,Ahmedabad,Hyderabad,58.95,0.99
2023-03-02,40,Ahmedabad,Hyderabad,59.31,0.61
2023-03-03,40,Ahmedabad,Hyderabad,66.4,11.96
2023-03-04,40,Ahmedabad,Hyderabad,71.75,8.05
2023-03-05,40,Ahmedabad,Hyderabad,70.53,-1.7
2023-03-06,40,Ahmedabad,Hyderabad,66.4,-5.85
2023-01-16,41,Ahmedabad,Kolkata,137.09,
2023-01-17,41,Ahmedabad,Kolkata,111.53,-18.65
2023-01-18,41,Ahmedabad,Kolkata,102.17,-8.39
2023-01-19,41,Ahmedabad,Kolkata,97.83,-4.25
2023-01-20,41,Ahmedabad,Kolkata,95.87,-2.01
2023-01-22,41,Ahmedabad,Kolkata,89.47,-6.68
2023-01-23,41,Ahmedabad,Kolkata,89.72,0.28
2023-01-25,41,Ahmedabad,Kolkata,106.67,18.9
2023-01-26,41,Ahmedabad,Kolkata,82.59,-22.57
2023-01-30,41,Ahmedabad,Kolkata,77.7,-5.92
2023-02-02,41,Ahmedabad,Kolkata,74.39,-4.26
2023-02-03,41,Ahmedabad,Kolkata,74.9,0.69
2023-02-04,41,Ahmedabad,Kolkata,78.87,5.3
2023-02-05,41,Ahmedabad,Kolkata,66.1,-16.19
2023-02-08,41,Ahmedabad,Kolkata,68.35,3.4
2023-02-09,41,Ahmedabad,Kolkata,60.93,-10.86
2023-02-10,41,Ahmedabad,Kolkata,61.75,1.35
2023-02-11,41,Ahmedabad,Kolkata,73.88,19.65
2023-02-12,41,Ahmedabad,Kolkata,66.19,-10.41
2023-02-13,41,Ahmedabad,Kolkata,64.25,-2.94
2023-02-14,41,Ahmedabad,Kolkata,60.77,-5.42
2023-02-15,41,Ahmedabad,Kolkata,60.77,0.0
2023-02-16,41,Ahmedabad,Kolkata,60.77,0.0
2023-02-17,41,Ahmedabad,Kolkata,61.75,1.61
2023-02-18,41,Ahmedabad,Kolkata,63.57,2.95
2023-02-19,41,Ahmedabad,Kolkata,60.77,-4.41
2023-02-20,41,Ahmedabad,Kolkata,60.77,0.0
2023-02-22,41,Ahmedabad,Kolkata,60.77,0.0
2023-02-23,41,Ahmedabad,Kolkata,61.75,1.61
2023-02-26,41,Ahmedabad,Kolkata,60.77,-1.59
2023-02-28,41,Ahmedabad,Kolkata,53.06,-12.69
2023-03-01,41,Ahmedabad,Kolkata,54.23,2.2
2023-03-02,41,Ahmedabad,Kolkata,56.56,4.3
2023-03-03,41,Ahmedabad,Kolkata,60.77,7.45
2023-03-06,41,Ahmedabad,Kolkata,59.14,-2.69
2023-01-16,42,Ahmedabad,Chennai,119.83,
2023-01-17,42,Ahmedabad,Chennai,129.84,8.35
2023-01-18,42,Ahmedabad,Chennai,116.41,-10.34
2023-01-19,42,Ahmedabad,Chennai,100.0,-14.1
2023-01-20,42,Ahmedabad,Chennai,96.3,-3.7
2023-01-21,42,Ahmedabad,Chennai,93.22,-3.2
2023-01-22,42,Ahmedabad,Chennai,94.61,1.5
2023-01-23,42,Ahmedabad,Chennai,76.25,-19.41
2023-01-24,42,Ahmedabad,Chennai,74.29,-2.57
2023-01-25,42,Ahmedabad,Chennai,107.63,44.88
2023-01-26,42,Ahmedabad,Chennai,87.33,-18.86
2023-01-27,42,Ahmedabad,Chennai,85.32,-2.29
2023-01-28,42,Ahmedabad,Chennai,84.82,-0.59
2023-01-29,42,Ahmedabad,Chennai,114.74,35.27
2023-01-30,42,Ahmedabad,Chennai,73.82,-35.66
2023-01-31,42,Ahmedabad,Chennai,72.08,-2.36
2023-02-01,42,Ahmedabad,Chennai,92.22,27.94
2023-02-02,42,Ahmedabad,Chennai,76.25,-17.32
2023-02-03,42,Ahmedabad,Chennai,73.18,-4.03
2023-02-04,42,Ahmedabad,Chennai,74.35,1.61
2023-02-05,42,Ahmedabad,Chennai,66.24,-10.91
2023-02-06,42,Ahmedabad,Chennai,68.46,3.35
2023-02-07,42,Ahmedabad,Chennai,70.09,2.39
2023-02-08,42,Ahmedabad,Chennai,68.96,-1.61
2023-02-09,42,Ahmedabad,Chennai,62.67,-9.13
2023-02-10,42,Ahmedabad,Chennai,70.18,11.98
2023-02-11,42,Ahmedabad,Chennai,66.75,-4.89
2023-02-12,42,Ahmedabad,Chennai,71.24,6.74
2023-02-13,42,Ahmedabad,Chennai,62.67,-12.04
2023-02-14,42,Ahmedabad,Chennai,59.68,-4.78
2023-02-15,42,Ahmedabad,Chennai,63.89,7.07
2023-02-16,42,Ahmedabad,Chennai,63.89,0.0
2023-02-17,42,Ahmedabad,Chennai,38.89,-39.14
2023-02-18,42,Ahmedabad,Chennai,63.99,64.57
2023-02-20,42,Ahmedabad,Chennai,66.75,4.3
2023-02-21,42,Ahmedabad,Chennai,59.6,-10.71
2023-02-22,42,Ahmedabad,Chennai,63.62,6.74
2023-02-23,42,Ahmedabad,Chennai,68.47,7.64
2023-02-24,42,Ahmedabad,Chennai,56.74,-17.13
2023-02-25,42,Ahmedabad,Chennai,48.49,-14.54
2023-02-26,42,Ahmedabad,Chennai,54.46,12.29
2023-02-27,42,Ahmedabad,Chennai,53.27,-2.17
2023-02-28,42,Ahmedabad,Chennai,48.49,-8.97
2023-03-01,42,Ahmedabad,Chennai,46.04,-5.07
2023-03-02,42,Ahmedabad,Chennai,59.68,29.62
2023-03-03,42,Ahmedabad,Chennai,53.78,-9.88
2023-03-04,42,Ahmedabad,Chennai,69.54,29.29
2023-03-05,42,Ahmedabad,Chennai,67.39,-3.08
2023-03-06,42,Ahmedabad,Chennai,60.51,-10.21
