observation_date,airfare_index,available_cells,coverage_percent,quality_status,week,month
2026-08-01,100.0,1,8.333333333333332,Low coverage,2026-07-27/2026-08-02,2026-08
2026-08-02,97.89977126221669,1,8.333333333333332,Low coverage,2026-07-27/2026-08-02,2026-08
2026-08-03,100.70007624592776,5,41.66666666666667,Low coverage,2026-08-03/2026-08-09,2026-08
2026-08-04,100.0,3,25.0,Low coverage,2026-08-03/2026-08-09,2026-08
2026-08-05,100.0,1,8.333333333333332,Low coverage,2026-08-03/2026-08-09,2026-08
2026-08-06,100.0,1,8.333333333333332,Low coverage,2026-08-03/2026-08-09,2026-08
2026-08-07,100.0,1,8.333333333333332,Low coverage,2026-08-03/2026-08-09,2026-08
2026-08-09,104.44261643216852,2,16.666666666666664,Low coverage,2026-08-03/2026-08-09,2026-08
2026-08-11,108.48917322834646,1,8.333333333333332,Low coverage,2026-08-10/2026-08-16,2026-08
2026-08-12,97.65953864286917,1,8.333333333333332,Low coverage,2026-08-10/2026-08-16,2026-08
2026-08-13,116.97834645669292,1,8.333333333333332,Low coverage,2026-08-10/2026-08-16,2026-08
2026-08-17,102.97359118319818,1,8.333333333333332,Low coverage,2026-08-17/2026-08-23,2026-08
2026-08-20,106.10236220472441,1,8.333333333333332,Low coverage,2026-08-17/2026-08-23,2026-08
2026-08-21,113.83058470764618,1,8.333333333333332,Low coverage,2026-08-17/2026-08-23,2026-08
