observation_date,route,route_airfare_index
2026-08-01,BLR-MAA,100.0
2026-08-02,DEL-BOM,97.89977126221669
2026-08-03,AMD-BLR,100.0
2026-08-03,DEL-BLR,100.0
2026-08-03,DEL-BOM,102.10022873778333
2026-08-03,DEL-CCU,100.0
2026-08-03,DEL-MAA,100.0
2026-08-04,AMD-BOM,100.0
2026-08-04,BOM-BLR,100.0
2026-08-04,DEL-MAA,100.0
2026-08-05,AMD-DEL,100.0
2026-08-06,BLR-MAA,100.0
2026-08-07,AMD-BOM,100.0
2026-08-09,AMD-BLR,97.94070512820511
2026-08-09,AMD-DEL,110.94452773613193
2026-08-11,AMD-BOM,108.48917322834646
2026-08-12,DEL-MAA,97.65953864286917
2026-08-13,AMD-BOM,116.97834645669292
2026-08-17,DEL-BOM,102.97359118319818
2026-08-20,AMD-BOM,106.10236220472441
2026-08-21,AMD-DEL,113.83058470764618
